Date,Open,High,Low,Close,Volume,Daily Return,7-Day Moving Average,30-Day Moving Average,Rolling Volatility (30d),Close_Log,Year,Month,Day,Day_of_Week,Number_of_Days,Price Change,High-Low Spread,Intraday Volatility %,Lag_1_Daily_Return,RSI_14,MACD,Volume_Change,Volume_Price_Ratio,Close_trend,Close_seasonal,Close_resid,SP500_Close,VIX,Return_lag_1,Volume_lag_1,Return_lag_3,Volume_lag_3,Return_lag_5,Volume_lag_5,Return_lag_7,Volume_lag_7,Volatility_diff,Volume_diff,SMA_7_Squared,SMA_30_Squared,RSI_Squared,MACD_Squared,Volatility_Squared,RSI_x_Volume,MACD_x_Price,SMA30_x_Volatility,VolumePriceRatio_x_Return,SP500_Return,SP500_Lag1,VIX_Lag1,Bollinger_Width
2010-01-04,136.28,136.61,133.14,133.9,7595995,-0.46089800773119194,137.29142857142858,134.26233333333334,1.912612982412241,4.897093252697127,2010,1,4,0,784,-2.3799999999999955,3.4700000000000273,2.546228353390099,-1.4433291816250304,49.52271859488354,2.047087619440049,0.6797988574441167,56728.86482449589,134.6726110254864,-0.38977226234538287,-0.3828387631409953,1116.56005859375,21.68000030517578,-1.4433291816250304,4521967.0,0.07178235589690996,8399158.0,-0.3382755146106198,5128777.0,0.7229460049702707,8204743.0,0.002718092444807585,3074028.0,18848.936359183677,18026.374152111115,2452.499657028024,4.190567721664727,3.658088420491848,376174322.8331424,274.10503224302255,256.79188178229316,-26146.220778462248,,,,7.650451929648966
2010-01-05,133.25,135.48,131.81,134.69,8851066,0.5899925317401022,136.68428571428572,134.4523333333333,1.8826907849813115,4.902975841610724,2010,1,5,1,785,1.4399999999999977,3.6699999999999875,2.7542213883677205,-0.46089800773119194,56.836018174308144,1.857991591584124,0.1652279918562347,65714.35147375455,133.68703708141845,0.6892296650124076,0.31373325356912574,1132.6600341796875,20.049999237060547,-0.46089800773119194,7595995.0,-2.094541281113249,6911762.0,0.606629594858088,8763416.0,3.8803738317757075,9544690.0,-0.02992219743092961,1255071.0,18682.59396122449,18077.429938777772,3230.3329619102856,3.4521327543973066,3.5445245918535466,503059348.0380009,250.25288747046568,253.13216898590224,38770.97659765936,0.014419265190458885,,21.68000030517578,7.530763139925227
2010-01-06,134.63,134.73,131.65,132.25,7178209,-1.8115673026950718,135.79571428571427,134.53866666666667,1.9152190516422671,4.8846940707384086,2010,1,6,2,786,-2.3799999999999955,3.079999999999984,2.287751615538873,0.5899925317401022,53.96078431372551,1.4940218650122858,-0.18900062433157772,54277.57277882798,132.7224329752405,0.36591377064517594,-0.8383467458856728,1135.7099609375,19.59000015258789,0.5899925317401022,8851066.0,-1.4433291816250304,4521967.0,0.07178235589690996,8399158.0,-0.3382755146106198,5128777.0,0.03252826666095565,-1672857.0,18440.476018367342,18100.652828444447,2911.7662437524054,2.2321013331347888,3.668064015773505,387341787.6078433,197.5843916478748,257.6710175825484,-98327.47611577685,0.0026927115513715183,0.014419265190458885,20.049999237060547,7.660876206569071
2010-01-07,131.96,132.32,128.8,130.0,11014197,-1.7013232514177745,134.46571428571428,134.43866666666665,1.882200785622279,4.867534450455582,2010,1,7,3,787,-1.960000000000008,3.519999999999982,2.667474992421932,-1.8115673026950718,53.168469860896415,1.0123473286381852,0.5343934677856272,84724.5923076923,131.83042802610277,0.40640738786184205,-2.2368354139645987,1136.27001953125,19.68000030517578,-1.8115673026950718,7178209.0,-0.46089800773119194,7595995.0,-2.094541281113249,6911762.0,0.606629594858088,8763416.0,-0.03301826601998803,3835988.0,18081.028318367345,18073.755095111108,2826.8861873490505,1.0248471138008697,3.5426797973971245,585608001.2364757,131.60515272296408,253.04056401801168,-144143.91885996846,0.0004931352308363834,0.0026927115513715183,19.59000015258789,7.528803142489096
2010-01-08,130.7,133.68,129.03,133.52,9826568,2.707692307692322,133.62428571428572,134.458,1.9488246504738407,4.89425127935358,2010,1,8,4,788,2.8200000000000216,4.650000000000006,3.5577658760520325,-1.7013232514177745,61.82468694096604,0.90422799297599,-0.10782710714180976,73596.22528460155,130.9973044373263,1.6370265946783578,0.8856689679953433,1140.52001953125,19.270000457763672,-1.7013232514177745,11014197.0,0.5899925317401022,8851066.0,-1.4433291816250304,4521967.0,0.07178235589690996,8399158.0,0.06662386485156158,-1187629.0,17855.44973265306,18078.953763999998,3822.2919153484568,0.817628263281387,3.7979175182944873,607524490.3041148,120.7325216221542,262.03506485341165,199275.93307830679,0.0037403081371039093,0.0004931352308363834,19.68000030517578,7.795298601895354
2010-01-11,132.73,132.8,129.21,130.31,8777511,-2.4041342121030596,132.74142857142857,134.334,1.9923287757320671,4.869916227156815,2010,1,11,0,791,-2.4199999999999875,3.5900000000000034,2.7047389437203373,2.707692307692322,53.09226089895237,0.5531461431782532,-0.10675721167349572,67358.69081421226,130.20283606706414,0.06136671963906866,0.04579721329679387,1145.9599609375,16.93000030517578,2.707692307692322,9826568.0,-1.8115673026950718,7178209.0,-0.46089800773119194,7595995.0,-2.094541281113249,6911762.0,0.043504125258226445,-1049057.0,17620.286859183674,18045.623556000002,2818.7881673624265,0.30597065571297655,3.9693739506100374,466017904.0554243,72.08047391755817,267.6374937591915,-161939.33306891978,0.004769702690958333,0.0037403081371039093,19.270000457763672,7.969315102928249
2010-01-12,129.06,129.82,126.55,127.35,9091795,-2.2715064077967972,131.71714285714285,134.18766666666667,2.0108127571678756,4.8469392014254655,2010,1,12,1,792,-1.710000000000008,3.269999999999996,2.533705253370522,-2.4041342121030596,40.36827195467423,0.03565299996716931,0.035805594547246855,71392.18688653318,129.41884274885277,-1.7607331339039956,-0.3081096149487905,1143.81005859375,17.950000762939453,-2.4041342121030596,8777511.0,-1.7013232514177745,11014197.0,0.5899925317401022,8851066.0,-1.4433291816250304,4521967.0,0.018483981435808428,314284.0,17349.405722448977,18006.329885444447,1629.5973806065379,0.0012711364066589747,4.0433679443890735,367020053.1161474,4.540409545819011,269.82627198792386,-162167.8099793866,-0.001876071081917341,0.004769702690958333,16.93000030517578,8.043251028671477
2010-01-13,128.07,129.71,125.75,129.11,10723052,1.382018060463297,131.03285714285715,133.961,1.9361257688917224,4.860664754186628,2010,1,13,2,793,1.0400000000000205,3.960000000000008,3.092059030217856,-2.2715064077967972,42.011019283746585,-0.22979778744854684,0.1794207854444585,83053.61319804817,128.66274088129765,-0.8861046483584768,1.3333637670608312,1137.31005859375,17.940000534057617,-2.2715064077967972,9091795.0,2.707692307692322,9826568.0,-1.8115673026950718,7178209.0,-0.46089800773119194,7595995.0,-0.07468698827615317,1631257.0,17169.60965102041,17945.549521000004,1764.9257412593274,0.05280702311624751,3.748582992966563,450486344.3526174,-29.669192337481885,259.36534412650406,114781.59342643543,-0.005682761706075068,-0.001876071081917341,17.950000762939453,7.744503075566911
2010-01-14,129.18,130.38,126.4,127.35,9704287,-1.3631786848423921,129.9842857142857,133.58933333333334,1.9080551211459331,4.8469392014254655,2010,1,14,3,794,-1.8300000000000125,3.9799999999999898,3.080972286731684,1.382018060463297,27.372120265521303,-0.5755521332876583,-0.09500699987279737,76201.70396544955,127.89821853263008,-0.6606830162004721,0.11246448357037764,1145.6800537109375,18.15999984741211,1.382018060463297,10723052.0,-2.4041342121030596,8777511.0,-1.7013232514177745,11014197.0,0.5899925317401022,8851066.0,-0.028070647745789268,-1018765.0,16895.91453265306,17846.109980444446,749.232967830162,0.3312602581319744,3.6406743453312216,265626910.85513493,-73.29656417418329,254.8958115971378,-103876.53859437081,0.00735946636006779,-0.005682761706075068,17.940000534057617,7.6322204845837405
2010-01-15,129.35,129.65,127.06,127.14,15358332,-0.16489988221436436,129.25428571428571,133.08566666666667,1.8241307017994257,4.845288841508263,2010,1,15,4,795,-2.2099999999999937,2.5900000000000034,2.002319288751452,-1.3631786848423921,27.652859960552306,-0.8566354283662747,0.5826337370277692,120798.58423784804,127.04670235570036,0.1894437689024572,-0.09614612460282501,1147.719970703125,17.6299991607666,-1.3631786848423921,9704287.0,-2.2715064077967972,9091795.0,2.707692307692322,9826568.0,-1.8115673026950718,7178209.0,-0.0839244193465074,5654045.0,16706.670375510203,17711.79467211111,764.6806639979169,0.733824257132271,3.3274528172472655,424701804.0236692,-108.91262836248816,242.7656505361111,-19919.672312483115,0.001780529376923301,0.00735946636006779,18.15999984741211,7.296522807197675
2010-01-19,126.2,128.0,124.33,127.61,8888949,0.3696712285669257,128.91285714285715,132.63366666666667,1.8272022417229323,4.848978737745885,2010,1,19,1,799,1.4099999999999966,3.6700000000000017,2.908082408874803,-0.16489988221436436,26.581265012009638,-1.0296022786031926,-0.421229531956986,69657.15069351932,126.11801803416684,1.08250032119112,0.4094816446420424,1136.030029296875,18.6299991607666,-0.16489988221436436,15358332.0,1.382018060463297,10723052.0,-2.4041342121030596,8777511.0,-1.7013232514177745,11014197.0,0.0030715399235066165,-6469383.0,16618.524736734696,17591.689533444445,706.5636496386877,1.0600808521048863,3.338668032157309,236279509.04723805,-131.3875467725534,242.3485330612655,25750.244475344767,-0.01018536028356154,0.001780529376923301,17.6299991607666,7.308808966891718
2010-01-20,127.18,129.2,125.08,125.78,9065301,-1.434056892093094,127.80714285714285,132.24033333333333,1.7915477672967408,4.834534349115358,2010,1,20,2,800,-1.4000000000000057,4.11999999999999,3.239503066519885,0.3696712285669257,24.48521153126174,-1.299367163790464,0.019839465835612247,72072.67451105104,125.23100005332519,2.1415511996521426,-1.59255125297733,1147.949951171875,18.51000022888184,0.3696712285669257,8888949.0,-1.3631786848423921,9704287.0,-2.2715064077967972,9091795.0,2.707692307692322,9826568.0,-0.03565447442619152,176352.0,16334.665765306121,17487.505760111108,599.5255837306329,1.6883550263368745,3.209643402505937,221965812.57955858,-163.43440186156457,236.9148739299101,-103356.31561415501,0.010492611610256164,-0.01018536028356154,18.6299991607666,7.166191069186937
2010-01-21,127.27,128.15,125.0,126.62,9968973,0.6678327238034631,127.28,131.98733333333334,1.7515163383757508,4.84119047511598,2010,1,21,3,801,-0.6499999999999915,3.1500000000000057,2.4750530368507944,-1.434056892093094,29.96345919610235,-1.428905268552171,0.0996847208934375,78731.42473542884,124.47242748771804,0.21287138531181662,1.934701126970154,1138.6800537109375,18.59000015258789,-1.434056892093094,9065301.0,-0.16489988221436436,15358332.0,1.382018060463297,10723052.0,-2.4041342121030596,8777511.0,-0.040031428920989987,903672.0,16200.198400000001,17420.656160444447,897.8088869964904,2.041770266496152,3.067809483597198,298704915.71254605,-180.9279851040759,231.1779707919797,52579.421829988794,-0.008075175621963693,0.010492611610256164,18.51000022888184,7.006065353503004
2010-01-22,125.6,127.67,120.76,121.43,11545055,-4.098878534196803,126.4342857142857,131.56466666666668,1.891724586183321,4.799337965065727,2010,1,22,4,802,-4.1699999999999875,6.909999999999997,5.501592356687896,0.6678327238034631,26.499102333931816,-1.9281285099631305,0.15809873293868892,95075.80499052952,123.86731412270605,-1.529614247142527,-0.9076998755635088,1115.489990234375,22.270000457763672,0.6678327238034631,9968973.0,0.3696712285669257,8888949.0,-1.3631786848423921,9704287.0,-2.2715064077967972,9091795.0,0.14020824780757013,1576082.0,15985.62860408163,17309.261515111117,702.2024245041906,3.7176795509326417,3.578621909970457,305933593.89587116,-234.13264496482296,248.8841146063466,-389704.1761971628,-0.020365741369567814,-0.008075175621963693,18.59000015258789,7.566898344733275
2010-01-25,122.03,122.28,118.12,120.31,12021072,-0.9223420900930646,125.17714285714285,131.198,1.8658146581010906,4.7900717450454335,2010,1,25,0,805,-1.7199999999999989,4.159999999999997,3.408997787429318,-4.098878534196803,26.031746031746067,-2.386629585029141,0.041231245758465374,99917.479843737,123.31737958289827,-0.4882812590577444,-2.519098323840524,1092.4000244140625,27.31999969482422,-4.098878534196803,11545055.0,-1.434056892093094,9065301.0,-0.16489988221436436,15358332.0,1.382018060463297,10723052.0,-0.02590992808223036,476017.0,15669.317093877551,17212.915204,677.6518014613271,5.696000776136369,3.48126433838489,312929493.33333373,-287.1354053748559,244.7911515135469,-92158.09719590403,-0.020699393111955344,-0.020365741369567814,22.270000457763672,7.4632586324043615
2010-01-26,120.05,122.98,119.06,119.48,9555194,-0.6898844651317404,124.05285714285715,130.668,1.7544714652351212,4.783148993347909,2010,1,26,1,806,-0.5699999999999932,3.9200000000000017,3.2653061224489814,-0.9223420900930646,23.21239873194793,-2.7848668423027334,-0.20512962571058557,79973.16705724807,122.7273333459538,-1.5473847629638096,-1.6999485829899754,1095.800048828125,26.030000686645508,-0.9223420900930646,12021072.0,0.6678327238034631,9968973.0,0.3696712285669257,8888949.0,-1.3631786848423921,9704287.0,-0.11134319286596939,-2465878.0,15389.111365306124,17074.126224000003,538.8154548909378,7.755483329357197,3.078170122324273,221798973.08911645,-332.7358903183306,229.25327741934282,-55172.245580180905,0.003112435314971851,-0.020699393111955344,27.31999969482422,7.0178858609404955
2010-01-27,120.99,123.33,118.8,122.75,14744661,2.736859725477059,123.42571428571429,130.28799999999998,1.84213786703633,4.81014976667463,2010,1,27,2,807,1.7600000000000051,4.530000000000001,3.7441110835606257,-0.6898844651317404,33.74401095140318,-2.804285014328457,0.5431043053652287,120119.43788187373,122.10404663419769,-0.0826741050067197,0.7286274708090303,1091.93994140625,24.809999465942383,-0.6898844651317404,9555194.0,-4.098878534196803,11545055.0,-1.434056892093094,9065301.0,-0.16489988221436436,15358332.0,0.08766640180120877,5189467.0,15233.906946938778,16974.962943999995,1138.658275088418,7.864014441587153,3.3934719211691595,497544002.25872743,-344.2259855088181,240.00845842042932,328750.05178584356,-0.00352263848318235,0.003112435314971851,26.030000686645508,7.368551468145313
2010-01-28,124.46,127.2,122.8,126.03,26818639,2.6720977596741413,123.2,130.10966666666667,1.8862904823535342,4.8365199738494,2010,1,28,3,808,1.5700000000000074,4.400000000000006,3.5352723766672067,2.736859725477059,43.43801652892564,-2.525888596236598,0.8188711832710158,212795.67563278583,121.49313516037958,1.1741593495508091,3.362705490069615,1096.9300537109375,22.790000915527344,2.736859725477059,14744661.0,-0.9223420900930646,12021072.0,0.6678327238034631,9968973.0,0.3696712285669257,8888949.0,0.04415261531720427,12073978.0,15178.240000000002,16928.52536011111,1886.861279967217,6.380113200598092,3.5580917838175288,1164948484.1652896,-318.33773978369845,245.42462589552423,568610.8481267123,0.004569951254151494,-0.00352263848318235,24.809999465942383,7.545161929414135
2010-01-29,129.74,131.85,124.14,125.41,29455631,-0.49194636197731345,123.14714285714285,129.949,1.8823006625663412,4.831588369835958,2010,1,29,4,809,-4.3300000000000125,7.709999999999994,5.942654539848923,2.6720977596741413,35.17367458866545,-2.328445378686169,0.09832683903161521,234874.65911809265,120.92183153355184,1.6560884564191523,2.832080010029003,1087.6099853515625,23.729999542236328,2.6720977596741413,26818639.0,-0.6898844651317404,9555194.0,-4.098878534196803,11545055.0,-1.434056892093094,9065301.0,-0.0039898197871930385,2636992.0,15165.21879387755,16886.742601,1237.1873840693295,5.421657881524977,3.543055784297687,1036062779.5978062,-292.01033494103245,244.6030887998335,-115545.73407380731,-0.008496501967326875,0.004569951254151494,22.790000915527344,7.529202650265361
2010-02-01,123.22,124.86,113.82,118.87,37698758,-5.214895143927912,122.03999999999999,129.63266666666667,2.0892614453915446,4.778030458992533,2010,2,32,0,812,-4.349999999999994,11.040000000000006,8.959584483038473,-0.49194636197731345,31.355932203389855,-2.668927810762753,0.2798489361847316,317142.744174308,120.37360624958076,0.10697063368171938,-1.6105768832624818,1073.8900146484375,24.32999992370605,-0.49194636197731345,29455631.0,2.736859725477059,14744661.0,-0.9223420900930646,12021072.0,0.6678327238034631,9968973.0,0.20696078282520336,8243127.0,14893.761599999998,16804.62826711111,983.1944843435809,7.123175659062861,4.365013387199566,1182079700.000001,-317.25544886536846,270.8365325299603,-1653866.156526571,-0.012614789205608545,-0.008496501967326875,23.729999542236328,8.357045781566171
2010-02-02,118.86,118.98,114.4,118.12,23044130,-0.6309413645158579,121.56714285714284,129.33966666666666,2.0838708985647063,4.771701056875722,2010,2,33,1,813,-0.7399999999999949,4.579999999999998,3.853272757866396,-5.214895143927912,33.78995433789957,-2.965101479076168,-0.3887297295046166,195090.83982390788,119.76094813111912,-0.7627772619728103,-0.8781708691463024,1090.050048828125,22.59000015258789,-5.214895143927912,37698758.0,2.6720977596741413,26818639.0,-0.6898844651317404,9555194.0,-4.098878534196803,11545055.0,-0.005390546826838261,-14654628.0,14778.570222448976,16728.749373444443,1141.7610141573382,8.791826781219678,4.342517921884877,778660100.4566216,-350.23778670847696,269.52716739672627,-123090.88068304112,0.015048127796381428,-0.012614789205608545,24.32999992370605,8.335483594258832
2010-02-03,117.09,119.61,116.56,119.1,12393931,0.8296647477141761,121.39428571428572,129.02700000000002,2.0753716875787354,4.779963476361254,2010,2,34,2,814,2.009999999999991,3.049999999999997,2.6048338884618643,-0.6309413645158579,31.92488262910794,-3.085179407480396,-0.4621653757377693,104063.23257766583,119.08699441405409,-0.006462446863631066,0.01946803280954157,1100.6700439453125,22.11000061035156,-0.6309413645158579,23044130.0,-0.49194636197731345,29455631.0,2.736859725477059,14744661.0,-0.9223420900930646,12021072.0,-0.00849921098597095,-10650199.0,14736.572604081633,16647.966729000003,1019.198130882318,9.518331976341088,4.3071676416034075,395674792.4882624,-367.44486743091517,267.77898273322154,86337.59560287074,0.009742667438623398,0.015048127796381428,22.59000015258789,8.30148675031495
2010-02-04,118.61,120.33,115.74,115.94,12769453,-2.6532325776658205,120.88857142857144,128.46533333333335,2.0061076726437452,4.753072815911587,2010,2,35,3,815,-2.6700000000000017,4.590000000000003,3.8698254784588175,0.8296647477141761,30.388449639051203,-3.396178588908441,0.03029886159605044,110138.4595480421,118.49293975990831,-1.7492389957837853,-0.8037007641245282,1097.25,22.6299991607666,0.8296647477141761,12393931.0,-5.214895143927912,37698758.0,2.6720977596741413,26818639.0,-0.6898844651317404,9555194.0,-0.06926401493499013,375522.0,14614.04670204082,16503.341868444448,923.4578714651511,11.53402900776013,4.024467994240104,388043879.4087313,-393.7529455980446,257.7152908687363,-292222.94892679446,-0.0031072381447335706,0.009742667438623398,22.11000061035156,8.024430690574988
2010-02-05,115.85,117.65,114.1,117.39,11024305,1.2506468863205056,120.12285714285714,127.92,2.0188543857646217,4.765501724890431,2010,2,36,4,816,1.5400000000000063,3.5500000000000114,3.064307293914555,-2.6532325776658205,33.92680514342234,-3.485466510666498,-0.13666583838790902,93911.78976062697,118.13100978806864,-0.6006279925382167,-0.1403817955304163,1064.1199951171875,25.690000534057617,-2.6532325776658205,12769453.0,-0.6309413645158579,23044130.0,-0.49194636197731345,29455631.0,2.736859725477059,14744661.0,0.012746713120876496,-1745148.0,14429.500808163266,16363.5264,1151.0281072397488,12.148476796977693,4.075773030921048,374019447.57665664,-409.1589136871402,258.25185302701044,117450.48745291405,-0.030193670433185216,-0.0031072381447335706,22.6299991607666,8.075417543058478
2010-02-08,117.39,121.0,116.56,116.83,9887056,-0.4770423375074606,118.80857142857143,127.183,1.8488161703240709,4.760719886729057,2010,2,39,0,819,-0.5600000000000023,4.439999999999998,3.782264247380524,1.2506468863205056,32.28139381985535,-3.560373383717206,-0.1031583396867195,84627.71548403664,118.00522534347296,1.2340348711234657,-2.4092602145964293,1065.510009765625,26.11000061035156,1.2506468863205056,11024305.0,0.8296647477141761,12393931.0,-5.214895143927912,37698758.0,2.6720977596741413,26818639.0,-0.17003821544055087,-1137249.0,14115.476644897959,16175.515489000001,1042.0883869525953,12.676258631481906,3.4181212316517637,319167948.4549638,-415.95842241968114,235.1379869903263,-40371.00321242116,0.0013062574285003237,-0.030193670433185216,25.690000534057617,7.395264681296297
2010-02-09,118.29,119.09,117.0,118.03,9219004,1.027133441752981,117.75428571428573,126.50166666666668,1.87111954323895,4.770938829440977,2010,2,40,1,820,-0.2600000000000051,2.0900000000000034,1.7668441964663144,-0.4770423375074606,36.99227928835179,-3.482760553386939,-0.0675683439033824,78107.29475557062,117.98604800651624,1.3133179794645986,-1.2693659859808406,1060.06005859375,26.51000022888184,-0.4770423375074606,9887056.0,-2.6532325776658205,12769453.0,-0.6309413645158579,23044130.0,-0.49194636197731345,29455631.0,0.02230337291487916,-668052.0,13866.071804081635,16002.671669444448,1368.4287269474207,12.129621072228096,3.501088345090737,341031970.7284323,-411.0702281162604,236.69974075229928,80226.6144883038,-0.005114875620055193,0.0013062574285003237,26.11000061035156,7.484478172955804
2010-02-10,117.88,118.61,116.0,117.36,6231409,-0.5676522917902216,117.53857142857143,125.77,1.8591148551093026,4.765246133834726,2010,2,41,2,821,-0.519999999999996,2.6099999999999994,2.2141160502205626,1.027133441752981,34.36866981769073,-3.435710494827461,-0.3240691727653009,53096.53203817314,117.96735062166195,-0.17490656219063802,-0.43244405947130815,1069.6800537109375,26.36000061035156,1.027133441752981,9219004.0,1.2506468863205056,11024305.0,0.8296647477141761,12393931.0,-5.214895143927912,37698758.0,-0.01200468812964739,-2987595.0,13815.315773469389,15818.0929,1181.2054650374457,11.804106604267558,3.4563080444880834,214165238.41998637,-403.21498367295084,233.82087532709699,-30140.36809758191,0.009074952913469048,-0.005114875620055193,26.51000022888184,7.436459420437217
2010-02-11,117.22,120.42,116.5,120.09,8342959,2.32617586912065,117.82000000000001,125.126,1.929471549409871,4.788241461672592,2010,2,42,3,822,2.8700000000000045,3.9200000000000017,3.3441392253881603,-0.5676522917902216,47.533136966126655,-3.1419167396047953,0.3388559473467396,69472.55391789491,117.95060689537033,-0.10873953010709647,2.248132634736777,1067.0999755859375,25.81999969482422,-0.5676522917902216,6231409.0,-0.4770423375074606,9887056.0,-2.6532325776658205,12769453.0,-0.6309413645158579,23044130.0,0.07035669430056846,2111550.0,13881.552400000002,15656.515876000001,2259.3991098405563,9.871640798608828,3.7228604599821287,396567012.84977907,-377.3127812591399,241.42705709145955,161605.37848999043,-0.0024120091947580358,0.009074952913469048,26.36000061035156,7.717886197639473
2010-02-12,118.99,119.94,117.5,119.66,7916984,-0.35806478474478265,117.89999999999999,124.565,1.9051944525915088,4.7846543879618855,2010,2,43,4,823,0.6700000000000017,2.4399999999999977,2.0505924867635916,2.32617586912065,48.77219493766527,-2.910233122383545,-0.051058023897756155,66162.3265920107,117.9743313923074,0.561670718775372,1.1239978889172164,1075.949951171875,23.959999084472656,2.32617586912065,8342959.0,1.027133441752981,9219004.0,1.2506468863205056,11024305.0,0.8296647477141761,12393931.0,-0.02427709681836232,-425975.0,13900.409999999998,15516.439225,2378.7269990376217,8.469456826618277,3.6297659021854587,386128686.96637696,-348.23849542441496,237.32054698706128,-23690.399229382318,0.008293483074140351,-0.0024120091947580358,25.81999969482422,7.620777810366022
2010-02-16,120.06,120.5,117.18,117.53,8874201,-1.7800434564599676,118.12714285714286,123.99866666666667,1.9124090944763783,4.766693620144763,2010,2,47,1,827,-2.530000000000001,3.319999999999993,2.765284024654334,-0.35806478474478265,46.48901692473892,-2.865464098949417,0.12090677460002452,75505.83680762358,118.0140497812569,-1.3858277728970818,0.9017779916401878,1079.1300048828125,23.51000022888184,-0.35806478474478265,7916984.0,-0.5676522917902216,6231409.0,-0.4770423375074606,9887056.0,-2.6532325776658205,12769453.0,0.007214641884869533,957217.0,13954.021879591837,15375.66933511111,2161.2286946286617,8.210884502367994,3.6573085446359612,412552880.48253506,-336.777995549525,237.13617783627828,-134403.6707339445,0.002955577726895031,0.008293483074140351,23.959999084472656,7.649636377905523
2010-02-17,117.0,117.13,115.55,116.31,8913604,-1.0380328426784602,117.97285714285714,123.41233333333334,1.915618042535491,4.7562590403509475,2010,2,48,2,828,-0.6899999999999977,1.5799999999999983,1.350427350427349,-1.7800434564599676,37.480559875583204,-2.8950557290343824,0.004440174388657736,76636.60906198951,118.0455147900782,-1.361343754632279,-0.3741710354459258,1096.1400146484375,22.25,-1.7800434564599676,8874201.0,2.32617586912065,8342959.0,1.027133441752981,9219004.0,1.2506468863205056,11024305.0,0.0032089480591126485,39403.0,13917.595022448979,15230.604018777778,1404.7923685871776,8.3813476742148,3.669592484887506,334086868.42923796,-336.723931843989,236.41089240473752,-79551.31715785482,0.01576270670693858,0.002955577726895031,23.51000022888184,7.662472170141967
2010-02-18,115.95,118.51,114.82,118.08,9796316,1.5217952024761283,118.15142857142858,122.85866666666668,1.9404628992404824,4.771362360852162,2010,2,49,3,829,2.1299999999999955,3.690000000000012,3.1824062095731023,-1.0380328426784602,33.581164807930605,-2.744051385322777,0.09902975272403847,82963.38075880759,118.04293168232647,0.678879880583937,-0.6418115629104051,1099.030029296875,21.71999931335449,-1.0380328426784602,8913604.0,-0.35806478474478265,7916984.0,-0.5676522917902216,6231409.0,-0.4770423375074606,9887056.0,0.02484485670499148,882712.0,13959.76007346939,15094.251975111114,1127.6946298573969,7.529818005291852,3.7653962633287787,328971702.1065675,-324.0175875789135,238.40268451682005,126253.27481995372,0.0026365378599597644,0.01576270670693858,22.25,7.761851596961918
2010-02-19,117.83,119.09,117.0,117.52,7115310,-0.47425474254743083,118.07857142857142,122.36766666666668,1.9226576478901969,4.7666085318656215,2010,2,50,4,830,-0.3100000000000023,2.0900000000000034,1.773741831452095,1.5217952024761283,33.66459627329192,-2.639144262639064,-0.2736749202455291,60545.52416609939,118.06938439753328,0.9632597468517151,-1.512644144385007,1105.489990234375,21.06999969482422,1.5217952024761283,9796316.0,-1.7800434564599676,8874201.0,2.32617586912065,8342959.0,1.027133441752981,9219004.0,-0.017805251350285545,-2681006.0,13942.549030612243,14973.845845444448,1133.3050422437402,6.96508243902069,3.6966124309906645,239534038.50931674,-310.1522337453428,235.27113017114502,-28714.00197579272,0.005877874821703433,0.0026365378599597644,21.71999931335449,7.69063059156079
2010-02-22,117.33,118.97,116.18,118.01,6806986,0.4169503063308433,118.17142857142858,121.968,1.9111243999713745,4.770769366637658,2010,2,53,0,833,0.6800000000000068,2.789999999999992,2.37790846330861,-0.47425474254743083,47.6243093922652,-2.4877880353211737,-0.04333247602704593,57681.43377679857,118.27959652087321,-0.13241078588076557,-0.13718573499244258,1110.0,20.15999984741211,-0.47425474254743083,7115310.0,-1.0380328426784602,8913604.0,-0.35806478474478265,7916984.0,-0.5676522917902216,6231409.0,-0.011533247918822376,-308324.0,13964.486530612246,14876.193024,2268.0748450901992,6.189089308687185,3.6523964721659463,324178007.2928177,-293.5838660482517,233.0960208157086,24050.291482838416,0.004079647762951444,0.005877874821703433,21.06999969482422,7.644497599885511
2010-02-23,118.01,119.25,116.51,117.24,7066220,-0.6524870773663372,117.76428571428572,121.42533333333333,1.8250445963861972,4.764223115842691,2010,2,54,1,834,-0.7700000000000102,2.739999999999995,2.3218371324463987,0.4169503063308433,47.57174392935979,-2.402277737162464,0.038083521840650114,60271.40907540089,118.77221479660408,0.40746727823633716,-1.9396820748404195,1107.489990234375,20.38999938964844,0.4169503063308433,6806986.0,1.5217952024761283,9796316.0,-1.7800434564599676,8874201.0,2.32617586912065,8342959.0,-0.0860798035851773,259234.0,13868.42698979592,14744.11157511111,2263.07082048058,5.77093832646641,3.3307877787984577,336152408.3885207,-281.6430419049273,221.60664846439278,-39326.31555635925,-0.0022612700591215784,0.004079647762951444,20.15999984741211,7.300178385544797
2010-02-24,117.77,119.8,117.15,119.72,7389889,2.115319003752991,117.77285714285715,121.07233333333333,1.8417466626766938,4.785155682984498,2010,2,55,2,835,1.9500000000000028,2.6499999999999915,2.250148594718512,-0.6524870773663372,51.580020387359845,-2.1100713470134878,0.04580511220992278,61726.436685599736,119.54026641062364,0.8219827957669545,-0.642249206390602,1095.8900146484375,21.229999542236328,-0.6524870773663372,7066220.0,-0.47425474254743083,7115310.0,-1.0380328426784602,8913604.0,-0.35806478474478265,7916984.0,0.016702066290496642,323669.0,13870.445879591838,14658.509898777778,2660.4985031604574,4.4524010894873145,3.3920307694807397,381170625.28032625,-252.61774166445474,222.9845658591469,130571.10455500492,-0.010474113254497763,-0.0022612700591215784,20.38999938964844,7.366986650706764
2010-02-25,118.29,118.34,115.85,118.2,9524339,-1.2696291346475097,117.86857142857141,120.76733333333333,1.8129780472502444,4.772378104971998,2010,2,56,3,836,-0.09000000000000341,2.490000000000009,2.104996195790015,2.115319003752991,56.284760845383765,-1.978341880691488,0.2888338376936379,80578.1641285956,120.55237636316787,-0.6921334043907077,-1.660242958777161,1101.239990234375,22.030000686645508,2.115319003752991,7389889.0,0.4169503063308433,6806986.0,1.5217952024761283,9796316.0,-1.7800434564599676,8874201.0,-0.028768615426449484,2134450.0,13893.000130612241,14584.748800444442,3167.9743034220455,3.913836596897934,3.2868893998113093,536075142.82536155,-233.8400102977339,218.948524158286,-102304.38479407383,0.0048818544876090275,-0.010474113254497763,21.229999542236328,7.25191218900099
2010-02-26,117.89,119.43,117.0,118.4,5713949,0.16920473773265332,118.16714285714286,120.41033333333333,1.7891073159919937,4.774068722449905,2010,2,57,4,837,0.5100000000000051,2.430000000000007,2.0612435321062064,-1.2696291346475097,53.01852958756725,-1.836635411286025,-0.4000687081801687,48259.704391891886,121.73832566618175,-1.491926659123514,-1.8463990070582383,1103.0999755859375,19.8799991607666,-1.2696291346475097,9524339.0,-0.6524870773663372,7066220.0,-0.47425474254743083,7115310.0,-1.0380328426784602,8913604.0,-0.023870731258250677,-3810390.0,13963.47365102041,14498.648373444443,2810.964479627744,3.3732296339897863,3.2009049881360756,302945174.1183503,-217.45763269626536,215.42700828770128,8165.770624685444,0.001688991834710496,0.0048818544876090275,22.030000686645508,7.156429263967965
2010-03-01,118.85,124.66,117.53,124.54,13285874,5.18581081081082,119.09,120.31666666666666,2.0342035443050794,4.824626949444306,2010,3,60,0,840,5.690000000000012,7.1299999999999955,5.999158603281444,0.16920473773265332,67.27924697445093,-1.214880936267079,1.3251649603452882,106679.57282800706,123.03650871850844,0.3048670135755733,1.1986242679159886,1105.3599853515625,19.93000030517578,0.16920473773265332,5713949.0,2.115319003752991,7389889.0,0.4169503063308433,6806986.0,1.5217952024761283,9796316.0,0.24509622831308575,7571925.0,14182.428100000001,14476.100277777778,4526.497073449164,1.4759356893051743,4.1379840596633475,893863598.1174363,-151.30127180270202,244.74858977230613,553220.0820641592,0.0020487805417859217,0.001688991834710496,19.8799991607666,8.136814177220316
2010-03-02,125.0,127.35,124.8,125.53,12096663,0.7949253251967159,120.23428571428572,120.26299999999999,2.0399441169817347,4.832544773830117,2010,3,61,1,841,0.5300000000000011,2.549999999999997,2.039999999999998,5.18581081081082,66.9683257918552,-0.6349322058531897,-0.08950942933825812,96364.71759738708,124.37531437308266,0.824482636059233,0.3302029908581119,1117.010009765625,18.82999992370605,5.18581081081082,13285874.0,-1.2696291346475097,9524339.0,-0.6524870773663372,7066220.0,-0.47425474254743083,7115310.0,0.005740572676655287,-1189211.0,14456.283461224491,14463.189168999997,4484.756659364058,0.40313890602959723,4.16137200040839,810093268.7782804,-79.7030398007509,245.32979934057434,76602.7544735926,0.010539574951554886,0.0020487805417859217,19.93000030517578,8.159776467926946
2010-03-03,125.4,126.94,124.43,125.89,6434791,0.2867840356886697,121.36,120.20566666666667,2.039450981412282,4.835408509778168,2010,3,62,2,842,0.4899999999999949,2.509999999999991,2.001594896331731,0.7949253251967159,69.57319871500687,-0.14460277654482923,-0.46805238767088075,51114.39351815077,125.69995936471526,-0.1530159601537276,0.343056595438469,1119.3599853515625,18.950000762939453,0.7949253251967159,12096663.0,0.16920473773265332,5713949.0,2.115319003752991,7389889.0,0.4169503063308433,6806986.0,-0.0004931355694526296,-5661872.0,14728.2496,14449.402298777779,4840.429979437833,0.020909962984473812,4.159360305583521,447688992.93253773,-18.20404353922855,245.153564854651,14658.792054914058,0.002103808887469638,0.010539574951554886,18.82999992370605,8.15780392564912
2010-03-04,125.89,128.85,125.57,128.53,7490229,2.097068869648111,122.97285714285714,120.29733333333334,2.057149597587028,4.85616234012204,2010,3,63,3,843,2.6400000000000006,3.280000000000001,2.605449201684011,0.2867840356886697,69.44700460829492,0.45180464273146015,0.1640205563785988,58276.11452579164,126.96772372314882,-0.16165862304206333,1.7239348998932371,1119.1199951171875,18.86000061035156,0.2867840356886697,6434791.0,5.18581081081082,13285874.0,-1.2696291346475097,9524339.0,-0.6524870773663372,7066220.0,0.017698616174746107,1055438.0,15122.323593877549,14471.448407111113,4822.886449064536,0.20412743519370236,4.231864466852472,520173967.88018423,58.07045073027457,247.4696108574593,122209.02561608574,-0.00021439951178858774,0.002103808887469638,18.950000762939453,8.228598390348111
2010-03-05,128.74,129.45,127.07,128.91,6769021,0.295650820820037,124.28571428571429,120.37366666666667,2.054681891266959,4.859114486455013,2010,3,64,4,844,0.1699999999999875,2.3799999999999955,1.8486872766816802,2.097068869648111,71.36258660508082,0.944240032275772,-0.09628650873024047,52509.665658211154,128.13714249304311,0.7567543985415022,0.016103108415393308,1125.1199951171875,18.059999465942383,2.097068869648111,7490229.0,0.7949253251967159,12096663.0,0.16920473773265332,5713949.0,2.115319003752991,7389889.0,-0.0024677063200693183,-721208.0,15446.938775510205,14489.819626777777,5092.618766967661,0.891589238552151,4.2217176743003675,483054847.3441108,121.72198256066977,247.32959308540515,15524.525752835836,0.005361355374024601,-0.00021439951178858774,18.86000061035156,8.218727565067837
2010-03-08,128.3,130.85,127.71,130.11,5605222,0.9308820107051474,125.98714285714287,120.663,1.9014081628497945,4.868380246515384,2010,3,67,0,847,1.8100000000000023,3.1400000000000006,2.4473889321901794,0.295650820820037,80.35714285714285,1.4150171604683095,-0.17193018015455996,43080.63945891937,129.13921150999255,-0.15036952195536596,1.1211580119628195,1138.4000244140625,17.950000762939453,0.295650820820037,6769021.0,0.2867840356886697,6434791.0,5.18581081081082,13285874.0,-1.2696291346475097,9524339.0,-0.15327372841716436,-1163799.0,15872.760165306127,14559.559569,6457.270408163264,2.0022735644197978,3.615353001751831,450419624.99999994,184.10788274853178,229.42961315394476,40102.99228198238,0.011803211528110591,0.005361355374024601,18.059999465942383,7.6056326513991905
2010-03-09,129.59,130.81,127.97,128.82,6069629,-0.9914687572054603,127.47571428571428,120.94666666666667,1.9029164905166258,4.858416081118745,2010,3,68,1,848,-0.7700000000000102,2.8400000000000034,2.191527124006485,0.9308820107051474,80.08658008658,1.6648281052292049,0.08285256141505193,47117.13243285204,129.9297385305218,-0.7760871487521935,-0.33365138176961295,1137.56005859375,18.18000030517578,0.9308820107051474,5605222.0,2.097068869648111,7490229.0,0.7949253251967159,12096663.0,0.16920473773265332,5713949.0,0.0015083276668312884,464407.0,16250.057732653058,14628.09617777778,6413.860309964192,2.7716526199610643,3.6210911698801116,486095829.0043285,214.46315651562617,230.15140647301752,-46715.1647362849,-0.0007378476829749125,0.011803211528110591,17.950000762939453,7.611665962066496
2010-03-10,128.68,131.17,128.48,130.51,5624051,1.3119080888060797,128.32857142857142,121.31433333333332,1.9040794144402602,4.8714498521794365,2010,3,69,2,849,1.829999999999984,2.6899999999999977,2.0904569474665817,-0.9914687572054603,80.00965717044897,1.9763913456517912,-0.07341107669018976,43092.87410926366,130.5254491750117,0.39290227836267366,-0.4083514533743653,1140.219970703125,18.0,-0.9914687572054603,6069629.0,0.295650820820037,6769021.0,0.2867840356886697,6434791.0,5.18581081081082,13285874.0,0.0011629239236343736,-445578.0,16468.22224489796,14717.167472111109,6401.545240532777,3.906122751167298,3.625518416495164,449978392.4191207,257.9388345210152,230.99212477654385,56533.89011384508,0.00233826081469779,-0.0007378476829749125,18.18000030517578,7.616317657761044
2010-03-11,130.36,133.62,130.36,133.58,7233625,2.35231016780324,129.47857142857143,121.67533333333334,1.8884244592460222,4.89470054929749,2010,3,70,3,850,3.219999999999999,3.259999999999991,2.5007671064743713,1.3119080888060797,84.58225667527987,2.442870906146382,0.2861947731270573,54152.006288366516,130.95006673633793,0.8737030174734906,1.7562302461885793,1143.9599609375,18.899999618530277,1.3119080888060797,5624051.0,0.9308820107051474,5605222.0,2.097068869648111,7490229.0,0.7949253251967159,12096663.0,-0.015654955194237985,1609574.0,16764.700459183674,14804.88674177778,7154.158144282926,5.967618264096446,3.5661469382786315,611836326.4427214,326.3186956430337,229.77467555357953,127382.31499906954,0.0032800602782536714,0.00233826081469779,18.0,7.5536978369840995
2010-03-12,134.04,134.2,131.18,131.82,6147768,-1.317562509357706,130.32571428571427,121.86833333333333,1.855776221191532,4.881437355624573,2010,3,71,4,851,-2.219999999999999,3.019999999999982,2.2530587884213533,2.35231016780324,78.195181706819,2.6401085001960496,-0.15011242634225574,46637.59672280383,131.2142736825652,-0.8089642480040755,1.4146905654388888,1151.7099609375,17.969999313354492,2.35231016780324,7233625.0,-0.9914687572054603,6069629.0,0.295650820820037,6769021.0,0.2867840356886697,6434791.0,-0.03264823805449013,-1085857.0,16984.79180408163,14851.890669444443,6114.486442162441,6.970172892807434,3.443905383139922,480725835.85136724,348.01910249584324,226.16035511624335,-61447.948968510136,0.006774712633865976,0.0032800602782536714,18.899999618530277,7.423104884766133
2010-03-15,131.72,132.0,128.63,131.13,6328960,-0.5234410559854297,130.69714285714286,122.059,1.8561704184535566,4.876189197543333,2010,3,74,0,854,-0.5900000000000034,3.3700000000000045,2.558457333738236,-1.317562509357706,78.45145432199911,2.7095099371272937,0.029472810294728147,48264.775413711584,131.33914375765943,-1.2885149495066428,1.0793711918472013,1148.530029296875,18.280000686645508,-1.317562509357706,6147768.0,1.3119080888060797,5624051.0,0.9308820107051474,5605222.0,2.097068869648111,7490229.0,0.00039419726202449823,181192.0,17081.74315102041,14898.399480999999,6154.630685236712,7.341444099391551,3.4453686223420514,496516116.34575945,355.298038055502,226.56230510602265,-25263.765009452796,-0.002761052477167514,0.006774712633865976,17.969999313354492,7.424681673814234
2010-03-16,131.4,132.29,130.5,131.79,4132913,0.5033173186913764,131.10857142857142,122.48966666666666,1.5535477249821887,4.881209746655798,2010,3,75,1,855,0.38999999999998636,1.789999999999992,1.3622526636225205,-0.5234410559854297,76.71536077910571,2.785656248829838,-0.34698386464758824,31359.83762045679,131.3389486697071,0.7783054470303111,-0.32725411673740723,1150.8299560546875,17.780000686645508,-0.5234410559854297,6328960.0,2.35231016780324,7233625.0,-0.9914687572054603,6069629.0,0.295650820820037,6769021.0,-0.30262269347136783,-2196047.0,17189.457502040816,15003.71844011111,5885.24657946835,7.759880736644724,2.4135105337973344,317057911.8636561,367.12163703328434,190.29354298382663,15783.949385725266,0.002002495972369678,-0.002761052477167514,18.280000686645508,6.214190899928752
2010-03-17,132.45,132.69,131.22,131.34,4358719,-0.3414523104939615,131.28428571428572,122.93033333333334,1.5480952231484157,4.8777893807628265,2010,3,76,2,856,-1.1099999999999852,1.4699999999999989,1.1098527746319358,0.5033173186913764,80.5297397769516,2.777672233795286,0.054636040003745556,33186.53114055124,131.2548114720216,0.26041538541881654,-0.175226857440407,1159.93994140625,16.969999313354492,0.5033173186913764,4132913.0,-1.317562509357706,6147768.0,1.3119080888060797,5624051.0,0.9308820107051474,5605222.0,-0.005452501833772994,225806.0,17235.563675510206,15111.866853444446,6485.038988543541,7.715463038397295,2.396598819934943,351006506.8308547,364.8194711866729,190.3078618133758,-11331.617735221025,0.007916013398533428,0.002002495972369678,17.780000686645508,6.192380892593661
2010-03-18,130.97,132.85,130.44,132.76,5023270,1.081163392721174,131.84714285714287,123.38566666666665,1.5513717944139622,4.888542986851774,2010,3,77,3,857,1.789999999999992,2.4099999999999966,1.8401160571123132,-0.3414523104939615,81.57431838170616,2.8530389202064725,0.15246474939081867,37837.22506779151,131.18334115048813,0.4849051198032051,1.0917537297086426,1166.1300048828125,16.959999084472656,-0.3414523104939615,4358719.0,-0.5234410559854297,6328960.0,2.35231016780324,7233625.0,-0.9914687572054603,6069629.0,0.0032765712655464796,664551.0,17383.66907959184,15224.022738777774,6654.369419439964,8.139831080212915,2.406754444503197,409769826.2972731,378.7694470466113,191.41704310162964,40908.222625448114,0.0053365379151080194,0.007916013398533428,16.969999313354492,6.20548717765584
2010-03-19,133.64,133.71,129.66,130.35,8904925,-1.8153058150045198,131.8242857142857,123.86599999999999,1.5017374750685597,4.870223140379511,2010,3,78,4,858,-3.289999999999992,4.050000000000011,3.030529781502553,1.081163392721174,65.28143082588106,2.6873229175918,0.7727346927399881,68315.49673954738,131.23201361433817,0.5897568968873612,-1.471770511225543,1166.6800537109375,16.170000076293945,1.081163392721174,5023270.0,0.5033173186913764,4132913.0,-1.317562509357706,6147768.0,1.3119080888060797,5624051.0,-0.04963431934540252,3881655.0,17377.64230408163,15342.785955999996,4261.665210674294,7.221704463414103,2.255215444025293,581326245.3971589,350.2925423080911,186.0142140868422,-124013.51848622267,0.00047168739833614026,0.0053365379151080194,16.959999084472656,6.006949900274236
2010-03-22,130.2,130.96,128.64,130.47,5372024,0.09205983889528646,131.38,124.30199999999999,1.4940388694910605,4.871143315277656,2010,3,81,0,861,0.27000000000001023,2.3200000000000216,1.7818740399385729,-1.8153058150045198,63.6163175303197,2.5364363295877865,-0.3967356266335763,41174.40024526711,131.44414443761502,0.9376522980591762,-1.9117967356741872,1157.25,18.299999237060547,-1.8153058150045198,8904925.0,-0.3414523104939615,4358719.0,-0.5234410559854297,6328960.0,2.35231016780324,7233625.0,-0.00769860557749924,-3532901.0,17260.7044,15450.987203999997,4047.035856118461,6.433509254052763,2.232152143550126,341748384.5644981,330.9288479213185,185.71201955547778,3790.5086531893335,-0.008082810433711174,0.00047168739833614026,16.170000076293945,5.976155477964255
2010-03-23,130.68,130.94,128.07,129.26,4213507,-0.9274162642753159,131.0142857142857,124.71633333333332,1.5049975931959108,4.86182587983475,2010,3,82,1,862,-1.420000000000016,2.8700000000000045,2.196204468931745,0.09205983889528646,58.8730911005792,2.292790867993901,-0.21565745052516516,32597.145288565684,131.80288863027627,-1.4884908751721542,-1.0543977551041337,1166.469970703125,16.84000015258789,0.09205983889528646,5372024.0,1.081163392721174,5023270.0,0.5033173186913764,4132913.0,-1.317562509357706,6147768.0,0.010958723704850293,-1158517.0,17164.743061224486,15554.16380011111,3466.040855737098,5.256889964356225,2.2650177555254842,248062181.46392816,296.3661475968916,187.6977814988856,-30231.1227095613,0.007967138218297753,-0.008082810433711174,18.299999237060547,6.019990372783639
2010-03-24,128.65,129.4,127.2,128.04,4703138,-0.9438341327556832,130.57285714285715,125.04999999999998,1.517315781170113,4.8523427151016625,2010,3,83,2,863,-0.6100000000000136,2.200000000000003,1.7100660707345532,-0.9274162642753159,48.605577689243,1.97844994089904,0.11620509945753033,36731.78694158076,132.24699461690713,-2.0939977415409965,-2.11299687536615,1172.699951171875,16.850000381469727,-0.9274162642753159,4213507.0,-1.8153058150045198,8904925.0,-0.3414523104939615,4358719.0,-0.5234410559854297,6328960.0,0.012318187974202255,489631.0,17049.271022448982,15637.502499999995,2362.5021825050367,3.9142641686434145,2.3022471797878703,228598739.44223094,253.32073043271305,189.7403384353226,-34668.7142725734,0.0053408837134441,0.007967138218297753,16.84000015258789,6.069263124680447
2010-03-25,129.23,136.91,128.04,134.73,16209512,5.224929709465798,130.99285714285713,125.62899999999999,1.7552812934434954,4.903272775767756,2010,3,84,3,864,5.5,8.870000000000005,6.8637313317341215,-0.9438341327556832,62.185929648241164,2.24330021236716,2.4465312308505514,120311.08142210348,132.70773494714757,0.9286523172812203,1.0936127355711847,1170.030029296875,17.06999969482422,-0.9438341327556832,4703138.0,0.09205983889528646,5372024.0,1.081163392721174,5023270.0,0.5033173186913764,4132913.0,0.23796551227338236,11506374.0,17159.128622448978,15782.645640999997,3867.0898462159994,5.032395842806545,3.08101241911267,1008003572.8643209,302.23983761222746,220.51423361401285,628616.943700307,-0.002276730609847788,0.0053408837134441,16.850000381469727,7.021125173773996
2010-03-26,134.86,136.99,133.76,135.06,6566151,0.24493431307059943,131.5242857142857,126.128,1.7204077344022781,4.905719124146696,2010,3,85,4,865,0.19999999999998863,3.230000000000018,2.3950763755005324,5.224929709465798,60.75619295958275,2.451564097849399,-0.5949198840779414,48616.54820079965,133.173699287959,-0.07780379848775194,1.964104510528756,1167.5799560546875,18.270000457763672,5.224929709465798,16209512.0,-0.9274162642753159,4213507.0,-1.8153058150045198,8904925.0,-0.3414523104939615,4358719.0,-0.03487355904121725,-9643361.0,17298.637732653056,15908.272384,3691.314982942052,6.010166525864138,2.9598027725911797,398934337.1577572,331.10824705553983,216.99158672469053,11907.860837426548,-0.002094025948769729,-0.002276730609847788,17.06999969482422,6.881630937609117
2010-03-29,135.5,136.63,134.33,135.12,4626155,0.044424700133283146,131.86142857142858,126.64333333333335,1.715803819107197,4.906163272499545,2010,3,88,0,868,-0.37999999999999545,2.299999999999983,1.6974169741697291,0.24493431307059943,64.46280991735537,2.5915820810865,-0.29545406433693044,34237.38158673771,133.63051641580293,1.2331965057384664,0.2562870784585982,1167.7099609375,18.170000076293945,0.24493431307059943,6566151.0,-0.9438341327556832,4703138.0,0.09205983889528646,5372024.0,1.081163392721174,5023270.0,-0.004603915295081196,-1939996.0,17387.43634489796,16038.533877777782,4155.45386244109,6.7162976830086345,2.9439827456628427,298214950.41322315,350.1745707964079,217.29511499779912,1520.9854103396128,0.00011134559319758708,-0.002094025948769729,18.270000457763672,6.863215276428775
2010-03-30,135.6,138.19,135.36,136.58,6191469,1.0805210183540526,132.75142857142856,127.27833333333334,1.6681590340135037,4.916910523532943,2010,3,89,1,869,0.9800000000000182,2.829999999999984,2.08702064896754,0.044424700133283146,64.08352668213459,2.788216317741359,0.3383617712765785,45332.178942744176,134.05669851377212,0.6527589880474609,1.8705424981804413,1173.75,17.639999389648438,0.044424700133283146,4626155.0,5.224929709465798,16209512.0,-0.9274162642753159,4213507.0,-1.8153058150045198,8904925.0,-0.04764478509369319,1565314.0,17622.9417877551,16199.774136111111,4106.698392019856,7.7741502345191815,2.782754562760866,396771168.8631092,380.8145846771148,212.32050158418207,48982.372155422076,0.005172550774209972,0.00011134559319758708,18.170000076293945,6.67263613605401
2010-03-31,135.66,136.8,134.48,135.77,4597419,-0.5930590130326596,133.50857142857143,127.92699999999999,1.655804997250667,4.91096227761219,2010,3,90,2,870,0.11000000000001364,2.3200000000000216,1.710157747309466,1.0805210183540526,55.6765163297045,2.845884550815782,-0.2574590941180518,33861.817780069236,134.5140229211107,0.7874913310145376,0.46848574787478015,1171.75,17.65999984741211,1.0805210183540526,6191469.0,0.24493431307059943,6566151.0,-0.9438341327556832,4703138.0,0.09205983889528646,5372024.0,-0.012354036762836751,-1594050.0,17824.53864489796,16365.317328999998,3099.8744706118514,8.099058876571947,2.7416901889202814,255968274.0279937,386.3857454642588,211.82216588328606,-20082.056232139625,-0.0017039403620873195,0.005172550774209972,17.639999389648438,6.623219989002678
2010-04-01,136.32,136.51,131.18,131.81,8772264,-2.916697355822351,133.87285714285716,128.38466666666667,1.7591967308958958,4.881361491724374,2010,4,91,3,871,-4.509999999999991,5.329999999999984,3.9099178403755754,-0.5930590130326596,49.97673336435553,2.5427370462351746,0.908084514376436,66552.34049009938,135.030563511893,-1.569908324967677,-1.65065518692532,1171.22998046875,17.010000228881836,-0.5930590130326596,4597419.0,0.044424700133283146,4626155.0,5.224929709465798,16209512.0,-0.9274162642753159,4213507.0,0.1033917336452288,4174845.0,17921.94187959184,16482.622635111115,2497.6738777718874,6.4655116862967805,3.0947731379948067,438409098.9297349,335.15817006425834,225.8538858971593,-194113.03553126162,-0.0004437973383827343,-0.0017039403620873195,17.65999984741211,7.036786923583577
2010-04-05,132.8,133.74,130.78,131.49,5815209,-0.24277368940140986,134.3657142857143,128.85033333333334,1.755815763328354,4.878930803098828,2010,4,95,0,875,-1.3100000000000023,2.960000000000008,2.228915662650608,-2.916697355822351,50.85227272727277,2.250724191692143,-0.33709142816495263,44225.48482774355,135.5967756224553,-2.01846502936586,-2.0883105930894317,1178.7099609375,17.959999084472656,-2.916697355822351,8772264.0,1.0805210183540526,6191469.0,0.24493431307059943,6566151.0,-0.9438341327556832,4703138.0,-0.003380967567541804,-2957055.0,18054.145175510206,16602.40840011111,2585.95364152893,5.06575938706825,3.0828889947523304,295716594.0340912,295.9477239655999,226.23744637677953,-10736.784117197378,0.006386431865205822,-0.0004437973383827343,17.010000228881836,7.023263053313428
2010-04-06,131.18,136.0,131.18,135.56,7922981,3.0952924176743446,134.48428571428573,129.43533333333332,1.8240140237073137,4.909414346738851,2010,4,96,1,876,4.3799999999999955,4.819999999999993,3.674340600701321,-0.24277368940140986,57.684467998369364,2.3209622778285848,0.3624585118092918,58446.304219533784,136.2439225702827,1.4590330496406825,-2.1429556199233843,1186.010009765625,17.389999389648438,-0.24277368940140986,5815209.0,-0.5930590130326596,4597419.0,0.044424700133283146,4626155.0,5.224929709465798,16209512.0,0.06819826037895971,2107772.0,18086.023104081636,16753.50551511111,3327.497848254899,5.386865895103253,3.3270271586809446,457032943.9461885,314.62964638244296,236.0918631632307,180908.40229181098,0.0061932528527364195,0.006386431865205822,17.959999084472656,7.296056094829268
2010-04-07,135.94,136.08,133.86,134.87,5938021,-0.508999704927704,134.45714285714286,130.023,1.821130461054017,4.904311351528766,2010,4,97,2,877,-1.0699999999999932,2.219999999999999,1.633073414741797,3.0952924176743446,57.12555510698426,2.2944996697835904,-0.25053196517825804,44027.73782160599,137.04974230620806,-0.6462843609386277,-1.5334579452694186,1188.22998046875,16.719999313354492,3.0952924176743446,7922981.0,-2.916697355822351,8772264.0,1.0805210183540526,6191469.0,0.24493431307059943,6566151.0,-0.0028835626532965897,-1984960.0,18078.723265306122,16905.980529,3263.329046281095,5.264728734637005,3.316516156178817,339212745.8619298,309.45917046371284,236.78884593762646,-22410.105559831758,0.001871797611188608,0.0061932528527364195,17.389999389648438,7.284521844216059
2010-04-08,135.0,141.25,134.71,140.96,12683710,4.515459331207827,135.29142857142855,130.731,1.943860627874382,4.94847616218787,2010,4,98,3,878,5.960000000000008,6.539999999999992,4.844444444444439,-0.508999704927704,63.92663043478262,2.7334306786397065,1.1360163596592199,89980.91657207719,138.04318088025167,0.5849771261776828,2.331841993570663,1181.75,17.209999084472656,-0.508999704927704,5938021.0,-0.24277368940140986,5815209.0,-0.5930590130326596,4597419.0,0.044424700133283146,4626155.0,0.12273016682036486,6745689.0,18303.770644897955,17090.594361,4086.614078745276,7.471643274928726,3.7785941406001866,810826841.7119567,385.30438846105307,254.1228437426458,406305.16936601896,-0.005453473296637146,0.001871797611188608,16.719999313354492,7.7754425114975305
2010-04-09,140.68,141.33,139.07,140.06,6008046,-0.6384790011350727,135.78857142857143,131.45966666666666,1.9266723300530175,4.942070902227372,2010,4,99,4,879,-0.6200000000000045,2.2600000000000193,1.606482797839081,4.515459331207827,67.38274257071248,2.9743774157361997,-0.5263179306370139,42896.23018706268,139.16823464965555,0.837911758475558,0.0538535918688865,1187.469970703125,16.31999969482422,4.515459331207827,12683710.0,3.0952924176743446,7922981.0,-2.916697355822351,8772264.0,1.0805210183540526,6191469.0,-0.01718829782136444,-6675664.0,18438.536130612247,17281.64396011111,4540.433996350908,8.846921011241554,3.712066267391924,404838616.9709988,416.59130084801217,253.27970228465966,-27388.342202295935,0.004840254455785953,-0.005453473296637146,17.209999084472656,7.706689320212078
2010-04-12,139.92,142.91,139.68,141.2,5443372,0.8139368841924899,136.56428571428572,132.21966666666665,1.9254713469878264,4.950177325059141,2010,4,102,0,882,1.2800000000000011,3.2299999999999898,2.308461978273292,-0.6384790011350727,68.5319516407599,3.2201974813732193,-0.09398629770810674,38550.79320113315,140.28180999207203,0.8312823102747403,0.08690769765323125,1194.93994140625,15.670000076293944,-0.6384790011350727,6008046.0,-0.508999704927704,5938021.0,-0.24277368940140986,5815209.0,-0.5930590130326596,4597419.0,-0.001200983065191119,-564674.0,18649.804132653062,17482.04025344444,4696.628395691453,10.369671819042425,3.7074399080711147,373044906.6666665,454.6918843698985,254.58517967494805,31377.91250127934,0.0062906607218891075,0.004840254455785953,16.31999969482422,7.701885387951279
2010-04-13,141.23,141.98,139.12,140.16,4779793,-0.7365439093484416,137.75714285714284,132.74033333333333,1.7338284425956458,4.9427846271880815,2010,4,103,1,883,-1.0699999999999932,2.859999999999985,2.0250654959994234,0.8139368841924899,68.93676164002781,3.2931311797341607,-0.1219058701113942,34102.40439497717,141.26391802962033,-0.38684289953075773,-0.7170751300895688,1195.93994140625,15.979999542236328,0.8139368841924899,5443372.0,4.515459331207827,12683710.0,3.0952924176743446,7922981.0,-2.916697355822351,8772264.0,-0.19164290439218057,-663579.0,18977.03040816326,17619.996093444443,4752.27710541401,10.844712966937305,3.006161068353643,329503450.72967345,461.56526615153996,230.14896541296022,-25117.918251257965,0.0008368621428982426,0.0062906607218891075,15.670000076293944,6.935313770382606
2010-04-14,140.31,144.5,139.2,144.28,7881676,2.93949771689499,139.58428571428573,133.36533333333333,1.793475286116224,4.9717558560353385,2010,4,104,2,884,3.969999999999999,5.300000000000011,3.777350153232137,-0.7365439093484416,75.63131313131314,3.641405374407441,0.6489576013019811,54627.64069864153,142.11140412338983,-1.7198888952877596,3.888484771897936,1198.68994140625,15.800000190734863,-0.7365439093484416,4779793.0,-0.6384790011350727,6008046.0,-0.508999704927704,5938021.0,-0.24277368940140986,5815209.0,0.05964684352057814,3101883.0,19483.77281836735,17786.312135111108,5720.095525966739,13.259833100763394,3.2165536019096717,596101505.5555556,525.3819674195056,239.18742935798556,160577.82511301662,0.0022994465731835945,0.0008368621428982426,15.979999542236328,7.173901144464878
2010-04-15,144.3,147.09,144.0,145.82,7826782,1.067369004713048,141.04999999999998,134.02966666666666,1.796229114132254,4.9823729843782845,2010,4,105,3,885,1.5199999999999818,3.0900000000000034,2.1413721413721434,2.93949771689499,70.9008669430833,3.9956212776482403,-0.006964762317050344,53674.269647510635,142.8655348090849,1.517335177573914,1.437130013341175,1210.77001953125,15.869999885559082,2.93949771689499,7881676.0,0.8139368841924899,5443372.0,4.515459331207827,12683710.0,3.0952924176743446,7922981.0,0.002753828016029969,-54894.0,19895.102499999994,17963.951546777775,5026.932933280802,15.964989394395356,3.226439030456342,554925629.1745194,582.6414947066663,240.74798942410794,57290.25177236318,0.01007773378896304,0.0022994465731835945,15.800000190734863,7.184916456529038
2010-04-16,144.95,147.17,141.45,142.17,8396382,-2.5030859964339625,142.09285714285716,134.48433333333335,1.8512684234129724,4.957023524647607,2010,4,106,4,886,-2.780000000000001,5.719999999999999,3.9461883408071747,1.067369004713048,61.90954773869344,3.9364386231770823,0.07277575892621013,59058.746571006544,143.52464680936478,-1.3194194355610789,-0.035227373803706996,1210.1700439453125,16.190000534057617,1.067369004713048,7826782.0,-0.7365439093484416,4779793.0,-0.6384790011350727,6008046.0,-0.508999704927704,5938021.0,0.05503930928071843,569600.0,20190.380051020413,18086.035912111118,3832.792101209562,15.495549034040282,3.4271947755259524,519816212.2613063,559.6434790570858,248.9665997437447,-147829.12150882877,-0.0004955322449838873,0.01007773378896304,15.869999885559082,7.4050736936519
2010-04-19,142.37,143.67,139.13,142.43,6016692,0.1828796511219144,142.30285714285714,134.935,1.8515036124157316,4.958850650946495,2010,4,109,0,889,0.060000000000002274,4.539999999999992,3.188874060546458,-2.5030859964339625,62.163061564059895,3.8659514879284416,-0.2834185009686315,42243.15102155445,144.073387451852,-0.7360006445588505,-0.9073868072931361,1192.06005859375,19.13999938964844,-2.5030859964339625,8396382.0,2.93949771689499,7881676.0,0.8139368841924899,5443372.0,4.515459331207827,12683710.0,0.0002351890027592063,-2379690.0,20250.103151020405,18207.454225,3864.2462230171004,14.945580907016131,3.4280656267885035,374015995.20798665,550.627470425648,249.83263994131676,7725.4127211122195,-0.014964827002758696,-0.0004955322449838873,16.190000534057617,7.406014449662905
2010-04-20,143.71,144.64,142.1,144.2,4306622,1.242715720002785,142.8942857142857,135.40466666666669,1.855751350151807,4.971201224850849,2010,4,110,1,890,0.4899999999999807,2.539999999999992,1.767448333449302,0.1828796511219144,62.549407114624465,3.9078666783982783,-0.28422096394497176,29865.617198335647,144.39563029682915,0.9272245779584943,-1.122854874787663,1199.0400390625,16.84000015258789,0.1828796511219144,6016692.0,1.067369004713048,7826782.0,-0.7365439093484416,4779793.0,-0.6384790011350727,6008046.0,0.004247737736075452,-1710070.0,20418.776889795914,18334.423755111115,3912.428330391034,15.271421976135592,3.443813073590255,269376652.76679826,563.5143750250317,251.27739298352208,37114.47197995724,0.005855393290321365,-0.014964827002758696,19.13999938964844,7.423005400607224
2010-04-21,145.0,149.0,143.52,146.43,7318353,1.546463245492391,143.64142857142858,135.99166666666667,1.8498681701175954,4.986547498567166,2010,4,111,2,891,1.4300000000000068,5.47999999999999,3.779310344827579,1.242715720002785,66.77155443675267,4.0740638597817735,0.6993255967205851,49978.508502356075,144.4302086690104,0.7268337722892018,1.2729575587003978,1207.1600341796875,15.9399995803833,1.242715720002785,4306622.0,-2.5030859964339625,8396382.0,2.93949771689499,7881676.0,0.8139368841924899,5443372.0,-0.005883180034211621,3011731.0,20632.86000204082,18493.73340277778,4458.440481900225,16.597996333579964,3.422012246814221,488657805.7268722,596.5651709878451,251.56665556790867,77289.92646342263,0.006772080041243855,0.005855393290321365,16.84000015258789,7.399472680470353
2010-04-22,147.17,151.09,145.88,150.09,14854793,2.499487809875034,145.06,136.64433333333332,1.8815096241136708,5.011235114168223,2010,4,112,3,892,2.920000000000016,5.210000000000008,3.5401236665081255,1.546463245492391,79.03430749682339,4.4498130604693245,1.029800011013407,98972.56979145846,144.22219076320317,1.1563000290482828,4.7115092077485485,1202.52001953125,17.479999542236328,1.546463245492391,7318353.0,0.1828796511219144,6016692.0,1.067369004713048,7826782.0,-0.7365439093484416,4779793.0,0.03164145399607543,7536440.0,21042.4036,18671.673832111108,6246.421761502434,19.800836273123377,3.5400784656323667,1174038277.7636595,667.872442245841,257.0976282472631,247380.73170575645,-0.0038437444224953543,0.006772080041243855,15.9399995803833,7.526038496454703
2010-04-23,145.2,149.09,142.42,143.63,18962945,-4.304084216136994,144.96714285714285,136.97933333333333,2.039436073960167,4.967240548443732,2010,4,113,4,893,-1.5699999999999932,6.670000000000016,4.593663911845741,2.499487809875034,66.13503455608716,4.178165704193532,0.2765539715026659,132026.35243333565,143.81156741100997,-1.0041545603098119,0.8225871492998351,1207.8699951171875,16.6200008392334,2.499487809875034,14854793.0,1.242715720002785,4306622.0,-2.5030859964339625,8396382.0,2.93949771689499,7881676.0,0.1579264498464963,4108152.0,21015.47250816326,18763.337760444443,4373.842795734843,17.457068651699032,4.15929949977006,1254115022.8601804,600.1099400933169,279.36059378701435,-568252.53962246,0.004448970078704262,-0.0038437444224953543,17.479999542236328,8.157744295840644
2010-04-26,143.2,147.72,142.91,147.11,0,2.4228921534498404,145.15142857142857,137.489,2.0538217344197527,4.9911806062621205,2010,4,116,0,896,3.910000000000025,4.810000000000002,3.3589385474860354,-4.304084216136994,65.59546313799623,4.1953289925336605,-1.0,0.0,143.16402132861816,1.1547517534811145,2.7912269179007296,1217.0699462890625,17.520000457763672,-4.304084216136994,18962945.0,1.546463245492391,7318353.0,0.1828796511219144,6016692.0,1.067369004713048,7826782.0,0.014385660459585559,-18962945.0,21068.93721632653,18903.225121,4302.7647842882225,17.600785355593498,4.218183716774961,0.0,617.1748480916268,282.3778964436374,0.0,0.007616673324998269,0.004448970078704262,16.6200008392334,8.215286937679025
2010-04-27,145.34,146.44,141.11,142.02,8630222,-3.4599959214193454,145.13000000000002,137.852,2.16563142662319,4.9559678927539474,2010,4,117,1,897,-3.319999999999993,5.329999999999984,3.6672629695885397,2.4228921534498404,58.62901279266232,3.7549261102641367,inf,60767.652443317835,142.1790281959135,-1.4026158550535064,1.2435876591400188,1209.9200439453125,18.1299991607666,2.4228921534498404,0.0,2.499487809875034,14854793.0,1.242715720002785,4306622.0,-2.5030859964339625,8396382.0,0.11180969220343728,8630222.0,21062.716900000007,19003.173904,3437.361141042162,14.09947009354336,4.689959475977993,505981396.0415158,533.2746061797127,298.53662342286,-210255.82960810803,-0.005874684824442977,0.007616673324998269,17.520000457763672,8.662525706492772
2010-04-28,142.56,142.75,138.69,139.35,9229354,-1.880016899028314,144.69,138.10399999999998,2.2009205600557684,4.936988753927957,2010,4,118,2,898,-3.210000000000008,4.060000000000002,2.8479236812570163,-3.4599959214193454,47.88213627992632,3.154098483297844,0.06942254787883795,66231.46035163259,140.7716515763999,-1.9201195415412196,0.49846796514131597,1184.5899658203125,22.07999992370605,-3.4599959214193454,8630222.0,-4.304084216136994,18962945.0,1.546463245492391,7318353.0,0.1828796511219144,6016692.0,0.035289133432578446,599132.0,20935.1961,19072.714815999996,2292.6989747294365,9.94833724234176,4.844051311676197,441921186.0036831,439.52362364755453,303.9559330259418,-124516.26470839302,-0.020935332257496553,-0.005874684824442977,18.1299991607666,8.803682240223054
2010-04-29,140.05,142.45,139.79,141.73,6307712,1.7079296734840321,144.33714285714288,138.45033333333333,2.2149928267031833,4.953923839178814,2010,4,119,3,899,1.6799999999999784,2.6599999999999966,1.8993216708318432,-1.880016899028314,52.114459356799166,2.8372779951242535,-0.31655975055242225,44505.12947153038,138.9936758969818,0.7089934803781364,2.0273306226400507,1193.300048828125,20.3700008392334,-1.880016899028314,9229354.0,2.4228921534498404,0.0,2.499487809875034,14854793.0,1.242715720002785,4306622.0,0.0140722666474149,-2921642.0,20833.210808163272,19168.49480011111,2715.916874051472,8.050146421616303,4.906193222346558,328723000.6583944,402.1274102489604,306.66649518799795,76011.63124667546,0.00735282524681935,-0.020935332257496553,22.07999992370605,8.859971306812724
2010-04-30,141.4,141.4,136.91,137.1,6102170,-3.266774853594856,143.00428571428571,138.595,2.301179550907103,4.920710586568268,2010,4,120,4,900,-4.300000000000011,4.490000000000009,3.175388967468182,1.7079296734840321,45.23033969288041,2.1873784332204593,-0.03258582509791186,44508.898614150254,137.0635317304674,0.12367470476710254,-0.08720643523449212,1206.77001953125,18.75,1.7079296734840321,6307712.0,-3.4599959214193454,8630222.0,-4.304084216136994,18962945.0,1.546463245492391,7318353.0,0.0861867242039196,-205542.0,20450.22573265306,19208.574024999998,2045.7836287333535,4.784624410117991,5.295427325513016,276003221.96370405,299.88958319452496,318.9319798579699,-145400.550753909,0.011287999792133796,0.00735282524681935,20.3700008392334,9.204718203628431
2010-05-03,137.42,139.44,136.11,137.49,5653402,0.2844638949671907,141.2042857142857,138.833,2.271626704451179,4.923551187189142,2010,5,123,0,903,0.0700000000000216,3.329999999999984,2.423228059962148,-3.266774853594856,46.84620836286324,1.6843815863360874,-0.07354236279880766,41118.64135573496,135.28571108118828,2.3574428585512157,-0.15315393973949654,1188.5799560546875,22.40999984741211,-3.266774853594856,6102170.0,-1.880016899028314,9229354.0,2.4228921534498404,0.0,2.499487809875034,14854793.0,-0.02955284645592382,-448768.0,19938.650304081628,19274.601888999998,2194.5672379767975,2.837141328388074,5.160287884375725,264840448.05102775,231.58562430534866,315.37675025907055,11696.768875811373,-0.015073347184766939,0.011287999792133796,18.75,9.086506817804718
2010-05-04,135.58,135.81,128.38,129.83,12651327,-5.571314277401996,139.23285714285714,138.81166666666667,2.504528063678367,4.866225902372162,2010,5,124,1,904,-5.75,7.430000000000007,5.480159315533268,0.2844638949671907,34.24896446479184,0.6600463748302161,1.2378254721670245,97445.32850650851,133.7991658250087,-0.6909562255739695,-3.2782095994347458,1197.5,22.459999084472656,0.2844638949671907,5653402.0,1.7079296734840321,6307712.0,-3.4599959214193454,8630222.0,-4.304084216136994,18962945.0,0.23290135922718802,6997925.0,19385.788508163267,19268.678802777777,1172.9915669105742,0.43566121692651016,6.272660821752511,433294848.85546154,85.69382084420697,347.6577147326336,-542898.5499744385,0.007504790821915908,-0.015073347184766939,22.40999984741211,10.018112254713458
2010-05-05,128.0,131.61,127.55,130.93,9455975,0.8472618038974034,136.92142857142858,138.86733333333333,2.5024830930934248,4.874662829239662,2010,5,125,2,905,2.930000000000007,4.0600000000000165,3.171875000000013,-5.571314277401996,33.61215056130314,-0.062268065806335926,-0.25257050110237445,72221.6069655541,132.61698084081004,0.7809044337518719,-2.4678852745619224,1169.239990234375,25.959999084472656,-5.571314277401996,12651327.0,-3.266774853594856,6102170.0,-1.880016899028314,9229354.0,2.4228921534498404,0.0,-0.0020449705849423516,-3195352.0,18747.477602040817,19284.136267111113,1129.776665355711,0.003877312019262181,6.262421631218435,317835655.40391845,-8.152757856023563,347.51315384963567,61190.608998004645,-0.023599173081941593,0.007504790821915908,22.459999084472656,10.009932372373726
2010-05-06,129.95,132.33,120.6,128.71,10187838,-1.6955625143206254,135.02,138.88966666666667,2.516740455274007,4.857561811661286,2010,5,126,3,906,-1.2399999999999807,11.730000000000018,9.026548672566387,0.8472618038974034,34.704545454545496,-0.8045683476064198,0.0773968839807635,79153.43019190428,131.6916556384128,-0.862362341888227,-2.1192932965245745,1164.3800048828125,25.8799991607666,0.8472618038974034,9455975.0,0.2844638949671907,5653402.0,1.7079296734840321,6307712.0,-3.4599959214193454,8630222.0,0.014257362180582156,731863.0,18230.400400000002,19290.33950677778,1204.4054752066145,0.6473302259701248,6.333982519212816,353564286.95454586,-103.5559920204223,349.54924291952176,-134209.5891132873,-0.00415653363907631,-0.023599173081941593,25.959999084472656,10.066961821096015
2010-05-07,127.97,131.18,123.76,124.98,11936041,-2.897987724341544,132.96714285714285,138.56466666666668,2.3734596166199102,4.828153724500936,2010,5,127,4,907,-2.989999999999995,7.420000000000002,5.79823396108463,-1.6955625143206254,31.619970507689075,-1.6745236299557007,0.17159705523389746,95503.60857737238,130.9745420340558,-1.576817239908427,-4.417724794147361,1127.0400390625,32.7599983215332,-1.6955625143206254,10187838.0,-5.571314277401996,12651327.0,-3.266774853594856,6102170.0,-1.880016899028314,9229354.0,-0.1432808386540967,1748203.0,17680.261079591834,19200.16684844445,999.8225349071269,2.8040293872800164,5.633310551725531,377417264.3985676,-209.28196327186348,328.87764062373236,-276768.28528754495,-0.03206853919143904,-0.00415653363907631,25.8799991607666,9.493838466479644
2010-05-10,129.94,132.21,129.26,131.29,6797131,5.048807809249478,131.47571428571428,138.439,2.560754933483078,4.877408616946019,2010,5,130,0,910,1.3499999999999943,2.950000000000017,2.2702785901185294,-2.897987724341544,37.58892520669104,-1.8336678126515267,-0.430537227544711,51771.8866631122,130.46398908289586,0.6773171696479259,0.1486937474562069,1122.27001953125,28.649999618530277,-2.897987724341544,11936041.0,0.8472618038974034,9455975.0,0.2844638949671907,5653402.0,1.7079296734840321,6307712.0,0.18729531686316792,-5138910.0,17285.863446938773,19165.356720999996,1412.9272981942129,3.3623376471542343,6.557465829357924,255496848.77908105,-240.74224712301893,354.50835223646385,261386.3056842998,-0.004232342566301228,-0.03206853919143904,32.7599983215332,10.243019733932329
2010-05-11,130.26,133.08,128.47,130.46,6041041,-0.6321882854748884,130.52714285714288,138.28366666666668,2.5627592677989375,4.87106666636795,2010,5,131,1,911,0.20000000000001705,4.610000000000014,3.5390756947643287,5.048807809249478,34.22248567476784,-2.003667752796048,-0.11123663792856131,46305.69523225509,130.1124472448944,-0.8441147375025223,1.1916674926081043,1156.3900146484375,31.040000915527344,5.048807809249478,6797131.0,-1.6955625143206254,10187838.0,-5.571314277401996,12651327.0,-3.266774853594856,6102170.0,0.002004334315859335,-756090.0,17037.335022448984,19122.37246677778,1171.17852575969,4.014684463594764,6.567735064689346,206739439.08318517,-261.3984950297724,354.38774833521904,-29273.91807660206,0.030402661145165988,-0.004232342566301228,28.649999618530277,10.251037071195753
2010-05-12,131.0,134.13,129.68,133.87,5895134,2.613827993254625,130.01000000000002,138.19333333333333,2.6017994221247758,4.896869179797807,2010,5,132,2,912,2.8700000000000045,4.449999999999989,3.3969465648854875,-0.6321882854748884,33.89594916600477,-1.842001976524159,-0.024152625350498336,44036.25905729439,129.79380637016786,2.192444020004071,1.8837496098280724,1155.4300537109375,26.559999465942383,-0.6321882854748884,6041041.0,-2.897987724341544,11936041.0,0.8472618038974034,9455975.0,0.2844638949671907,5653402.0,0.039040154325838294,-145907.0,16902.600100000003,19097.397377777776,1148.9353698643795,3.392971281518909,6.769360232968817,199821162.39078635,-246.5888045972892,359.5513348081632,115103.20664216859,-0.0008301359622098214,0.030402661145165988,31.040000915527344,10.407197688499082
2010-05-13,133.68,136.99,131.0,131.47,5929841,-1.7927840442220067,130.24428571428572,138.05,2.6198466710320862,4.878778688708513,2010,5,133,3,913,-2.210000000000008,5.990000000000009,4.480849790544591,2.613827993254625,36.868250539956804,-1.8858022717354004,0.005887397979418285,45104.13782612003,129.31632769959924,-0.3361336902636028,2.4898059906643653,1170.0400390625,26.170000076293945,2.613827993254625,5895134.0,5.048807809249478,6797131.0,-1.6955625143206254,10187838.0,-5.571314277401996,12651327.0,0.018047248907310465,34707.0,16963.57396122449,19057.8025,1359.2678978770252,3.556250208082397,6.863596579717904,218622863.650108,-247.92642466505308,361.6698329359795,-80861.97862305825,0.012644629854173361,-0.0008301359622098214,26.559999465942383,10.479386684128372
2010-05-14,130.2,131.0,126.76,128.53,5273354,-2.236251616338325,129.90142857142857,137.9406666666667,2.597234775191562,4.85616234012204,2010,5,134,4,914,-1.6699999999999875,4.239999999999995,3.256528417818737,-1.7927840442220067,29.69842657342656,-2.1331580326930464,-0.1107090392474267,41028.19575196452,128.55131647101703,0.20452374747025798,-0.22584021848729208,1157.18994140625,28.399999618530277,-1.7927840442220067,5929841.0,-0.6321882854748884,6041041.0,-2.897987724341544,11936041.0,0.8472618038974034,9455975.0,-0.022611895840524365,-656487.0,16874.381144897958,19027.62752044445,881.9965409372088,4.550363192442868,6.745628477464363,156610316.56468523,-274.1748019420373,358.26429637977424,-91749.36906577586,-0.010982613609142988,0.012644629854173361,26.170000076293945,10.388939100766265
2010-05-17,127.85,129.95,125.8,128.91,5641703,0.295650820820037,129.93,137.85466666666665,2.5977261894000514,4.859114486455013,2010,5,137,0,917,1.0600000000000023,4.1499999999999915,3.2459913961673768,-2.236251616338325,34.03166869671131,-2.272332397743156,0.0698509904702016,43764.66527034365,127.5375248763142,-0.6505179099654685,2.022993033651261,1136.52001953125,31.32999992370605,-2.236251616338325,5273354.0,2.613827993254625,5895134.0,5.048807809249478,6797131.0,-1.6955625143206254,10187838.0,0.0004914142084895268,368349.0,16881.804900000003,19003.90912177777,1158.1544742827202,5.163494525833161,6.7481813550949115,191996567.38124228,-292.9263693930703,358.10867793101426,12939.059210091267,-0.017862168634028452,-0.010982613609142988,28.399999618530277,10.390904757600197
2010-05-18,130.11,131.25,125.51,126.28,5240561,-2.0401830734620985,130.1157142857143,137.54533333333333,2.5532754955146584,4.838501663689791,2010,5,138,1,918,-3.8300000000000125,5.739999999999995,4.411651679348239,0.295650820820037,34.06486222872469,-2.565277186340893,-0.07110299850949264,41499.53278428888,126.5123628847864,-0.7879448767590427,0.5555819919726446,1138.780029296875,28.670000076293945,0.295650820820037,5641703.0,-1.7927840442220067,5929841.0,-0.6321882854748884,6041041.0,-2.897987724341544,11936041.0,-0.04445069388539302,-401142.0,16930.099104081633,18918.71872177778,1160.4148386619943,6.580647042761049,6.519215755995624,178518988.4662277,-323.94320309112794,351.1911291223955,-84666.64434309161,0.0019885349371646655,-0.017862168634028452,31.32999992370605,10.213101982058618
2010-05-19,125.5,127.93,123.8,124.59,6460003,-1.338295850490967,129.1585714285714,137.20266666666666,2.561162665919976,4.825028346310772,2010,5,139,2,919,-0.9099999999999966,4.13000000000001,3.290836653386462,-2.0401830734620985,28.745039682539684,-2.900373220868005,0.23269302656719382,51850.09230275303,125.61412641376899,0.07586260364594108,-1.0999890174149272,1119.5699462890625,34.650001525878906,-2.0401830734620985,5240561.0,-2.236251616338325,5273354.0,2.613827993254625,5895134.0,5.048807809249478,6797131.0,0.007887170405317612,1219442.0,16681.936573469382,18824.571740444444,826.2773063507811,8.412164820328245,6.559554201302318,185693042.5843254,-361.35749958794474,351.3983475313298,-69390.76337634801,-0.01686900236534139,0.0019885349371646655,28.670000076293945,10.24465066367992
2010-05-20,122.3,125.0,118.78,119.71,8570637,-3.9168472590095593,127.62285714285714,136.49433333333334,2.483698003453705,4.785072151263279,2010,5,140,3,920,-2.5900000000000034,6.219999999999999,5.08585445625511,-1.338295850490967,28.567907320680305,-3.5191479120688314,0.3267233776826419,71594.99624091556,124.91609667007057,-1.2014231796407497,-4.004673490429823,1107.3399658203125,41.790000915527344,-1.338295850490967,6460003.0,0.295650820820037,5641703.0,-1.7927840442220067,5929841.0,-0.6321882854748884,6041041.0,-0.07746466246627115,2110634.0,16287.593665306122,18630.703032111112,816.1253286829793,12.384402027018416,6.16875577235992,244845163.49519348,-421.2771965537598,339.0107031827445,-280426.6647850298,-0.01092381990896385,-0.01686900236534139,34.650001525878906,9.934792013814842
2010-05-21,117.72,124.97,117.52,122.72,7966546,2.5144098237407153,126.03,135.91633333333334,2.5441856734032053,4.809905337618946,2010,5,141,4,921,5.0,7.450000000000003,6.328576282704726,-3.9168472590095593,32.90113452188004,-3.7237246882282022,-0.07048379251157177,64916.44393741852,124.4413772365568,1.5600315103040696,-3.281408746860876,1067.260009765625,47.65999984741211,-3.9168472590095593,8570637.0,-2.0401830734620985,5240561.0,-2.236251616338325,5273354.0,2.613827993254625,5895134.0,0.0604876699495005,-604091.0,15883.5609,18473.24966677778,1082.4846528268465,13.866125553720222,6.472880740750122,262108401.62074533,-456.975493739365,345.7963880481612,163226.54435855852,-0.036194806736697616,-0.01092381990896385,41.790000915527344,10.176742693612823
2010-05-24,122.34,124.5,120.65,122.12,4535832,-0.4889178617992096,124.69428571428571,135.28033333333335,2.533703864953423,4.805004167866677,2010,5,144,0,924,-0.21999999999999886,3.8499999999999943,3.1469674677129267,2.5144098237407153,39.33019651259339,-3.8894332770912143,-0.4306400791509897,37142.41729446446,124.14941886457038,0.6466972634457315,-2.6761161280161048,1084.780029296875,41.7400016784668,2.5144098237407153,7966546.0,-1.338295850490967,6460003.0,0.295650820820037,5641703.0,-1.7927840442220067,5929841.0,-0.010481808449782193,-3430714.0,15548.664889795918,18300.76858677778,1546.864357719213,15.127691216944504,6.419655275279914,178395163.9081095,-474.97759179837914,342.7603034188541,-18159.59124566355,0.016415886823209602,-0.036194806736697616,47.65999984741211,10.134815459813694
2010-05-25,118.62,125.19,118.5,124.86,7107564,2.243694726498524,124.17,134.77033333333333,2.5801443383207245,4.8271931096335985,2010,5,145,1,925,6.239999999999995,6.689999999999998,5.639858371269598,-0.4889178617992096,41.964522107492705,-3.756362419054085,0.566981316768346,56924.26717924075,124.04814723580641,0.2325591942829096,0.5792935699106749,1067.4200439453125,43.150001525878906,-0.4889178617992096,4535832.0,-3.9168472590095593,8570637.0,-2.0401830734620985,5240561.0,-2.236251616338325,5273354.0,0.046440473367301394,2571732.0,15418.188900000001,18163.042746777777,1761.021115710244,14.110258623281856,6.657144806568489,298265526.6084193,-469.01941164309306,347.7269125235968,127720.67807985548,-0.016003230961778248,0.016415886823209602,41.7400016784668,10.320577353282886
2010-05-26,125.09,125.79,122.3,123.21,6952890,-1.3214800576645924,123.35571428571427,134.068,2.508990489620457,4.813890216636577,2010,5,146,2,926,-1.8800000000000097,3.490000000000009,2.7899912063314485,2.243694726498524,42.6075268817204,-3.7409210069844647,-0.021761886350935455,56431.21499878257,124.20899968151187,-0.2124569519387279,-0.7865427295731422,1075.510009765625,32.540000915527344,2.243694726498524,7107564.0,2.5144098237407153,7966546.0,-1.338295850490967,6460003.0,0.295650820820037,5641703.0,-0.07115384870026764,-154674.0,15216.632246938772,17974.228624000003,1815.4013469765268,13.994489980497661,6.2950332770059,296245447.58064497,-460.91887727055587,336.3753369624354,-74572.72525067421,0.0075789899826230744,-0.016003230961778248,43.150001525878906,10.035961958481835
2010-05-27,124.98,126.85,120.6,126.7,4737157,2.8325622920217564,123.41571428571429,133.43066666666667,2.566905936766485,4.841822087327094,2010,5,147,3,927,1.7199999999999989,6.25,5.000800128020483,-1.3214800576645924,52.32683982683982,-3.40778689773353,-0.3186779885774117,37388.768745067086,124.50508412132811,-0.12325312719185512,2.3181690058637514,1074.27001953125,30.239999771118164,-1.3214800576645924,6952890.0,-0.4889178617992096,4535832.0,-3.9168472590095593,8570637.0,-2.0401830734620985,5240561.0,0.05791544714602814,-2215733.0,15231.438532653061,17803.74280711111,2738.09816626375,11.613011540364315,6.589006088207026,247880455.57359305,-431.76659994283824,342.50397041337663,105906.01649239863,-0.0011529323047818618,0.0075789899826230744,32.540000915527344,10.267623747065954
2010-05-28,125.95,127.6,124.01,125.46,3953851,-0.9786898184688364,123.53999999999999,132.87366666666668,2.5395059866273586,4.831986982668597,2010,5,148,4,928,-0.4900000000000091,3.589999999999989,2.8503374354902653,2.8325622920217564,40.859203512072746,-3.2068665910812513,-0.16535360765961526,31514.833413040014,124.68400059093703,-0.7753039198233961,1.5513033288863625,1102.5899658203125,30.229999542236328,2.8325622920217564,4737157.0,2.243694726498524,7107564.0,2.5144098237407153,7966546.0,-1.338295850490967,6460003.0,-0.02739995013912644,-783306.0,15262.131599999999,17655.41129344445,1669.4745116409779,10.283993332993084,6.449090656116194,161551202.66541234,-402.33348251705377,337.43347196512815,-30843.246592083753,0.026362037266403293,-0.0011529323047818618,30.239999771118164,10.158023946509445
2010-06-01,124.53,126.57,123.02,123.24,3650661,-1.7694882831181258,124.0442857142857,132.234,2.5494584338268056,4.814133673728467,2010,6,152,1,932,-1.2900000000000063,3.549999999999997,2.8507187023207234,-0.9786898184688364,39.15264423076922,-3.189998925287256,-0.07668220173193174,29622.370983446934,124.58175084416966,-1.3611043759343628,0.019353531764693344,1087.300048828125,34.869998931884766,-0.9786898184688364,3953851.0,-1.3214800576645924,6952890.0,-0.4889178617992096,4535832.0,-3.9168472590095593,8570637.0,0.00995244719944699,-303190.0,15386.984818367346,17485.830756000003,1532.9295502611863,10.176093143333848,6.499738305810628,142933031.3401442,-393.1354675524014,337.1250865386538,-52416.438373387704,-0.013867273842649186,0.026362037266403293,30.229999542236328,10.197833735307213
2010-06-02,123.9,126.43,121.65,126.31,4747392,2.491074326517362,124.55714285714285,131.63766666666666,2.58793168311434,4.8387392027858835,2010,6,153,2,933,2.4099999999999966,4.780000000000001,3.8579499596448756,-1.7694882831181258,38.524590163934434,-2.895529968607775,0.30041984177659886,37585.24265695511,124.20742680941144,0.665218308891971,1.4373548816965922,1073.010009765625,34.38999938964844,-1.7694882831181258,3650661.0,2.8325622920217564,4737157.0,2.243694726498524,7107564.0,2.5144098237407153,7966546.0,0.03847324928753437,1096731.0,15514.481836734692,17328.47528544444,1484.1440472991137,8.384093799105743,6.6973903964670205,182891331.14754102,-365.73439033484806,340.6692882579111,93627.63303866607,-0.013142682259512095,-0.013867273842649186,34.869998931884766,10.351726732457351
2010-06-03,126.17,129.15,124.85,128.76,5272725,1.9396722349774187,125.50571428571428,131.04866666666666,2.599143541338787,4.8579502064306075,2010,6,154,3,934,2.589999999999989,4.300000000000011,3.40810018229374,2.491074326517362,45.89269475598665,-2.4363815841026764,0.11065717766723293,40950.023299161236,123.77056438379987,0.7419103252748399,4.247525290925296,1098.8199462890625,29.649999618530277,2.491074326517362,4747392.0,-0.9786898184688364,3953851.0,-1.3214800576645924,6952890.0,-0.4889178617992096,4535832.0,0.011211858224446924,525333.0,15751.684318367345,17173.75303511111,2106.139431966165,5.935955223354666,6.75554714848313,241979558.9572597,-313.70849276906057,340.61429556772623,79429.62321506144,0.024053770504037564,-0.013142682259512095,34.38999938964844,10.396574165355162
2010-06-04,126.85,128.2,122.18,122.77,5467312,-4.652065858962406,125.20714285714284,130.138,2.6519414455246313,4.8103126861927485,2010,6,155,4,935,-4.079999999999998,6.019999999999982,4.745762711864392,1.9396722349774187,42.00887902330742,-2.526719669358215,0.03690444694157202,44532.96407917244,123.41190121531889,0.4936846666335895,-1.1355858819524798,1098.4300537109375,32.93000030517578,1.9396722349774187,5272725.0,-1.7694882831181258,3650661.0,2.8325622920217564,4737157.0,2.243694726498524,7107564.0,0.0527979041858444,194587.0,15676.828622448975,16935.899044,1764.7459167948784,6.384312287521688,7.032793430491271,229675648.39067695,-310.20537380710806,345.1183558376845,-207170.2817911173,-0.000354828449776301,0.024053770504037564,29.649999618530277,10.607765782098511
2010-06-07,125.8,126.61,121.67,122.01,6558999,-0.6190437403274296,125.03571428571429,129.41733333333335,2.559797393135487,4.8041030085872425,2010,6,158,0,938,-3.789999999999992,4.939999999999998,3.926868044515101,-4.652065858962406,40.52718286655685,-2.6293296259617307,0.1996752700412927,53757.88050159823,123.12478361077464,0.4859244217573125,-1.600708032531955,1065.8399658203125,35.65999984741211,-4.652065858962406,5467312.0,2.491074326517362,4747392.0,-0.9786898184688364,3953851.0,-1.3214800576645924,6952890.0,-0.09214405238914436,1091687.0,15633.929846938778,16748.846167111114,1642.452551099339,6.9133742819600545,6.552562693903234,265817751.8945635,-320.80450766359075,331.28215249321306,-33278.479417784365,-0.029669697929806782,-0.000354828449776301,32.93000030517578,10.239189572541946
2010-06-08,121.86,122.0,115.8,118.83,11508385,-2.6063437423162084,123.91142857142857,128.47466666666668,2.5255164562709282,4.7776939003019345,2010,6,159,1,939,-3.030000000000001,6.200000000000003,5.087805678647631,-0.6190437403274296,39.92426291587774,-2.9334333853979757,0.7545947178830184,96847.47117731212,122.94763291674977,0.5762303714206447,-4.693863288170419,1050.81005859375,36.52999877929688,-0.6190437403274296,6558999.0,1.9396722349774187,5272725.0,-1.7694882831181258,3650661.0,2.8325622920217564,4737157.0,-0.034280936864558686,4949386.0,15354.042130612244,16505.739975111115,1593.9467693761305,8.605031426567429,6.378233370895267,459463788.47714365,-348.57988918684146,324.4648848805888,-252417.8004621368,-0.014101467113775246,-0.029669697929806782,35.65999984741211,10.102065825083727
2010-06-09,120.3,121.47,117.36,117.91,7363130,-0.7742152655053403,122.83285714285714,127.671,2.470508461396224,4.769921621588582,2010,6,160,2,940,-2.3900000000000006,4.109999999999999,3.4164588528678297,-2.6063437423162084,40.77348066298342,-3.2116521896810895,-0.3601943278748495,62447.03587481978,122.89578570987071,-1.0933524064217532,-3.8924333034489536,1062.75,32.33000183105469,-2.6063437423162084,11508385.0,-4.652065858962406,5467312.0,2.491074326517362,4747392.0,-0.9786898184688364,3953851.0,-0.0550079948747042,-4145255.0,15087.910793877549,16299.884241000002,1662.4767253746827,10.314709787483336,6.103412057830338,300220438.6740331,-378.68590968529725,315.41228577491734,-48347.44845984511,0.011362606694333088,-0.014101467113775246,36.52999877929688,9.8820338455849
2010-06-10,119.56,123.5,119.2,123.21,6045279,4.494953778305488,122.82857142857142,127.13300000000001,2.6249433602303105,4.813890216636577,2010,6,161,3,941,3.6499999999999915,4.299999999999997,3.59652057544329,-0.7742152655053403,54.77880939377389,-2.9702378375988587,-0.17897972737137602,49064.84051619187,123.00758777890556,-1.221534039952731,1.4239462610471634,1058.77001953125,31.0,-0.7742152655053403,7363130.0,-0.6190437403274296,6558999.0,1.9396722349774187,5272725.0,-1.7694882831181258,3650661.0,0.15443489883408645,-1317851.0,15086.857959183671,16162.799689000003,3000.717958599411,8.822312811903945,6.8903276444171935,331153186.073184,-365.96300397055535,333.71692421616007,220544.19026021284,-0.003744982798165153,0.011362606694333088,32.33000183105469,10.499773440921231
2010-06-11,121.4,123.53,120.29,123.03,4203686,-0.14609203798392478,122.36,126.50966666666666,2.5958488528725954,4.812428228072077,2010,6,162,4,942,1.6299999999999955,3.239999999999995,2.6688632619439825,4.494953778305488,50.458715596330286,-2.761605649071754,-0.30463325183171863,34167.97529057953,123.35962899723447,0.13909045171960072,-0.4687194489540616,1082.6500244140625,31.790000915527344,4.494953778305488,6045279.0,-2.6063437423162084,11508385.0,-4.652065858962406,5467312.0,2.491074326517362,4747392.0,-0.029094507357715127,-1841593.0,14971.9696,16004.69576011111,2546.0819796313453,7.626465760985024,6.738431266959969,212112596.33027527,-339.7603430052979,328.3999730939611,-4991.669143985148,0.022554477782989135,-0.003744982798165153,31.0,10.383395411490383
2010-06-14,124.49,125.7,123.5,123.83,3918871,0.6502479070145561,121.6557142857143,126.06733333333335,2.5467010677656736,4.818909657227008,2010,6,165,0,945,-0.6599999999999966,2.200000000000003,1.7672102176881703,-0.14609203798392478,52.51544571932921,-2.502858428441442,-0.06775363335891404,31647.185657756603,123.83794113547955,0.6481218276269903,-0.6560629631065495,1095.0,27.940000534057617,-0.14609203798392478,4203686.0,-0.7742152655053403,7363130.0,-0.6190437403274296,6558999.0,1.9396722349774187,5272725.0,-0.04914778510692175,-284815.0,14800.11281836735,15892.972533777782,2757.8720390998124,6.264300312820366,6.485686328558822,205801257.28155336,-309.9289591939038,321.0558124103711,20578.51623685731,0.011407172500292884,0.022554477782989135,31.790000915527344,10.186804271062684
2010-06-15,123.2,126.92,122.5,126.84,4539656,2.4307518371961656,122.23714285714286,125.71233333333333,2.5936154970727134,4.842926449670147,2010,6,166,1,946,3.6400000000000006,4.420000000000002,3.587662337662339,0.6502479070145561,52.88966725043783,-2.031499683748848,0.1584091438580142,35790.41311888994,124.22719303063883,0.05132091925807496,2.561486050103099,1091.2099609375,27.68000030517578,0.6502479070145561,3918871.0,4.494953778305488,6045279.0,-2.6063437423162084,11508385.0,-4.652065858962406,5467312.0,0.04691442930703982,620785.0,14941.91909387755,15803.590752111111,2797.316901862036,4.126990965071669,6.726841346655738,240100895.27145362,-257.6754198867039,326.04945590650397,86997.61244275147,-0.0034612228881278906,0.011407172500292884,27.940000534057617,10.37446198829086
2010-06-16,125.59,127.98,125.36,126.9,3963663,0.047303689687794304,122.9357142857143,125.61466666666666,2.389913082252321,4.843399374720342,2010,6,167,2,947,1.3100000000000023,2.6200000000000045,2.0861533561589334,2.4307518371961656,55.64738292011022,-1.6342642036193382,-0.12688031868493999,31234.539007092197,124.34623574594296,1.1204294898094038,1.4333347642476326,1114.02001953125,26.71999931335449,2.4307518371961656,4539656.0,-0.14609203798392478,4203686.0,-0.7742152655053403,7363130.0,-0.6190437403274296,6558999.0,-0.20370241482039253,-575993.0,15113.189846938778,15779.044481777777,3096.6312258573744,2.6708194872315496,5.711684540720789,220567472.72727284,-207.38812743929404,300.2081351894312,1477.508940732796,0.020903455256358727,-0.0034612228881278906,27.68000030517578,9.559652329009282
2010-06-17,126.91,127.8,124.69,125.89,3476968,-0.7959022852639941,123.94428571428571,125.44666666666667,2.3875029490231903,4.835408509778168,2010,6,168,3,948,-1.019999999999996,3.1099999999999994,2.450555511780001,0.047303689687794304,48.658496190791645,-1.3849855316817639,-0.12278919776984065,27619.096036222098,124.1507449612493,0.7715582450172783,0.967696793733424,1115.97998046875,25.59000015258789,0.047303689687794304,3963663.0,0.6502479070145561,3918871.0,4.494953778305488,6045279.0,-2.6063437423162084,11508385.0,-0.00241013322913064,-486695.0,15362.18596122449,15736.86617777778,2367.649251549285,1.918184922967818,5.70017033159443,169184034.18350443,-174.35582858341726,299.5042866117958,-21982.101652154888,0.0017593588114552805,0.020903455256358727,26.71999931335449,9.550011796092775
2010-06-18,126.02,127.48,125.07,125.83,3835586,-0.04766065612836767,125.07571428571428,125.35066666666667,2.36848749978507,4.834931789603877,2010,6,169,4,949,-0.18999999999999773,2.410000000000011,1.9123948579590628,-0.7959022852639941,50.6377111340917,-1.1786847427656255,0.10314101251435148,30482.285623460226,123.71887278002141,-1.4237154580817766,3.5348426780603575,1116.1600341796875,24.8700008392334,-0.7959022852639941,3476968.0,2.4307518371961656,4539656.0,-0.14609203798392478,4203686.0,-0.7742152655053403,7363130.0,-0.019015449238120485,358618.0,15643.934304081633,15712.789633777778,2564.177788899715,1.3892977228284689,5.609733036638131,194225295.89796627,-148.31390118219866,296.89148708972505,-1452.8057331064235,0.00016134134490641827,0.0017593588114552805,25.59000015258789,9.473949999140274
2010-06-21,126.79,127.48,121.41,122.55,5311594,-2.6066915679885616,124.98142857142857,125.26966666666667,2.356971501212497,4.808519109974122,2010,6,172,0,952,-4.240000000000009,6.070000000000007,4.787443804716466,-0.04766065612836767,48.85267708679747,-1.265273187429429,0.3848194252455819,43342.26030191759,123.05773076709703,-1.0783357000867466,0.5706049329897098,1122.7900390625,22.899999618530277,-0.04766065612836767,3835586.0,0.047303689687794304,3963663.0,0.6502479070145561,3918871.0,4.494953778305488,6045279.0,-0.011515998572572794,1476008.0,15620.3574877551,15692.489386777777,2386.5840585469064,1.6009162388278269,5.555314657527892,259485586.4981709,-155.05922911947653,295.2570342997224,-112979.90446657395,0.005940012793671734,0.00016134134490641827,24.8700008392334,9.427886004849995
2010-06-22,122.64,125.23,121.55,122.31,6193108,-0.1958384332925278,124.87857142857142,124.97033333333334,2.1522201046904788,4.806558805499272,2010,6,173,1,953,-0.3299999999999983,3.680000000000007,3.0006523157208145,-2.6066915679885616,42.65785609397944,-1.3378393684346577,0.16596035013218247,50634.51884555637,122.05894503879168,0.017002105510855375,0.23405285569747036,1113.9000244140625,25.13999938964844,-2.6066915679885616,5311594.0,-0.7959022852639941,3476968.0,2.4307518371961656,4539656.0,-0.14609203798392478,4203686.0,-0.20475139652201824,881514.0,15594.657602040814,15617.584213444447,1819.6926865346588,1.7898141757336437,4.6320513790338955,264184709.8384728,-163.63113315324298,268.9636638898707,-9916.184841234734,-0.007917789024794342,0.005940012793671734,22.899999618530277,8.608880418761927
2010-06-23,122.15,123.22,120.04,121.45,5453970,-0.7031313874581002,124.53857142857143,124.67000000000002,2.1527349248677505,4.799502655448181,2010,6,174,2,954,-0.7000000000000028,3.1799999999999926,2.6033565288579554,-0.1958384332925278,35.75048732943472,-1.4480511698668437,-0.11934847575724494,44907.12227254014,120.68915525976965,0.2421872411986724,0.5186574990316757,1095.5699462890625,26.93000030517578,-0.1958384332925278,6193108.0,-0.04766065612836767,3835586.0,0.047303689687794304,3963663.0,0.6502479070145561,3918871.0,0.0005148201772717798,-739138.0,15509.855773469388,15542.608900000005,1278.0973442920724,2.0968521905527346,4.63426765674536,194982085.3801171,-175.86581458032816,268.3814630832625,-31575.607190241702,-0.01645576597831755,-0.007917789024794342,25.13999938964844,8.61093969947099
2010-06-24,120.78,120.85,116.8,118.33,7766031,-2.5689584191025183,123.32285714285715,124.152,2.1256101228025424,4.773477331396467,2010,6,175,3,955,-2.450000000000003,4.049999999999997,3.3532041728763016,-0.7031313874581002,40.25460930640914,-1.7667863285972771,0.4239225738315393,65630.27972618947,119.06912279819052,-0.23599199605480708,-0.5031308021357148,1090.9300537109375,27.61000061035156,-0.7031313874581002,5453970.0,-2.6066915679885616,5311594.0,-0.7959022852639941,3476968.0,2.4307518371961656,4539656.0,-0.027124802065208176,2312061.0,15208.527093877552,15413.719104,1620.433570411641,3.121533930918246,4.518218394160639,312618543.76646185,-209.0638262629158,263.89874796618125,-168601.45965064777,-0.004235140434292961,-0.01645576597831755,26.93000030517578,8.50244049121018
2010-06-25,118.08,121.76,117.63,121.0,5678541,2.256401588777157,122.47999999999999,123.80300000000001,2.1616265825068592,4.795790545596741,2010,6,176,4,956,2.9200000000000017,4.13000000000001,3.497628726287271,-2.5689584191025183,47.95463750506277,-1.78338183667843,-0.2687975363477174,46930.09090909091,117.3453521697561,1.0701634094111212,2.58448442083278,1075.0999755859375,29.63999938964844,-2.5689584191025183,7766031.0,-0.1958384332925278,6193108.0,-0.04766065612836767,3835586.0,0.047303689687794304,3963663.0,0.03601645970431688,-2087490.0,15001.350399999998,15327.182809000004,2299.647258241973,3.1804507753945304,4.672629482200284,272312375.21263665,-215.78920223809,267.6158557940967,105893.13168872915,-0.014510626113151792,-0.004235140434292961,27.61000061035156,8.64650633002745
2010-06-28,118.77,120.04,117.1,117.8,5607767,-2.6446280991735516,121.32428571428571,123.44533333333332,2.175781797388638,4.768988271217486,2010,6,179,0,959,-0.9699999999999989,2.940000000000012,2.475372568830523,2.256401588777157,47.91582355321732,-2.0313312309108937,-0.012463412697028997,47604.13412563667,115.76365827778255,0.9689429162788022,1.0673988059386375,1077.5,29.200000762939453,2.256401588777157,5678541.0,-0.7031313874581002,5453970.0,-2.6066915679885616,5311594.0,-0.7959022852639941,3476968.0,0.014155214881778733,-70774.0,14719.58230408163,15238.750321777776,2295.926146783056,4.126306569673966,4.734026429847732,268700774.09955484,-239.29081900130328,268.5901092392395,-125895.23074548531,0.0022323732383626727,-0.014510626113151792,29.63999938964844,8.70312718955455
2010-06-29,116.09,116.48,106.01,108.61,12831924,-7.801358234295419,118.86428571428573,122.76866666666666,2.5700340499337906,4.687763484291945,2010,6,180,1,960,-7.480000000000004,10.469999999999999,9.018864673959857,-2.6446280991735516,35.90054578532444,-2.9355499160684104,1.2882412910522136,118146.80047877728,114.5670864009847,-0.9508559445029013,-5.006230456481802,1071.0999755859375,31.21999931335449,-2.6446280991735516,5607767.0,-2.5689584191025183,7766031.0,-0.1958384332925278,6193108.0,-0.04766065612836767,3835586.0,0.3942522525451526,7224157.0,14128.71841836735,15072.14551511111,1288.8491876841763,8.617453309729251,6.605075017819082,460673075.0758035,-318.8300763841901,315.5196535983049,-921705.5147707671,-0.005939697832076596,0.0022323732383626727,29.200000762939453,10.280136199735153
2010-06-30,108.57,112.68,108.11,109.26,9740658,0.5984715956173448,116.96571428571428,122.20133333333334,2.5619608998055874,4.693730362967572,2010,6,181,2,961,0.6900000000000119,4.570000000000007,4.209265911393578,-7.801358234295419,25.37945640663611,-3.558677946706723,-0.24090432580492216,89151.18066996156,113.76907107890096,-1.1024107514249457,-3.4066603274760183,1040.56005859375,33.95000076293945,-7.801358234295419,12831924.0,2.256401588777157,5678541.0,-0.7031313874581002,5453970.0,-2.6066915679885616,5311594.0,-0.0080731501282032,-3091266.0,13680.978318367346,14933.165868444445,644.1168074963426,12.664188728376779,6.563643652132655,247212605.08295128,-388.8211524571766,313.0750379041092,53354.449346722075,-0.028512667060309527,-0.005939697832076596,31.21999931335449,10.247843599222335
2010-07-01,108.86,111.69,106.7,110.96,8527241,1.555921654768433,115.34428571428573,121.747,2.5817428696368157,4.7091697760065765,2010,7,182,3,962,2.0999999999999943,4.989999999999995,4.583869189785041,0.5984715956173448,29.782244556113895,-3.870716398668847,-0.12457238515098257,76849.68457101658,113.28419803419091,0.542043490722232,-2.86624152491315,1031.0999755859375,34.40999984741211,0.5984715956173448,9740658.0,-2.6446280991735516,5607767.0,-2.5689584191025183,7766031.0,-0.1958384332925278,6193108.0,0.019781969831228263,-1213417.0,13304.30424693878,14822.332009,886.9820908001757,14.982445438923929,6.665396244920539,253960376.8509212,-429.49469159629524,314.3194491496734,119572.08838616822,-0.00909133781340521,-0.028512667060309527,33.95000076293945,10.32697147854725
2010-07-02,110.76,111.29,108.56,109.14,4474434,-1.6402307137707184,113.58571428571429,121.39466666666667,2.5057069301141546,4.6926314617580855,2010,7,183,4,963,-1.6200000000000045,2.730000000000004,2.4647887323943696,1.555921654768433,26.20667314544866,-4.216265426289681,-0.47527764255754,40997.19626168224,113.10916455181275,0.44219762547707864,-4.411362177289831,1027.6500244140625,31.709999084472656,1.555921654768433,8527241.0,-7.801358234295419,12831924.0,2.256401588777157,5678541.0,-0.7031313874581002,5453970.0,-0.07603593952266108,-4052807.0,12901.714489795919,14736.665095111111,686.7897173523801,17.776894144925706,6.278567219622101,117260029.34888244,-460.1632086252558,304.17945754556445,-67244.86048689729,-0.0033458939516650688,-0.00909133781340521,34.40999984741211,10.022827720456633
2010-07-06,111.25,112.53,109.0,110.06,5215831,0.8429540040315153,112.4042857142857,120.97266666666665,2.459662010733624,4.701025671631613,2010,7,187,1,967,-1.1899999999999977,3.530000000000001,3.1730337078651694,-1.6402307137707184,20.847810979847125,-4.3655557991972955,0.16569626460017073,47390.795929493004,113.40093343396008,-0.2553274179286119,-3.0856060160314627,1028.0899658203125,28.81999969482422,-1.6402307137707184,4474434.0,0.5984715956173448,9740658.0,-2.6446280991735516,5607767.0,-2.5689584191025183,7766031.0,-0.04604491938053057,741397.0,12634.723446938773,14634.386080444441,434.63122265143437,19.058077435905137,6.049937207046174,108738658.790827,-480.4730712596544,297.5518725371418,39948.261183006565,0.00042810431158302187,-0.0033458939516650688,31.709999084472656,9.838648042934494
2010-07-07,109.98,113.63,109.81,113.43,4933341,3.061966200254407,111.32285714285715,120.68299999999999,2.53612676066265,4.731185906570952,2010,7,188,2,968,3.450000000000003,3.819999999999993,3.4733587925077227,0.8429540040315153,29.012153318790908,-4.163939358606996,-0.054160113700002954,43492.38296746892,114.33506382332861,0.32643018943888585,-1.2314940127674845,1028.5400390625,29.559999465942383,0.8429540040315153,5215831.0,1.555921654768433,8527241.0,-7.801358234295419,12831924.0,2.256401588777157,5678541.0,0.07646474992902608,-282490.0,12392.77852244898,14564.386488999999,841.7050401930303,17.33839098215644,6.431938946149227,143126845.46587726,-472.3156414467916,306.06738585705057,133172.20661491028,0.00043777612577744485,0.00042810431158302187,28.81999969482422,10.144507042650588
2010-07-08,115.21,117.48,114.07,116.22,6770943,2.4596667548267614,111.09714285714286,120.395,2.543639730733566,4.755484946646959,2010,7,189,3,969,1.0100000000000051,3.410000000000011,2.9598125162746385,3.061966200254407,35.72483023324476,-3.735961356906813,0.37248631302802715,58259.7057305111,115.72605356355947,0.7008915412994672,-0.20694510485894568,1062.9200439453125,26.5,3.061966200254407,4933341.0,-1.6402307137707184,4474434.0,0.5984715956173448,9740658.0,-2.6446280991735516,5607767.0,0.007512970070915781,1837602.0,12342.575151020408,14494.956025,1276.2634951941588,13.957407260300997,6.470103079766328,241890789.19397697,-434.19342889970983,306.24150538166765,143299.46133132832,0.03342602482850299,0.00043777612577744485,29.559999465942383,10.174558922934267
2010-07-09,116.5,117.4,114.65,117.26,4063873,0.8948545861297674,112.33285714285714,120.19666666666667,2.5423397448480918,4.764393691536069,2010,7,190,4,970,0.7600000000000051,2.75,2.3605150214592276,2.4596667548267614,37.70444763271163,-3.2751129355530253,-0.3998069397423668,34656.94183864915,117.0911631638421,-0.6547058014634862,0.8235426376214008,1070.5,25.350000381469727,2.4596667548267614,6770943.0,0.8429540040315153,5215831.0,1.555921654768433,8527241.0,-7.801358234295419,12831924.0,-0.0012999858854740864,-2707070.0,12618.670793877549,14447.23867777778,1421.6253712878934,10.726364740626755,6.46349137823426,153226086.7144907,-384.03974282294774,305.5807628649245,31012.92334554781,0.007131257047851447,0.03342602482850299,26.5,10.16935897939237
2010-07-12,118.01,119.7,117.32,119.51,4778776,1.9188128944226612,113.79714285714286,119.95700000000001,2.510863155215929,4.783400049878789,2010,7,193,0,973,1.5,2.3800000000000097,2.016778239132285,0.8948545861297674,45.505617977528104,-2.6972389537453125,0.17591666865573807,39986.41117898084,118.25151986796524,-1.3502196223545777,2.6086997543893347,1077.22998046875,24.65999984741211,0.8948545861297674,4063873.0,3.061966200254407,4933341.0,-1.6402307137707184,4474434.0,0.5984715956173448,9740658.0,-0.03147658963216271,714903.0,12949.78972244898,14389.681849000002,2070.761267516729,7.275097973601108,6.30443378422089,217461155.05617985,-322.3470273621023,301.1956115102372,76726.44137191487,0.00628676363264824,0.007131257047851447,25.350000381469727,10.043452620863718
2010-07-13,121.0,124.88,120.3,123.65,7062190,3.4641452598108913,115.61000000000001,119.89666666666668,2.59087638560712,4.817454993967425,2010,7,194,1,974,2.6500000000000057,4.579999999999998,3.7851239669421473,1.9188128944226612,51.776246023329804,-1.8834945069871907,0.4778240285797033,57114.355034371205,119.17354629816366,0.7966689280329244,3.6797847738034193,1080.6500244140625,23.290000915527344,1.9188128944226612,4778776.0,2.4596667548267614,6770943.0,0.8429540040315153,5215831.0,1.555921654768433,8527241.0,0.08001323039119113,2283414.0,13365.672100000003,14375.210677777779,2680.7796522683752,3.5475515578509205,6.712640445496615,365653686.9034995,-232.89409578896613,310.63744237967506,197852.42225947333,0.0031748503173150144,0.00628676363264824,24.65999984741211,10.36350554242847
2010-07-14,123.04,123.75,121.47,123.3,5251489,-0.28305701577032716,117.63285714285713,119.89866666666667,2.5703077841553945,4.814620410170298,2010,7,195,2,975,0.2599999999999909,2.280000000000001,1.8530559167750333,3.4641452598108913,52.485890889545814,-1.2524013420685947,-0.25639369657287614,42591.15166261152,119.83476351136221,0.5355019624021615,2.9297345262356203,1095.6099853515625,24.61000061035156,3.4641452598108913,7062190.0,0.8948545861297674,4063873.0,3.061966200254407,4933341.0,-1.6402307137707184,4474434.0,-0.020568601451725677,-1810701.0,13837.489079591835,14375.690268444445,2754.768742469308,1.568509121615217,6.606482105289814,275629078.66165006,-154.42108547705772,308.1764762431863,-12055.724287840225,0.013843483643662946,0.0031748503173150144,23.290000915527344,10.281231136621585
2010-07-15,120.31,122.48,119.26,122.06,6047638,-1.0056772100567657,119.34714285714287,119.757,2.5340752347696855,4.804512727116349,2010,7,196,3,976,1.75,3.219999999999999,2.6764192502701345,-0.28305701577032716,55.278799886781776,-0.8426001291885683,0.15160443066718798,49546.436178928394,120.2375118252652,0.16433913272357825,1.6581490420112175,1094.4599609375,25.07999992370605,-0.28305701577032716,5251489.0,1.9188128944226612,4778776.0,2.4596667548267614,6770943.0,0.8429540040315153,5215831.0,-0.03623254938570897,796149.0,14243.740508163268,14341.739049000002,3055.745716922865,0.709974977708592,6.421537295473037,334306170.7896972,-102.84777176875664,303.47324789031325,-49827.721704680305,-0.001049665875118344,0.013843483643662946,24.61000061035156,10.136300939078751
2010-07-16,121.25,121.92,118.01,118.49,6223925,-2.9247910863509863,120.07000000000001,119.41466666666666,2.555759737423441,4.7748285688286485,2010,7,197,4,977,-2.760000000000005,3.9099999999999966,3.224742268041234,-1.0056772100567657,46.53601987303339,-0.7967148469698628,0.02914972754652312,52527.00649843869,120.34121808421962,-0.447227656372038,-1.4039904278475888,1093.8499755859375,25.770000457763672,-1.0056772100567657,6047638.0,3.4641452598108913,7062190.0,0.8948545861297674,4063873.0,3.061966200254407,4933341.0,0.021684502653755544,176287.0,14416.804900000001,14259.86261511111,2165.6011456233587,0.6347545473822119,6.531907835434737,289636697.4882693,-94.40274221745905,305.19519712450773,-153630.52039933382,-0.0005573391200532907,-0.001049665875118344,25.07999992370605,10.223038949693773
2010-07-19,118.34,120.74,117.0,119.94,5023793,1.223731960503005,120.60142857142857,119.32033333333334,2.428318708315664,4.786991617740363,2010,7,200,0,980,1.5999999999999943,3.739999999999995,3.1603853304039164,-2.9247910863509863,53.103248259860784,-0.6360159523886182,-0.1928255883546155,41885.88460897115,120.12806008920454,0.18351651673373043,-0.371576605938273,1066.8499755859375,27.020000457763672,-2.9247910863509863,6223925.0,-0.28305701577032716,5251489.0,1.9188128944226612,4778776.0,2.4596667548267614,6770943.0,-0.12744102910777722,-1200132.0,14544.704573469387,14237.341946777779,2819.9549757484074,0.404516291692801,5.896731749155855,266779726.8851508,-76.28375332949086,289.7477977157945,51257.09568993891,-0.024683458063375685,-0.0005573391200532907,25.770000457763672,9.713274833262659
2010-07-20,120.63,120.71,117.51,120.1,6782839,0.13340003335000628,121.00714285714287,119.25666666666667,2.426110403320184,4.788324729085938,2010,7,201,1,981,-0.5300000000000011,3.1999999999999886,2.652739782806921,1.223731960503005,72.57367387033398,-0.4901006822478706,0.3501430094751117,56476.59450457952,119.69948051310925,-0.4372789564861161,0.8377984433768546,1064.530029296875,27.350000381469727,1.223731960503005,5023793.0,-1.0056772100567657,6047638.0,3.4641452598108913,7062190.0,0.8948545861297674,4063873.0,-0.0022083049954799705,1759046.0,14642.728622448982,14222.152544444447,5266.938139037597,0.24019867873982825,5.886011689098425,492255545.5009822,-58.861091937969256,289.3298396652874,7533.979590405689,-0.0021745759405283893,-0.024683458063375685,27.020000457763672,9.70444161328075
2010-07-21,120.63,121.25,117.26,117.43,5000233,-2.2231473771856636,120.71,119.21,2.4130176000527075,4.7658424113769895,2010,7,202,2,982,-3.1999999999999886,3.989999999999995,3.3076349166873875,0.13340003335000628,64.87076811066619,-0.5831858616846404,-0.262811191596911,42580.54159925062,119.21730982308854,-1.0255479015901077,-0.761761921498433,1086.6700439453125,23.61000061035156,0.13340003335000628,6782839.0,-2.9247910863509863,6223925.0,-0.28305701577032716,5251489.0,1.9188128944226612,4778776.0,-0.013092803267476416,-1782606.0,14570.904099999998,14211.024099999999,4208.216555267825,0.3401057492688565,5.8226539381641285,324368955.44230074,-68.48351573762733,287.65582810228324,-94662.81937551904,0.02079792400319702,-0.0021745759405283893,27.350000381469727,9.652070400210818
2010-07-22,118.71,120.87,118.02,120.07,14265287,2.2481478327514237,120.19857142857143,119.282,2.442958086988335,4.788074906042627,2010,7,203,3,983,1.3599999999999994,2.8500000000000085,2.4008086934546444,-2.2231473771856636,66.03308694121789,-0.4388715622498012,1.8529244537204566,118808.08694927959,118.78072759112186,0.6202727337263818,0.6689996751517526,1072.1400146484375,24.3700008392334,-2.2231473771856636,5000233.0,1.223731960503005,5023793.0,-1.0056772100567657,6047638.0,3.4641452598108913,7062190.0,0.029940486935627675,9265054.0,14447.696573469388,14228.195523999999,4360.36857098644,0.19260824815158112,5.968044214781706,941980936.7124254,-52.695308479333626,291.4009265321426,267098.1431883656,-0.013371151047949836,0.02079792400319702,23.61000061035156,9.771832347953335
2010-07-23,105.93,119.28,105.8,118.87,42396643,-0.9994170067460506,119.5657142857143,119.13733333333333,2.303282765732368,4.778030458992533,2010,7,204,4,984,12.939999999999998,13.480000000000004,12.725384688001512,2.2481478327514237,67.50629722921917,-0.4165299138350491,1.972014723573385,356663.9438041558,118.45396111338418,0.5157484876859225,-0.09970960107010285,1092.1700439453125,24.790000915527344,2.2481478327514237,14265287.0,0.13340003335000628,6782839.0,-2.9247910863509863,6223925.0,-0.28305701577032716,5251489.0,-0.13967532125596716,28131356.0,14295.960032653064,14193.704193777778,4557.100165599684,0.17349716911943344,5.3051114989197465,2862040383.8790946,-49.51291085757229,274.40696662197905,-356456.011130991,0.018682288715287765,-0.013371151047949836,24.3700008392334,9.213131062929477
2010-07-26,118.28,118.6,114.88,118.4,11116601,-0.39538992176326726,119.04285714285713,118.983,2.3039293256079865,4.774068722449905,2010,7,207,0,987,0.12000000000000455,3.719999999999999,3.145079472438281,-0.9994170067460506,65.25237746891004,-0.4317718711871805,-0.7377952542138773,93890.21114864864,118.2934355218344,0.6710071894687004,-0.5644427113030872,1102.8900146484375,24.3700008392334,-0.9994170067460506,42396643.0,-2.2231473771856636,5000233.0,1.223731960503005,5023793.0,-1.0056772100567657,6047638.0,0.0006465598756184576,-31280042.0,14171.20183673469,14156.954289000001,4257.872765345119,0.1864269487484792,5.308090337396472,725384644.6232629,-51.12178954856218,274.12842294881506,-37123.24324040083,0.009815294571164479,0.018682288715287765,24.790000915527344,9.215717302431955
2010-07-27,118.43,118.5,115.07,117.13,7779206,-1.072635135135147,118.84857142857142,118.75966666666666,2.3060130021269245,4.763284429081783,2010,7,208,1,988,-1.3000000000000114,3.430000000000007,2.8962256185088293,-0.39538992176326726,57.32963549920759,-0.5401036398113774,-0.30021721567590665,66415.14556475711,118.3559150566498,-0.5443940397774047,-0.6815210168724093,1117.3599853515625,21.88999938964844,-0.39538992176326726,11116601.0,2.2481478327514237,14265287.0,0.13340003335000628,6782839.0,-2.9247910863509863,6223925.0,0.002083676518938038,-3337395.0,14124.982930612243,14103.858426777777,3286.687106472003,0.29171194173749815,5.317695965978431,445979044.4532487,-63.26233933110664,273.86133546159283,-71239.21863787371,0.01312004870017569,0.009815294571164479,24.3700008392334,9.224052008507698
2010-07-28,116.8,118.2,116.4,117.13,5458686,0.0,118.44714285714285,118.43599999999999,2.253995502280174,4.763284429081783,2010,7,209,2,989,0.3299999999999983,1.7999999999999972,1.5410958904109566,-1.072635135135147,52.02672605790645,-0.6188239298752336,-0.29829779543053625,46603.65405959191,118.7267634873872,0.1943266452824763,-1.7910901326696802,1112.8399658203125,23.93000030517578,-1.072635135135147,7779206.0,-0.9994170067460506,42396643.0,-2.2231473771856636,5000233.0,1.223731960503005,5023793.0,-0.052017499846750415,-2320520.0,14029.725651020406,14027.086095999999,2706.780224304442,0.38294305618622804,5.080495724299254,283997561.15812916,-72.48284690628611,266.9542113080547,0.0,-0.004045267049569423,0.01312004870017569,21.88999938964844,9.015982009120705
2010-07-29,118.0,118.87,115.52,116.86,6175625,-0.2305131050968967,117.98428571428572,118.10133333333333,2.253344634199183,4.760976637126291,2010,7,210,3,990,-1.1400000000000006,3.3500000000000085,2.8389830508474647,0.0,49.07749077490773,-0.6949857077899111,0.13133911714284352,52846.35461235666,119.4468169051957,0.21932102510006113,-2.806137930295762,1108.0699462890625,23.399999618530277,0.0,5458686.0,-0.39538992176326726,11116601.0,2.2481478327514237,14265287.0,0.13340003335000628,6782839.0,-0.0006508680809909073,716939.0,13920.291675510205,13947.92493511111,2408.6001007611535,0.4830051340322437,5.077562040474251,303084178.96678954,-81.21602981232901,266.1230057584358,-12181.777294746043,-0.004286348152255481,-0.004045267049569423,23.93000030517578,9.013378536796722
2010-07-30,115.5,118.74,114.51,117.89,7077047,0.881396542871804,118.05,117.83466666666666,2.260114398724174,4.769751986304036,2010,7,211,4,991,2.3900000000000006,4.22999999999999,3.6623376623376536,-0.2305131050968967,46.04105571847506,-0.66457130920125,0.1459644975204939,60030.93561794893,120.44839686006405,-0.4781383680799466,-2.0802584919840967,1098.43994140625,25.46999931335449,-0.2305131050968967,6175625.0,-1.072635135135147,7779206.0,-0.9994170067460506,42396643.0,-2.2231473771856636,5000233.0,0.0067697645249906735,901422.0,13935.8025,13885.008668444443,2119.7788116717247,0.4416550250134634,5.108117095320334,325834715.24926674,-78.34631164173535,266.31982680219676,52911.059119020036,-0.008690791511008378,-0.004286348152255481,23.399999618530277,9.040457594896708
2010-08-02,117.89,120.38,117.57,120.07,5468786,1.8491814403257312,118.05,117.64266666666667,2.2906595926907025,4.788074906042627,2010,8,214,0,994,2.1799999999999926,2.8100000000000023,2.383577911612522,0.881396542871804,40.324324324324266,-0.4592657683217851,-0.2272502923889017,45546.64778878987,121.64217732313682,-0.09253833291946639,-1.4796389902173672,1107.530029296875,23.06999969482422,0.881396542871804,7077047.0,0.0,5458686.0,-0.39538992176326726,11116601.0,2.2481478327514237,14265287.0,0.03054519396652866,-1608261.0,13935.8025,13839.797020444445,1626.0511322132897,0.2109250459521996,5.247121369585935,220525100.324324,-55.14404080239674,269.47930290971476,84224.01576008323,0.008275452801714156,-0.008690791511008378,25.46999931335449,9.162638370762807
2010-08-03,120.02,122.87,119.68,122.42,5953783,1.9571916382110421,118.55714285714285,117.63833333333334,2.271992423124016,4.807457755422924,2010,8,215,1,995,2.4000000000000057,3.1899999999999977,2.657890351608063,1.8491814403257312,47.85365853658538,-0.10571566343536176,0.0886845819163522,48634.07123019115,122.95073280164858,0.014218952473653911,-0.5449517541222377,1125.3399658203125,22.440000534057617,1.8491814403257312,5468786.0,-0.2305131050968967,6175625.0,-1.072635135135147,7779206.0,-0.9994170067460506,42396643.0,-0.01866716956668668,484997.0,14055.796122448977,13838.777469444445,2289.9726353361107,0.011175801495578683,5.161949570732937,284910298.6829269,-12.941711517756987,267.2734020022707,95186.19754389033,0.01608077077128489,0.008275452801714156,23.06999969482422,9.087969692496074
2010-08-04,123.08,128.47,123.0,127.58,9256604,4.21499754942003,119.86857142857143,117.81400000000001,2.396711398685155,4.848743618813809,2010,8,216,2,996,4.5,5.469999999999999,4.444263893402664,1.9571916382110421,61.30221130221131,0.5841109505176689,0.5547432615532006,72555.2907979307,124.24360246639966,0.09659282265048169,3.239804710949855,1121.06005859375,22.690000534057617,1.9571916382110421,5953783.0,0.881396542871804,7077047.0,0.0,5458686.0,-0.39538992176326726,11116601.0,0.12471897556113909,3302821.0,14368.474416326531,13880.138596000003,3757.9611105409645,0.3411856025146547,5.744225528587352,567450294.3488945,74.5208750670442,282.36615672469287,305820.37291073555,-0.0038032126793281495,0.01608077077128489,22.440000534057617,9.586845594740623
2010-08-05,126.8,128.0,125.82,127.83,4271186,0.1959554789151996,121.39714285714285,118.02666666666666,2.39104514745293,4.8507012561799305,2010,8,217,3,997,1.0300000000000011,2.180000000000007,1.7192429022082074,4.21499754942003,72.13270142180099,1.1378598822413437,-0.5385795913922644,33413.0172885864,125.3998211662689,-0.17538863803426885,2.605567471765383,1125.780029296875,23.040000915527344,4.21499754942003,9256604.0,1.8491814403257312,5468786.0,-0.2305131050968967,6175625.0,-1.072635135135147,7779206.0,-0.0056662512322249725,-4985418.0,14737.26629387755,13930.294044444441,5203.12661440669,1.2947251116142846,5.7170968971582035,308092184.4549765,145.45262874691096,282.20708860337777,6547.463804786792,0.004210274611911258,-0.0038032126793281495,22.690000534057617,9.564180589811713
2010-08-06,126.59,128.4,125.9,128.32,5063214,0.383321598998676,122.99571428571429,118.35966666666667,2.333254141084454,4.8545271441182045,2010,8,218,4,998,1.7299999999999898,2.5,1.9748795323485266,0.1959554789151996,70.80436941410133,1.5978300152756475,0.1854351461163246,39457.715087281795,126.29972868779596,0.4191273875979179,1.6011439246061059,1122.0699462890625,23.34000015258789,0.1959554789151996,4271186.0,1.9571916382110421,5953783.0,0.881396542871804,7077047.0,0.0,5458686.0,-0.057791006368475895,792028.0,15127.945732653061,14009.010693444445,5013.258728128528,2.553060757715776,5.444074886887753,358497674.4786497,205.0335475601711,276.1631823873756,15124.99444009104,-0.0032955665505361997,0.004210274611911258,23.040000915527344,9.333016564337811
2010-08-09,128.46,129.93,127.85,128.83,5082836,0.39744389027431826,124.7057142857143,118.62066666666666,2.3039322770936583,4.858493705803434,2010,8,221,0,1001,0.37000000000000455,2.0800000000000125,1.6191810680367527,0.383321598998676,71.30307467057108,1.9806803472509813,0.00387540404178055,39453.822867344556,126.89450031103596,0.6005210023816979,1.3349786865823603,1122.800048828125,21.850000381469727,0.383321598998676,5063214.0,4.21499754942003,9256604.0,1.8491814403257312,5468786.0,-0.2305131050968967,6175625.0,-0.029321863990795727,19622.0,15551.515175510205,14070.862560444444,5084.128457477035,3.9230946379862677,5.30810393743397,362421834.8462668,255.17104913634395,273.2939826637011,15680.680846591278,0.0006506747119261469,-0.0032955665505361997,23.34000015258789,9.215729108374632
2010-08-10,127.95,130.0,127.38,130.0,5691387,0.908173562058523,126.43571428571428,119.02733333333335,2.241248374901655,4.867534450455582,2010,8,222,1,1002,2.049999999999997,2.6200000000000045,2.047674872997268,0.39744389027431826,83.09636650868879,2.351395788573498,0.11972666440546176,43779.9,127.2313960182591,-0.18797359293238325,2.9565775746732896,1122.9200439453125,23.299999237060547,0.39744389027431826,5082836.0,0.1959554789151996,4271186.0,1.9571916382110421,5953783.0,0.881396542871804,7077047.0,-0.06268390219200315,608551.0,15985.989846938775,14167.506080444447,6905.006126946336,5.529062154521183,5.02319427799931,472933580.09478676,305.68145251455473,266.76981740221095,39759.747729565934,0.0001068713145433442,0.0006506747119261469,21.850000381469727,8.964993499606607
2010-08-11,128.1,128.12,125.2,125.89,5529688,-3.16153846153846,127.26714285714286,119.60333333333332,1.7695331972133266,4.835408509778168,2010,8,223,2,1003,-2.2099999999999937,2.9200000000000017,2.279469164715068,0.908173562058523,64.22287390029328,2.2871825783438737,-0.028411176396895832,43924.759710858685,127.36670775334582,-0.8111302318777921,-0.6655775214680233,1116.8900146484375,24.959999084472656,0.908173562058523,5691387.0,0.383321598998676,5063214.0,4.21499754942003,9256604.0,1.8491814403257312,5468786.0,-0.4717151776883286,-161699.0,16196.925651020409,14304.957344444443,4124.5775320129715,5.23120414667973,3.131247736040018,355132455.1319649,287.93341478771026,211.64206883070455,-138869.8172397147,-0.005369954280706302,0.0001068713145433442,23.299999237060547,7.07813278885331
2010-08-12,123.75,127.0,123.55,126.56,4363805,0.5322106601000964,127.85857142857142,120.17999999999999,1.7694583036078073,4.840716504019344,2010,8,224,3,1004,2.8100000000000023,3.450000000000003,2.7878787878787903,-3.16153846153846,69.29252383341695,2.264255617869452,-0.21084064779061673,34480.12800252844,127.38064287049146,-0.24110273814725408,-0.5795401323442064,1081.47998046875,27.209999084472656,-3.16153846153846,5529688.0,0.39744389027431826,5082836.0,0.1959554789151996,4271186.0,1.9571916382110421,5953783.0,-7.489360551926616e-05,-1165883.0,16347.8142877551,14443.232399999999,4801.4538592046565,5.126853503053374,3.130982688206619,302379061.9668841,286.56419099755783,212.65349892758627,18350.691684561483,-0.03170413712654907,-0.005369954280706302,24.959999084472656,7.077833214431223
2010-08-13,126.07,127.48,124.26,124.69,3976596,-1.4775600505689046,127.44571428571429,120.63766666666666,1.793910872538977,4.825830657008495,2010,8,225,4,1005,-1.3799999999999955,3.219999999999999,2.5541365907828975,0.5322106601000964,64.74449132676978,2.0713156275505327,-0.08873196671253647,31891.85981233459,127.37558185131704,-0.30411706664727267,-2.3814647846697596,1082.219970703125,26.07999992370605,0.5322106601000964,4363805.0,0.908173562058523,5691387.0,0.383321598998676,5063214.0,4.21499754942003,9256604.0,0.02445256893116965,-387209.0,16242.41008979592,14553.446618777776,4191.849157162167,4.290348428935057,3.2181162186135537,257462685.23206738,258.2723455992759,216.41322187106624,-47122.13799704952,0.0006842384951539771,-0.03170413712654907,27.209999084472656,7.17564349015592
2010-08-16,123.68,127.37,123.04,126.07,4024643,1.1067447269227593,127.19428571428571,121.202,1.7556083518832049,4.836837308243178,2010,8,228,0,1008,2.3899999999999864,4.329999999999998,3.5009702457956005,-1.4775600505689046,70.84888059701493,2.006632551060761,0.012082444382079505,31923.875624652974,127.33460715865971,0.5474415635844591,-1.812048722244171,1077.489990234375,27.40999984741211,-1.4775600505689046,3976596.0,-3.16153846153846,5529688.0,0.39744389027431826,5082836.0,0.1959554789151996,4271186.0,-0.03830252065577211,48047.0,16178.386318367346,14689.924804,5019.563881850078,4.026574194976618,3.0821606852020627,285141451.35261196,252.97616571223014,212.78324346494819,35331.581010522685,-0.0043706275958638185,0.0006842384951539771,26.07999992370605,7.022433407532816
2010-08-17,126.79,129.98,126.79,128.86,5036228,2.2130562385976216,127.27142857142857,121.82866666666668,1.7825409349287156,4.858726543710496,2010,8,229,1,1009,2.0700000000000074,3.1899999999999835,2.5159712911112733,1.1067447269227593,74.20553033429634,2.1556514221749126,0.2513477592919422,39082.9427285426,127.24095695109638,0.37618897177585453,1.2428540771277738,1081.1600341796875,24.71999931335449,1.1067447269227593,4024643.0,0.5322106601000964,4363805.0,0.908173562058523,5691387.0,0.383321598998676,5063214.0,0.026932583045510716,1011585.0,16198.016530612245,14842.22402177778,5506.460732194175,4.646833053924723,3.1774521846965396,373715969.6244326,277.77724226145926,217.16458538111885,86492.75022815475,0.0034061049091640427,-0.0043706275958638185,27.40999984741211,7.130163739714874
2010-08-18,129.25,130.81,128.26,129.65,7900633,0.6130684463758973,127.38857142857141,122.36933333333333,1.7180860790606105,4.864838511984673,2010,8,230,2,1010,0.4000000000000057,2.5500000000000114,1.9729206963249604,2.2130562385976216,75.83838383838383,2.3108582138207794,0.5687599925976345,60938.16428846895,127.14338813077183,0.7591572454722553,1.7474546237559139,1092.0799560546875,24.299999237060547,2.2130562385976216,5036228.0,-1.4775600505689046,3976596.0,-3.16153846153846,5529688.0,0.39744389027431826,5082836.0,-0.06445485586810507,2864405.0,16227.84813061224,14974.253740444443,5751.460463218038,5.340065684382963,2.951819775061862,599171238.020202,299.6027674218641,210.24104810392754,37359.26570533084,0.010100190101167916,0.0034061049091640427,24.71999931335449,6.872344316242447
2010-08-19,129.19,130.02,126.82,127.57,5578981,-1.6043193212495255,127.04142857142858,122.74766666666666,1.7152549556558259,4.848665233550198,2010,8,231,3,1011,-1.6200000000000045,3.200000000000017,2.4769719018500016,0.6130684463758973,68.75968992248059,2.240198484041102,-0.29385645428663754,43732.70361370228,127.06402238101765,-0.2114220155431523,0.717399634525492,1092.43994140625,24.479999542236328,0.6130684463758973,7900633.0,1.1067447269227593,4024643.0,0.5322106601000964,4363805.0,0.908173562058523,5691387.0,-0.002831123404784641,-2321652.0,16139.52457346939,15066.989672111109,4727.894958235679,5.0184892479000505,2.9420995629018694,383609003.6434107,285.78212060912335,210.5435435451894,-70161.22137794152,0.0003296327796940002,0.010100190101167916,24.299999237060547,6.861019822623291
2010-08-20,127.09,128.04,126.02,127.76,4169328,0.14893783804970084,127.30857142857143,123.09766666666668,1.7121169783467274,4.850153503906757,2010,8,232,4,1012,0.6700000000000017,2.019999999999996,1.5894248170587741,-1.6043193212495255,66.14867702645947,2.1744656645950187,-0.25267212775953174,32634.06386975579,126.95864827858537,-1.1318077232234567,1.933159444638079,1075.6300048828125,26.729999542236328,-1.6043193212495255,5578981.0,2.2130562385976216,5036228.0,-1.4775600505689046,3976596.0,-3.16153846153846,5529688.0,-0.003137977309098483,-1409653.0,16207.472359183674,15153.035538777782,4375.647472350846,4.728300926502656,2.9313445475431283,275795531.2893742,277.8097333086596,210.75760509486602,4860.446919537281,-0.015387515492887194,0.0003296327796940002,24.479999542236328,6.848467913386912
2010-08-23,127.75,129.22,126.5,126.6,3850967,-0.9079524107702075,127.31428571428572,123.334,1.6977009767474485,4.841032509710076,2010,8,235,0,1015,-1.1500000000000057,2.719999999999999,2.1291585127201555,0.14893783804970084,59.239610963748866,2.0056497443498387,-0.0763578687021026,30418.380726698262,126.75741837571198,0.07202590131547994,-0.2294442770274685,1073.3599853515625,25.96999931335449,0.14893783804970084,4169328.0,0.6130684463758973,7900633.0,1.1067447269227593,4024643.0,0.5322106601000964,4363805.0,-0.014416001599278916,-318361.0,16208.927346938775,15211.275556,3509.331507136315,4.022630897010573,2.8821886064492404,228129786.9142351,253.91525763468957,209.38425226616982,-27618.442112531702,-0.002110409268005986,-0.015387515492887194,26.729999542236328,6.790803906989794
2010-08-24,125.34,125.44,123.18,124.53,5353140,-1.6350710900473908,127.29142857142857,123.36333333333332,1.613440361547058,4.824546650733057,2010,8,236,1,1016,-0.8100000000000023,2.259999999999991,1.8030955800223318,-0.9079524107702075,42.191500256016404,1.6854019465013295,0.3900768300533346,42986.75018067935,126.49896099438499,-0.43778412773047415,-1.531176866654505,1063.199951171875,27.90999984741211,-0.9079524107702075,3850967.0,-1.6043193212495255,5578981.0,2.2130562385976216,5036228.0,-1.4775600505689046,3976596.0,-0.08426061520039041,1502173.0,16203.107787755102,15218.512011111106,1780.1226938534323,2.8405797212704704,2.6031898002691016,225857007.68049166,209.88310439781057,199.03938113498356,-70286.39247551827,-0.009465635311865839,-0.002110409268005986,25.96999931335449,6.453761446188224
2010-08-25,124.53,127.37,123.83,126.85,5339160,1.8630048984180414,127.40285714285714,123.48166666666667,1.646043235007692,4.843005286045291,2010,8,237,2,1017,2.319999999999993,3.5400000000000063,2.8426885087930667,-1.6350710900473908,47.731481481481474,1.6003599174576095,-0.0026115513511696387,42090.342924714234,126.49993186306766,0.8653019692068209,-0.5152338322744896,1048.97998046875,28.299999237060547,-1.6350710900473908,5353140.0,0.14893783804970084,4169328.0,0.6130684463758973,7900633.0,1.1067447269227593,4024643.0,0.03260287346063384,-13980.0,16231.488008163265,15247.722002777778,2278.2943244170087,2.5611518654049266,2.7094583315145875,254846016.66666663,203.00565552949777,203.25616206414148,78414.51504483777,-0.01337469089182286,-0.009465635311865839,27.90999984741211,6.584172940030754
2010-08-26,127.21,127.59,124.82,124.86,4692398,-1.5687820260149699,126.83142857142856,123.575,1.6623077121070537,4.8271931096335985,2010,8,238,3,1018,-2.3499999999999943,2.7700000000000102,2.177501768728882,1.8630048984180414,42.510822510822535,1.3567473885207164,-0.12113553442863667,37581.27502803139,126.98165043315538,0.10448882415838165,-2.2261392573137613,1056.280029296875,26.450000762939453,1.8630048984180414,5339160.0,-0.9079524107702075,3850967.0,-1.6043193212495255,5578981.0,2.2130562385976216,5036228.0,0.01626447709936185,-646762.0,16086.211273469386,15270.780625000001,1807.170030546656,1.8407634762577838,2.7632669297305874,199477698.52813864,169.40347893069665,205.41967552362917,-58956.82877870088,0.006959187938804012,-0.01337469089182286,28.299999237060547,6.6492308484282034
2010-08-27,125.46,126.64,122.25,126.64,5071746,1.4255966682684695,126.40142857142858,123.84666666666666,1.5779489825012338,4.841348415572757,2010,8,239,4,1019,1.1800000000000068,4.390000000000001,3.4991232265263834,-1.5687820260149699,45.50677061961426,1.2924156648405756,0.08084309983935722,40048.531269741,127.87523149258115,0.42971061478463823,-1.664942107365789,1049.27001953125,26.5,-1.5687820260149699,4692398.0,-1.6350710900473908,5353140.0,0.14893783804970084,4169328.0,0.6130684463758973,7900633.0,-0.08435872960581992,379348.0,15977.321144897962,15337.996844444444,2070.8661722261872,1.670338250725307,2.489922991376679,230798781.86294612,163.6715197954105,195.42372165283612,57093.05274718838,-0.006636506959514565,0.006959187938804012,26.450000762939453,6.3117959300049336
2010-08-30,125.95,126.95,123.69,123.79,3425865,-2.2504737839545097,125.86142857142856,123.975,1.6294519214573042,4.818586581543719,2010,8,242,0,1022,-2.1599999999999966,3.260000000000005,2.5883287018658234,1.4255966682684695,38.08061420345492,0.9999345062325915,-0.32451960330820984,27674.812181920995,129.0401744698731,-0.38077955264671337,-4.869394917226387,1062.9000244140625,25.8799991607666,1.4255966682684695,5071746.0,1.8630048984180414,5339160.0,-0.9079524107702075,3850967.0,-1.6043193212495255,5578981.0,0.05150293895607039,-1645881.0,15841.099202040814,15369.800624999998,1450.1331781123727,0.9998690167546166,2.6551135643409007,130459043.3781191,123.7818925265325,202.01130196266928,-62281.439291278104,0.012989987924082236,-0.006636506959514565,26.5,6.5178076858292116
2010-08-31,122.99,125.9,122.5,124.83,4224415,0.8401324824299117,125.44285714285715,124.13266666666667,1.634779807395594,4.826952811662959,2010,8,243,1,1023,1.8400000000000034,3.4000000000000057,2.764452394503623,-2.2504737839545097,47.69364664926023,0.842350299274969,0.233094415570958,33841.34422815029,130.41048148657018,-0.9416335012810275,-4.638847985289146,1046.8800048828125,27.57999992370605,-2.2504737839545097,3425865.0,-1.5687820260149699,4692398.0,-1.6350710900473908,5353140.0,0.14893783804970084,4169328.0,0.0053278859382897,798550.0,15735.910408163267,15408.918933777777,2274.6839307044916,0.7095540266886298,2.672505018668375,201477756.30983466,105.15058785849438,202.9295769048348,28431.212535161063,-0.015071990933560486,0.012989987924082236,25.8799991607666,6.539119229582383
2010-09-01,126.35,132.6,126.17,132.49,7117854,6.136345429784518,126.28428571428572,124.63466666666666,1.9074818301128569,4.886507170880032,2010,9,244,2,1024,6.140000000000015,6.429999999999993,5.089038385437272,0.8401324824299117,59.89322655989323,1.3203415867096027,0.6849324699396249,53723.707449618836,131.96220342192723,0.29258594901740054,0.2352106290553877,1049.719970703125,25.1299991607666,0.8401324824299117,4224415.0,1.4255966682684695,5071746.0,1.8630048984180414,5339160.0,-0.9079524107702075,3850967.0,0.27270202271726296,2893439.0,15947.720818367347,15533.800135111109,3587.1985877547,1.7433019055948311,3.638486932210694,426311242.2422423,174.93205682315528,237.7383620688392,329667.22667954897,0.002712790202378912,-0.015071990933560486,27.57999992370605,7.629927320451415
2010-09-02,132.17,135.21,132.05,135.21,5394786,2.0529851309532887,127.80999999999999,125.13933333333333,1.901356265384864,4.906829125370667,2010,9,245,3,1025,3.0400000000000205,3.1599999999999966,2.3908602557312526,6.136345429784518,67.06683971447113,1.896769614338325,-0.24207689564860424,39899.3121810517,133.71327910023692,-0.28564952310261876,1.7823704228657107,1080.6600341796875,24.229999542236328,6.136345429784518,7117854.0,-2.2504737839545097,3425865.0,-1.5687820260149699,4692398.0,-1.6350710900473908,5353140.0,-0.0061255647279929715,-1723068.0,16335.396099999996,15659.85274711111,4497.960989286562,3.597734969877158,3.615155647918277,361811247.95587283,256.46221955468496,237.93445547941826,81912.69464296257,0.029474587833018262,0.002712790202378912,25.1299991607666,7.605425061539449
2010-09-03,136.75,139.5,136.62,138.79,6580701,2.6477331558316664,129.51571428571427,125.80333333333333,1.9243349952919786,4.932961999367748,2010,9,246,4,1026,2.039999999999992,2.8799999999999955,2.106032906764165,2.0529851309532887,69.26105390672319,2.6123554523455823,0.2198261432427533,47414.80654225809,135.6663580708698,1.3779158663649407,1.7457260627652715,1093.6099853515625,21.989999771118164,2.0529851309532887,5394786.0,0.8401324824299117,4224415.0,1.4255966682684695,5071746.0,1.8630048984180414,5339160.0,0.022978729907114692,1185915.0,16774.320246938772,15826.478677777777,4797.093588270016,6.824401009399692,3.7030651741053795,455786286.7050272,362.56881323104335,242.0877568577152,125541.75535928096,0.01198337197850119,0.029474587833018262,24.229999542236328,7.697339981167914
2010-09-07,138.6,138.6,136.89,137.22,3882754,-1.1312054182577969,131.28142857142856,126.43066666666667,1.9412234609795018,4.921585477262745,2010,9,250,1,1030,-1.3799999999999955,1.710000000000008,1.2337662337662396,2.6477331558316664,63.144654088050295,3.017987029674984,-0.40997866336732214,28295.83151144148,137.66540271583713,-0.03558576822276961,-0.4098169476143596,1102.5999755859375,22.770000457763672,2.6477331558316664,6580701.0,6.136345429784518,7117854.0,-2.2504737839545097,3425865.0,-1.5687820260149699,4692398.0,0.016888465687523224,-2697947.0,17234.8134877551,15984.713473777778,3987.2473398995267,9.108245711286433,3.7683485254572355,245175158.23899364,414.1281802120013,245.4301763206124,-32008.39791985231,0.008220471973365395,0.01198337197850119,21.989999771118164,7.764893843918003
2010-09-08,137.99,139.7,136.45,139.14,5828429,1.3992129427197186,133.06714285714284,127.16433333333333,1.924075107315581,4.935480620495495,2010,9,251,2,1031,1.1499999999999773,3.25,2.355243133560403,-1.1312054182577969,64.4093531733981,3.454558926104852,0.5011069462551581,41888.95357194194,139.48211399110866,-0.060107051341515894,-0.2820069397671716,1092.3599853515625,23.51000022888184,-1.1312054182577969,3882754.0,2.0529851309532887,5394786.0,0.8401324824299117,4224415.0,1.4255966682684695,5071746.0,-0.017148353663920757,1945675.0,17706.86450816326,16170.767672111111,4148.564776215529,11.933977373930707,3.702065018591465,375405341.9070755,480.6673289782291,244.67372830504766,58611.56599484655,-0.009287130837213442,0.008220471973365395,22.770000457763672,7.696300429262337
2010-09-09,140.0,141.37,139.26,140.38,4952408,0.8911887307747612,135.43714285714285,127.93933333333334,1.9214768755550722,4.944353031302275,2010,9,252,3,1032,0.37999999999999545,2.1100000000000136,1.5071428571428669,1.3992129427197186,69.95948893736369,3.8561516207310547,-0.15030139339434345,35278.586693261146,141.03594353402636,-0.5360620975234779,-0.11988143650287952,1101.1500244140625,22.21999931335449,1.3992129427197186,5828429.0,2.6477331558316664,6580701.0,6.136345429784518,7117854.0,-2.2504737839545097,3425865.0,-0.0025982317605088845,-876021.0,18343.21966530612,16368.473013777779,4894.330092377112,14.869905322066739,3.6920733832928825,346467932.68931144,541.3265645182254,245.83247047393223,31439.87889869478,0.008046833626619065,-0.009287130837213442,23.51000022888184,7.685907502220289
2010-09-10,140.75,142.6,140.04,142.44,5040466,1.4674455050577073,137.95285714285714,128.792,1.9204756696835894,4.958920858409577,2010,9,253,4,1033,1.6899999999999977,2.5600000000000023,1.8188277087033764,0.8911887307747612,71.61366313309777,4.2911755083073615,0.017780845196922357,35386.59084526818,142.41852457495278,-1.1651402987716777,1.1866157238189032,1104.5699462890625,22.63999938964844,0.8911887307747612,4952408.0,-1.1312054182577969,3882754.0,2.0529851309532887,5394786.0,0.8401324824299117,4224415.0,-0.0010012058714827798,88058.0,19030.99079387755,16587.379264,5128.516747340807,18.414187243096944,3.688226797846631,360966234.1578328,611.2350394033006,247.34190244988886,51927.893675205014,0.003105772873065016,0.008046833626619065,22.21999931335449,7.681902678734346
2010-09-13,144.2,145.74,143.76,145.07,5076760,1.8463914630721723,139.75,129.698,1.9320186866067366,4.977216384550811,2010,9,256,0,1036,0.8700000000000045,1.9800000000000182,1.3730929264909975,1.4674455050577073,76.06548123059557,4.792904474262514,0.0072005247133895,34995.24367546702,143.76931782916293,-0.28899165800417376,1.589673828841228,1113.3800048828125,21.059999465942383,1.4674455050577073,5040466.0,1.3992129427197186,5828429.0,2.6477331558316664,6580701.0,6.136345429784518,7117854.0,0.011543016923147187,36294.0,19530.0625,16821.571204000003,5785.9574348420865,22.971933299405624,3.7326962053976196,386166192.49223834,695.3066520812629,250.57895961552055,64614.91917051274,0.00797600787831354,0.003105772873065016,22.63999938964844,7.728074746426955
2010-09-14,144.5,146.7,143.83,145.75,4315483,0.46873922933756695,141.25571428571428,130.554,1.9203991826670503,4.981892825230601,2010,9,257,1,1037,1.25,2.869999999999976,1.9861591695501564,1.8463914630721723,81.16921269095185,5.1856219891930095,-0.1499533166822934,29608.802744425386,145.1491463335314,-0.3310622750209176,0.9319159414895068,1121.1600341796875,21.690000534057617,1.8463914630721723,5076760.0,0.8911887307747612,4952408.0,-1.1312054182577969,3882754.0,2.0529851309532887,5394786.0,-0.011619503939686249,-761277.0,19953.176818367345,17044.346916000002,6588.441088868979,26.890675414802065,3.687933020788275,350284357.491187,755.8044049248812,250.7157948939141,13878.807380029994,0.006987757335999545,0.00797600787831354,21.059999465942383,7.681596730668204
2010-09-15,144.8,145.62,143.56,145.45,4890672,-0.20583190394511952,142.20714285714286,131.32166666666666,1.910822208579693,4.9798323849412105,2010,9,258,2,1038,0.6499999999999773,2.0600000000000023,1.422651933701659,0.46873922933756695,79.04434728294817,5.410279620671986,0.1332849648579313,33624.42076314885,146.5227015251654,2.3851141134748124,-3.4578156386401986,1119.4300537109375,22.549999237060547,0.46873922933756695,4315483.0,1.4674455050577073,5040466.0,1.3992129427197186,5828429.0,2.6477331558316664,6580701.0,-0.009576974087357248,575189.0,20222.871479591835,17245.380136111107,6248.008837387315,29.27112557385861,3.651241512801376,386579976.0149907,786.9251708267403,250.93235713436624,-6920.978544730738,-0.0015430272360856812,0.006987757335999545,21.690000534057617,7.643288834318767
2010-09-16,145.39,148.23,145.16,148.13,5814106,1.8425575799243754,143.7657142857143,132.00666666666666,1.8017622751052724,4.998090266593961,2010,9,259,3,1039,2.740000000000009,3.069999999999993,2.1115620056399984,-0.20583190394511952,85.57016202996026,5.738427000085153,0.18881536116100195,39250.02362789442,147.83520758753644,0.33384641913267976,-0.039054006669118735,1123.8900146484375,22.649999618530277,-0.20583190394511952,4890672.0,1.8463914630721723,5076760.0,0.8911887307747612,4952408.0,-1.1312054182577969,3882754.0,-0.10905993347442067,923434.0,20668.580604081635,17425.760044444443,7322.2526298336525,32.92954443530629,3.2463472959925275,497513992.4793641,850.0331915226137,237.84463206239664,72320.4285477877,0.003984135429199176,-0.0015430272360856812,22.549999237060547,7.207049100421102
2010-09-17,148.98,148.98,146.5,148.32,7259583,0.12826571254977992,145.07714285714286,132.68966666666668,1.802217374644548,4.999372101817545,2010,9,260,4,1040,-0.6599999999999966,2.4799999999999898,1.6646529735534905,1.8425575799243754,84.83290488431876,5.9452840409349506,0.24861552231761852,48945.408576051785,149.12960706737368,0.06152254033836596,-0.8711296077120494,1126.3900146484375,21.649999618530277,1.8425575799243754,5814106.0,0.46873922933756695,4315483.0,1.4674455050577073,5040466.0,1.3992129427197186,5828429.0,0.000455099539275583,1445477.0,21047.37737959184,17606.547640111115,7196.621751111875,35.346402327395815,3.247987465470687,615851514.1388174,881.8045289514719,239.1356227024602,6278.017707047391,0.002224416951317032,0.003984135429199176,22.649999618530277,7.208869498578167
2010-09-20,148.66,151.95,147.35,151.3,6448627,2.009169363538299,146.63714285714286,133.45566666666667,1.8225353431106344,5.01926462079431,2010,9,263,0,1043,2.640000000000015,4.599999999999994,3.094309161845819,0.12826571254977992,94.01599999999999,6.277319796120025,-0.1117083446804038,42621.4606741573,150.4739670347295,-0.08639229703360929,0.9124252623041116,1126.5699462890625,22.46999931335449,0.12826571254977992,7259583.0,-0.20583190394511952,4890672.0,1.8463914630721723,5076760.0,0.8911887307747612,4952408.0,0.020317968466086356,-810956.0,21502.451665306126,17810.414965444445,8839.008256,39.40474382276036,3.321635076887398,606274116.032,949.7584851529599,243.2276692383918,85633.73301576926,0.00015974186408351798,0.002224416951317032,21.649999618530277,7.29014137244252
2010-09-21,150.69,153.31,149.6,150.73,7538326,-0.3767349636483952,147.82142857142858,134.18566666666666,1.830475588910638,5.0154901568224375,2010,9,264,1,1044,0.03999999999999204,3.710000000000008,2.4620080960913184,2.009169363538299,92.0727745289148,6.420455276152552,0.1689815521970801,50012.11437670006,151.90907519094313,-1.2970011720113672,0.11792598106822538,1142.8199462890625,21.540000915527344,2.009169363538299,6448627.0,1.8425575799243754,5814106.0,0.46873922933756695,4315483.0,1.4674455050577073,5040466.0,0.007940245800003742,1089699.0,21851.174744897962,18005.793138777775,8477.395809452382,41.222245953075145,3.3506408815977475,694074590.1234562,967.7552237744741,245.62358721503324,-18841.312091685482,0.014424315199893067,0.00015974186408351798,22.46999931335449,7.321902355642578
2010-09-22,149.89,152.7,149.1,151.83,6607112,0.7297817289192654,148.78714285714287,134.91333333333333,1.8295302363983412,5.022761473894096,2010,9,265,2,1045,1.9400000000000261,3.5999999999999943,2.4017612916138464,-0.3767349636483952,89.92568125516094,6.547180164768889,-0.12353060878502731,43516.51188829612,153.3706806163764,-1.2115545319537326,-0.32912608442265423,1139.489990234375,22.559999465942383,-0.3767349636483952,7538326.0,0.12826571254977992,7259583.0,-0.20583190394511952,4890672.0,1.8463914630721723,5076760.0,-0.000945352512296882,-931214.0,22137.61387959184,18201.60751111111,8086.628149204804,42.865568109943176,3.3471808858957703,594149047.7291489,994.0583644168605,246.82802262662153,31757.555282376507,-0.002913806383499362,0.014424315199893067,21.540000915527344,7.318120945593364
2010-09-23,151.2,155.92,150.97,152.85,7058947,0.6718039913060636,149.8014285714286,135.812,1.6910974910258931,5.029457048336844,2010,9,266,3,1046,1.6500000000000057,4.949999999999989,3.273809523809516,0.7297817289192654,89.165186500888,6.653221827761513,0.06838615721967489,46182.18514883873,154.70016300103282,-1.0847300082623192,-0.7654329927705135,1131.0999755859375,23.90999984741211,0.7297817289192654,6607112.0,2.009169363538299,6448627.0,1.8425575799243754,5814106.0,0.46873922933756695,4315483.0,-0.1384327453724481,451835.0,22440.468002040827,18444.899344000005,7950.43048373814,44.26536068940225,2.859810724154071,629412325.7548839,1016.9449563733472,229.67133245120863,31025.376310225474,-0.007362955989382414,-0.002913806383499362,22.559999465942383,6.7643899641036
2010-09-24,155.48,160.89,155.42,160.73,10558157,5.155381092574407,151.9842857142857,136.951,1.8790185924608287,5.079725938581049,2010,9,267,4,1047,5.25,5.469999999999999,3.5181373810136347,0.6718039913060636,90.90231170768075,7.289086699590399,0.49571274582455427,65688.7762085485,155.74122092100777,2.9971480692523174,1.9916310097399048,1131.68994140625,22.61000061035156,0.6718039913060636,7058947.0,-0.3767349636483952,7538326.0,0.12826571254977992,7259583.0,-0.20583190394511952,4890672.0,0.18792110143493557,3499210.0,23099.22310408163,18755.576401,8263.230273800353,53.13078491414566,3.530710870813474,959760878.6726315,1171.5749052251647,257.33347525610293,338650.6748599025,0.000521585919057932,-0.007362955989382414,23.90999984741211,7.516074369843295
2010-09-27,160.24,161.2,157.88,159.37,6439830,-0.8461394885833307,153.58999999999997,138.107,1.8558276335792272,5.071228542871542,2010,9,270,0,1050,-0.8700000000000045,3.319999999999993,2.0718921617573596,5.155381092574407,91.61969184517093,7.595714884646156,-0.39006116313671035,40408.04417393487,156.50939667538168,0.9959014976655398,1.8647018269527962,1148.6400146484375,22.57999992370605,5.155381092574407,10558157.0,0.7297817289192654,6607112.0,2.009169363538299,6448627.0,1.8425575799243754,5814106.0,-0.023190958881601498,-4118327.0,23589.888099999993,19073.543449,8394.167933804081,57.694884608835174,3.4440962055562743,590015240.1352872,1210.529081166058,256.3027869907263,-34190.84183198588,0.01497766536753442,0.000521585919057932,22.61000061035156,7.423310534316897
2010-09-28,159.59,160.88,154.89,159.7,8492800,0.20706531969629793,155.21571428571428,139.228,1.858597229136315,5.073297055220967,2010,9,271,1,1051,0.10999999999998522,5.990000000000009,3.753368005514136,-0.8461394885833307,91.08713029576333,7.775714575106974,0.31879257682268003,53179.71195992486,157.05163249646588,0.544043000442211,2.1043245030919024,1142.31005859375,22.920000076293945,-0.8461394885833307,6439830.0,0.6718039913060636,7058947.0,-0.3767349636483952,7538326.0,0.12826571254977992,7259583.0,0.0027695955570878894,2052970.0,24091.917961224488,19384.435984000003,8296.865305517365,60.46173715353103,3.454383660153188,773584780.1758589,1241.7816176445838,258.76877501819087,11011.67405833888,-0.005510826694144821,0.01497766536753442,22.57999992370605,7.434388916545288
2010-09-29,159.03,161.78,157.75,158.99,7286928,-0.4445835942391896,156.31428571428572,140.23233333333332,1.852630391583079,5.068841307160618,2010,9,272,2,1052,-0.03999999999999204,4.030000000000001,2.5341130604288504,0.20706531969629793,87.99510004083301,7.771489665067946,-0.1419875659382065,45832.61840367319,157.3588184562956,-0.11829131411961122,1.7494728578240029,1146.75,23.13999938964844,0.20706531969629793,8492800.0,5.155381092574407,10558157.0,0.7297817289192654,6607112.0,2.009169363538299,6448627.0,-0.005966837553236015,-1205872.0,24434.15591836735,19665.107312111108,7743.137631196209,60.3960516142579,3.432239367817273,641213958.3503472,1235.5891418491528,259.7986826159422,-20376.43022329825,0.00388680934116592,-0.005510826694144821,22.920000076293945,7.4105215663323065
2010-09-30,159.87,160.93,155.6,157.06,7601791,-1.213912824705965,157.21857142857144,141.14600000000002,1.8859650629834959,5.056627897946728,2010,9,273,3,1053,-2.8100000000000023,5.3300000000000125,3.333958841558774,-0.4445835942391896,80.00821018062396,7.52565545161778,0.043209292036369806,48400.553928434994,157.40551204188324,-2.037576103512379,1.6920640616291394,1145.969970703125,22.850000381469727,-0.4445835942391896,7286928.0,-0.8461394885833307,6439830.0,0.6718039913060636,7058947.0,-0.3767349636483952,7538326.0,0.03333467140041679,314863.0,24717.679202040817,19922.193316000004,6401.3136963069,56.63548997646441,3.5568642187943413,608205692.0771756,1181.9794452310884,266.19642477986855,-58754.05313659991,-0.0006802086739698954,0.00388680934116592,23.13999938964844,7.5438602519340066
2010-10-01,157.2,157.44,152.2,153.71,8682607,-2.1329428243983206,157.48714285714286,142.0173333333333,1.9101476558645762,5.035067710236841,2010,10,274,4,1054,-3.4899999999999807,5.240000000000009,3.3333333333333397,-1.213912824705965,67.22488038277514,6.9800513761042,0.14217912594545146,56486.93643874829,157.2233499794279,-1.5999724945895732,-1.9133774848383212,1143.489990234375,22.899999618530277,-1.213912824705965,7601791.0,0.20706531969629793,8492800.0,5.155381092574407,10558157.0,0.7297817289192654,6607112.0,0.024182592881080378,1080816.0,24802.200165306123,20168.922967111106,4519.184542478426,48.721117213054136,3.6486640672049355,583687216.9856461,1072.9036970209766,271.2740763588048,-120483.40574927219,-0.002164088529499897,-0.0006802086739698954,22.850000381469727,7.6405906234583085
2010-10-04,153.78,155.96,152.79,155.39,5345375,1.0929672760392917,157.85,142.93833333333336,1.909544531728652,5.0459380857986424,2010,10,277,0,1057,1.6099999999999852,3.170000000000016,2.061386396150355,-2.1329428243983206,68.48159509202452,6.607056144563899,-0.38435829238844965,34399.736147757256,156.9057003839532,-1.777489653540004,0.2617892695868136,1144.9599609375,23.6299991607666,-2.1329428243983206,8682607.0,-0.4445835942391896,7286928.0,-0.8461394885833307,6439830.0,0.6718039913060636,7058947.0,-0.0006031241359243378,-3337232.0,24916.622499999998,20431.36713611112,4689.728866347997,43.65319089741957,3.6463603186547964,366059806.3650306,1026.670454303784,272.947112791074,37597.7859138846,0.0012855125236590492,-0.002164088529499897,22.899999618530277,7.6381781269146245
2010-10-05,157.11,161.21,157.01,160.87,5600966,3.526610463993829,157.86999999999998,144.08066666666667,1.9541367001025074,5.080596585402216,2010,10,278,1,1058,3.759999999999991,4.200000000000017,2.673286232575913,1.0929672760392917,74.66410748560463,6.6766803233335565,0.04781535439515472,34816.72157642817,156.61123194273043,3.3873100616351155,0.8714579956344721,1140.6800537109375,22.520000457763672,1.0929672760392917,5345375.0,-1.213912824705965,7601791.0,0.20706531969629793,8492800.0,5.155381092574407,10558157.0,0.04459216837385549,255591.0,24922.936899999993,20759.238507111113,5574.728946621922,44.57806013998948,3.818650242687517,418191127.44721705,1074.0775636146693,281.55331850856936,122785.01463339131,-0.0037380409556488914,0.0012855125236590492,23.6299991607666,7.816546800410038
2010-10-06,160.6,160.68,154.6,155.4,6041667,-3.400261080375455,157.30285714285714,145.10966666666667,2.0545981658015147,5.046002437933547,2010,10,279,2,1059,-5.199999999999989,6.0800000000000125,3.7858032378580404,3.526610463993829,60.67547723935391,6.218788379938502,0.07868303431943713,38878.16602316602,156.3959170741205,2.039250091811013,-3.035167165931483,1159.81005859375,21.81999969482422,3.526610463993829,5600966.0,-2.1329428243983206,8682607.0,-0.4445835942391896,7286928.0,-0.8461394885833307,6439830.0,0.10046146569900727,440701.0,24744.18886530612,21056.81536011111,3681.5135382233543,38.67332891445814,4.221373622914949,366581028.54625565,966.3997142424432,298.14205497340254,-132195.9148049468,0.01677070167097039,-0.0037380409556488914,22.520000457763672,8.218392663206032
2010-10-07,156.55,157.4,153.39,156.27,4621434,0.5598455598455621,156.81285714285715,146.09033333333335,2.044246822846647,5.0515852804252095,2010,10,280,3,1060,-0.28000000000000114,4.010000000000019,2.5614819546470895,-3.400261080375455,61.44543622228624,5.85857345699435,-0.2350730353063153,29573.392205797656,156.30412760039053,1.142501634503167,-1.1766292348936815,1161.5699462890625,21.309999465942383,-3.400261080375455,6041667.0,1.0929672760392917,5345375.0,-1.213912824705965,7601791.0,0.20706531969629793,8492800.0,-0.010351342954867615,-1420233.0,24590.272165306127,21342.38549344445,3775.541632547046,34.322882950998725,4.17894507271861,283966028.1025052,915.5192741245071,298.6446997652743,16556.53231598717,0.001517393026791325,0.01677070167097039,21.81999969482422,8.176987291386581
2010-10-08,155.18,156.28,152.78,155.55,6918322,-0.4607410251487809,156.32142857142858,147.11333333333332,2.0112562623067785,5.046967223343646,2010,10,281,4,1061,0.37000000000000455,3.5,2.25544528934141,0.5598455598455621,56.54450261780105,5.452153520704854,0.497007638754551,44476.51558984249,156.49079231946715,-0.6800685081187953,-0.26072381134832767,1158.3599853515625,21.57999992370605,0.5598455598455621,4621434.0,3.526610463993829,5600966.0,-2.1329428243983206,8682607.0,-0.4445835942391896,7286928.0,-0.032990560539868596,2296888.0,24436.38903061225,21642.332844444438,3197.28077629451,29.725978013334338,4.045151752668233,391193076.4397906,848.0824801456401,295.8826129354912,-20492.155387909766,-0.002763467622208249,0.001517393026791325,21.309999465942383,8.045025049227092
2010-10-11,154.8,156.63,152.34,153.03,4467691,-1.6200578592092674,155.74571428571429,147.993,2.05265712870734,5.0306339806029445,2010,10,284,0,1064,-1.7700000000000102,4.289999999999992,2.771317829457359,-0.4607410251487809,53.34108076699596,4.870574898019868,-0.3542233217823628,29194.870286871854,156.97678211111946,-2.7672401963527338,-1.1795419147667303,1165.3199462890625,19.32999992370605,-0.4607410251487809,6918322.0,-3.400261080375455,6041667.0,1.0929672760392917,5345375.0,-1.213912824705965,7601791.0,0.0414008664005614,-2450631.0,24256.72751836735,21901.928049,2845.2708973911863,23.722499837221246,4.213401288033061,238311466.47298095,745.3440766439803,303.77888644878533,-47297.37905684186,0.006008461122202657,-0.002763467622208249,21.57999992370605,8.210628514829352
2010-10-12,152.51,156.95,151.4,156.48,5279993,2.2544599098216045,156.14142857142858,149.08266666666665,1.9969498189437118,5.0529282062865075,2010,10,285,1,1065,3.969999999999999,5.549999999999983,3.639105632417535,-1.6200578592092674,56.323089475115566,4.634630679129685,0.18181696093127298,33742.28655419223,157.59602121376145,-1.6305401135247362,0.5145188997632886,1164.280029296875,20.0,-1.6200578592092674,4467691.0,0.5598455598455621,4621434.0,3.526610463993829,5600966.0,-2.1329428243983206,8682607.0,-0.05570730976362803,812302.0,24380.145716326533,22225.64150044444,3172.2904080218736,21.47980153193009,3.9878085793793234,297385518.16698384,725.2270086702131,297.7106042076457,76070.63230213895,-0.0008923875331398046,0.006008461122202657,19.32999992370605,7.987799275774876
2010-10-13,156.77,156.79,153.85,155.17,5632748,-0.8371676891615554,156.10999999999999,150.094,2.019235740605276,5.044521290095393,2010,10,286,2,1066,-1.6000000000000227,2.9399999999999977,1.8753588058939834,2.2544599098216045,53.13005936319481,4.292456368841016,0.06680974766443826,36300.49622994136,158.31677905724396,-1.6259382715772268,-1.520840785666735,1171.3199462890625,17.920000076293945,2.2544599098216045,5279993.0,-0.4607410251487809,6918322.0,-3.400261080375455,6041667.0,1.0929672760392917,5345375.0,0.022285921661564068,352755.0,24370.332099999996,22528.208835999998,2822.8032079366044,18.4251816784038,4.077312976137737,299268235.6179168,666.0604547530604,303.0751692504083,-30389.60254423776,0.006046583996153432,-0.0008923875331398046,20.0,8.076942962421128
2010-10-14,154.99,156.95,154.23,155.53,4021869,0.23200360894504168,155.34714285714284,150.862,1.744978081743695,5.046838639056468,2010,10,287,3,1067,0.539999999999992,2.719999999999999,1.7549519323827336,-0.8371676891615554,41.19837508463102,4.004172150024061,-0.28598456739055256,25859.120426927282,159.18519220509975,3.111217427299467,-6.766409632399217,1177.8199462890625,19.59000015258789,-0.8371676891615554,5632748.0,-1.6200578592092674,4467691.0,0.5598455598455621,4621434.0,3.526610463993829,5600966.0,-0.2742576588615808,-1610879.0,24132.734793877546,22759.343043999997,1697.3061096139459,16.033394607028313,3.044948505765906,165694467.60324988,622.7688944932422,263.2508833680173,5999.409263191576,0.0055492950671531815,0.006046583996153432,17.920000076293945,6.979912326974784
2010-10-15,158.45,164.88,156.75,164.64,10110750,5.857390857069356,156.66714285714286,151.843,1.980307637350481,5.103761272085739,2010,10,288,4,1068,6.189999999999998,8.129999999999995,5.130956137582831,0.23200360894504168,57.06623759721103,4.459400501093143,1.513943144344085,61411.26093294461,160.18458165259912,2.4238427742483704,2.0315755731525087,1177.469970703125,20.200000762939453,0.23200360894504168,4021869.0,2.2544599098216045,5279993.0,-0.4607410251487809,6918322.0,-3.400261080375455,6041667.0,0.23532955560678603,6088881.0,24544.593651020412,23056.296648999996,3256.5554735013416,19.88625282914977,3.9216183385486447,576982461.7860014,734.1956984999749,300.6958525782091,359709.75830973027,-0.00029713844381751287,0.0055492950671531815,19.59000015258789,7.921230549401912
2010-10-18,165.05,165.19,161.82,163.56,6325524,-0.6559766763848285,157.70857142857145,152.66866666666667,1.9586942394917446,5.097179895496441,2010,10,291,0,1071,-1.490000000000009,3.3700000000000045,2.041805513480766,5.857390857069356,55.07360672975817,4.679087665023701,-0.37437638157406716,38674.02787967718,161.2985851005116,1.2952318626561086,0.9661830368323194,1176.8299560546875,20.43000030517578,5.857390857069356,10110750.0,-0.8371676891615554,5632748.0,-1.6200578592092674,4467691.0,0.5598455598455621,4621434.0,-0.021613397858736505,-3785226.0,24871.993502040823,23307.72178177778,3033.102158224064,21.89386137697695,3.8364831238181436,348369421.1356468,765.3115784912766,299.0312379508853,-25369.260270924835,-0.0005435507183723098,-0.00029713844381751287,20.200000762939453,7.834776957966994
2010-10-19,160.68,162.8,157.0,158.67,7524589,-2.989728539985337,158.1542857142857,153.38366666666667,2.04188786335233,5.066826573745998,2010,10,292,1,1072,-2.0100000000000193,5.800000000000011,3.6096589494647815,-0.6559766763848285,49.621032685930814,4.40779883146476,0.18955978982926958,47422.88397302578,162.4330239479271,-0.7028931831602981,-3.060130764766825,1178.6400146484375,20.700000762939453,-0.6559766763848285,6325524.0,0.23200360894504168,4021869.0,2.2544599098216045,5279993.0,-0.4607410251487809,6918322.0,0.08319362386058549,1199065.0,25012.778089795913,23526.549200111112,2462.2468848182143,19.428690538662103,4.169306046505544,373377876.71719545,699.3854405885133,313.19224740314604,-141781.5496625684,0.0015380799787068078,-0.0005435507183723098,20.43000030517578,8.167551453409317
2010-10-20,158.95,159.87,156.57,158.67,5770223,0.0,158.95999999999998,154.03466666666665,2.036736759367336,5.066826573745998,2010,10,293,2,1073,-0.28000000000000114,3.3000000000000114,2.076124567474056,-2.989728539985337,51.99801439563165,4.145019274329229,-0.23315107310179994,36366.18768513267,163.4603974903115,-2.785339712117959,-2.00505777819356,1166.739990234375,21.200000762939453,-2.989728539985337,7524589.0,5.857390857069356,10110750.0,-0.8371676891615554,5632748.0,-1.6200578592092674,4467691.0,-0.0051511039849940765,-1754366.0,25268.281599999995,23726.678535111107,2703.793501088316,17.18118478456081,4.148296626958158,300040138.62000483,657.6902082578188,313.72806781689445,0.0,-0.010096402859368414,0.0015380799787068078,20.700000762939453,8.146947037469317
2010-10-21,162.67,166.13,161.29,164.97,13399731,3.970504821327281,160.1728571428571,154.85433333333333,2.134536041715684,5.105763639187833,2010,10,294,3,1074,2.3000000000000114,4.840000000000003,2.9753488658019323,0.0,63.02035152636446,4.394465270598204,1.322220649011312,81225.2591380251,164.3418268440691,-1.397655254618212,2.02582841054911,1179.8199462890625,19.700000762939453,0.0,5770223.0,-0.6559766763848285,6325524.0,0.23200360894504168,4021869.0,2.2544599098216045,5279993.0,0.097799282348348,7629508.0,25655.344165306113,23979.86455211111,3971.564706506547,19.311325014493743,4.5562441133832605,844455757.9787232,724.9549356905857,330.54215571585445,322505.2830210864,0.011210686326145414,-0.010096402859368414,21.200000762939453,8.538144166862708
2010-10-22,162.31,170.17,162.27,169.13,16301899,2.5216706067769934,162.16714285714284,155.744,2.1585130225235085,5.13066764998595,2010,10,295,4,1075,6.819999999999993,7.899999999999977,4.867229375885636,3.970504821327281,65.0262467191601,4.8716726435087025,0.21658404933651276,96386.797138296,165.0692753679809,-1.4430869130886224,5.503811545107709,1180.52001953125,19.36000061035156,3.970504821327281,13399731.0,-2.989728539985337,7524589.0,5.857390857069356,10110750.0,-0.8371676891615554,5632748.0,0.02397698080782451,2902168.0,26298.182222448973,24256.193536,4228.412762381079,23.73319434551107,4.659178468403573,1060051306.3648293,823.9459941966269,336.1754521799013,243055.75322501783,0.0005933729501603757,0.011210686326145414,19.700000762939453,8.63405209009403
2010-10-25,171.57,171.99,168.32,169.0,6529880,-0.0768639508070712,164.09142857142857,156.54166666666666,2.1486442859825705,5.1298987149230735,2010,10,298,0,1078,-2.569999999999993,3.670000000000016,2.13906860173691,2.5216706067769934,60.06935843448105,5.179665056546725,-0.5994405314374724,38638.34319526627,165.68049611006464,1.7959308301491828,1.5235730597861732,1184.739990234375,19.21999931335449,2.5216706067769934,16301899.0,0.0,5770223.0,-0.6559766763848285,6325524.0,0.23200360894504168,4021869.0,-0.009868736540938006,-9772019.0,26925.996930612244,24505.293402777774,3608.32782273016,26.828930098011185,4.6166722676855505,392245702.25414914,875.3633945563964,336.35235760152153,-2969.895710627681,0.0035746710206581156,0.0005933729501603757,19.36000061035156,8.59457714393028
2010-10-26,167.58,171.0,167.5,169.95,4688933,0.5621301775147858,164.85,157.34833333333333,2.148616761479838,5.135504276142125,2010,10,299,1,1079,2.369999999999976,3.5,2.0885547201336676,-0.0768639508070712,70.29288702928868,5.437725607427865,-0.2819266203973121,27590.07355104443,166.20729522111438,2.4624107774844752,1.2802940014011313,1184.8800048828125,20.520000457763672,-0.0768639508070712,6529880.0,3.970504821327281,13399731.0,-2.989728539985337,7524589.0,5.857390857069356,10110750.0,-2.752450273257878e-05,-1840947.0,27175.5225,24758.498002777775,4941.089966912341,29.568859781676743,4.6165539877121065,329598637.6569036,924.1414669823656,338.0812663909167,15509.212942894601,0.00011818175261368857,0.0035746710206581156,19.21999931335449,8.594467045919373
2010-10-27,168.88,169.75,166.54,167.51,5716689,-1.435716387172692,165.41428571428574,158.0836666666667,2.1748199353561297,5.1210430509755955,2010,10,300,2,1080,-1.3700000000000045,3.210000000000008,1.9007579346281431,0.5621301775147858,65.01870657402458,5.383297542079106,0.21918760622086086,34127.44910751597,166.58306029653133,1.4469734677944177,-0.5200337643257456,1183.8399658203125,21.11000061035156,0.5621301775147858,4688933.0,2.5216706067769934,16301899.0,0.0,5770223.0,-0.6559766763848285,6325524.0,0.026203173876291785,1027756.0,27361.885918367356,24990.445666777785,4227.432204559107,28.979892426554944,4.72984175122244,371691724.665954,901.7561712736709,343.80350972086,-48997.33793606274,-0.0008777589783049988,0.00011818175261368857,20.520000457763672,8.699279741424505
2010-10-28,168.36,168.49,165.05,166.84,4682864,-0.39997612082860456,166.58142857142857,158.70733333333334,2.1654017421233402,5.117035269328745,2010,10,301,3,1081,-1.5200000000000102,3.4399999999999977,2.0432406747445935,-1.435716387172692,65.1056997591651,5.2258590573519825,-0.1808433168220276,28067.99328698154,166.7350638040106,0.05235058783041728,0.05258560815900637,1184.469970703125,20.280000686645508,-1.435716387172692,5716689.0,-0.0768639508070712,6529880.0,3.970504821327281,13399731.0,-2.989728539985337,7524589.0,-0.009418193232789474,-1033825.0,27749.37234489796,25188.01765377778,4238.7521411305515,27.30960288730775,4.688964704790797,304881137.5970029,871.8823251286047,343.66513608774966,-11226.52707437019,0.0005321706489069822,-0.0008777589783049988,21.11000061035156,8.661606968493345
2010-10-29,165.73,168.5,164.81,165.23,4957575,-0.9649964037401149,167.51857142857142,159.27100000000002,2.1796265519600526,5.1073384426629,2010,10,302,4,1082,-0.5,3.6899999999999977,2.226513003077293,-0.39997612082860456,66.73066374108612,4.914522819376572,0.05866303185401067,30004.085214549417,166.7911626352856,-2.46796684248091,0.9068042071953073,1183.8699951171875,21.200000762939453,-0.39997612082860456,4682864.0,0.5621301775147858,4688933.0,2.5216706067769934,16301899.0,0.0,5770223.0,0.014224809836712371,274711.0,28062.471773469384,25367.251441000004,4452.981483325905,24.152534542173047,4.750771906009268,330822270.296215,812.0266054455909,347.15130055722955,-28953.83432955214,-0.0005065350754155373,0.0005321706489069822,20.280000686645508,8.718506207840221
2010-11-01,164.45,164.58,161.52,162.58,5243949,-1.6038249712521768,167.17714285714285,159.647,2.1864907206682545,5.091170188318427,2010,11,305,0,1085,-1.8699999999999761,3.0600000000000023,1.8607479477044708,-0.9649964037401149,58.55300056085254,4.403196446952791,0.057764935477526924,32254.576208635746,166.96226899174465,-1.5014417629038002,-2.880827228840843,1185.7099609375,21.649999618530277,-0.9649964037401149,4957575.0,-1.435716387172692,5716689.0,-0.0768639508070712,6529880.0,3.970504821327281,13399731.0,0.006864168708201834,286374.0,27948.19709387755,25487.164608999996,3428.4538746791977,19.38813895045768,4.780741671568383,307048948.7380821,715.8716783455848,349.0666840825248,-51730.69476056637,0.0015541958389868604,-0.0005065350754155373,21.200000762939453,8.745962882673041
2010-11-02,163.76,165.94,163.36,164.61,4261645,1.2486160659367807,166.53142857142856,160.10966666666667,2.190232987473624,5.103579039738994,2010,11,306,1,1086,0.8500000000000227,2.579999999999984,1.5754763067904152,-1.6038249712521768,62.974161627267776,4.114343061755221,-0.18732142513209038,25889.344511269057,167.31532327419012,-0.9968102464557695,-1.708513027734341,1187.8599853515625,21.34000015258789,-1.6038249712521768,5243949.0,-0.39997612082860456,4682864.0,0.5621301775147858,4688933.0,2.5216706067769934,16301899.0,0.0037422668053697095,-982304.0,27732.716702040812,25635.105360111113,3965.7450326572452,16.92781882981333,4.797120539417636,268373521.02803758,677.262011395527,350.67747354673946,32325.851493342754,0.0018132802159833705,0.0015541958389868604,21.649999618530277,8.760931949894484
2010-11-03,165.25,168.61,162.29,168.47,6118035,2.344936516615026,166.4557142857143,160.6643333333333,2.220375567050657,5.126757692398113,2010,11,307,2,1087,3.219999999999999,6.320000000000022,3.8245083207261854,1.2486160659367807,66.22367101303914,4.149066556979278,0.4356040918471622,36315.27868463228,167.84230909679118,0.07554436442656168,0.5521465387822673,1193.7900390625,21.65999984741211,1.2486160659367807,4261645.0,-0.9649964037401149,4957575.0,-1.435716387172692,5716689.0,-0.0768639508070712,6529880.0,0.030142579577032702,1856390.0,27707.50481836735,25813.028005444434,4385.57460244324,17.21475329424388,4.930067658755526,405158737.0862589,698.993242854299,356.7351602298157,85157.02309864551,0.004992216072656319,0.0018132802159833705,21.34000015258789,8.88150226820261
2010-11-04,169.76,172.53,168.4,168.93,7396838,0.27304564610910464,166.31,161.20033333333333,2.2197046586771445,5.129484427934637,2010,11,308,3,1088,-0.8299999999999841,4.1299999999999955,2.432846371347783,2.344936516615026,56.86839577329495,4.165683921533997,0.2090218509701236,43786.4085715977,168.46665539237628,2.4189640742626324,-1.9556194666389217,1198.3399658203125,18.030000686645508,2.344936516615026,6118035.0,-1.6038249712521768,5243949.0,-0.39997612082860456,4682864.0,0.5621301775147858,4688933.0,-0.0006709083735123578,1278803.0,27659.0161,25985.547466777778,3234.0144378281107,17.35292253412686,4.927088771753018,420646310.85494745,703.7089848647381,357.8171308803086,11955.68821922913,0.003811329135721131,0.004992216072656319,21.65999984741211,8.87881863470858
2010-11-05,169.35,171.65,168.59,170.77,5212461,1.0892085479192515,166.7757142857143,161.535,2.03291740021822,5.140317621899148,2010,11,309,4,1089,1.420000000000016,3.0600000000000023,1.8069087688219676,0.27304564610910464,61.26914660831512,4.278011669586419,-0.2953122672147207,30523.2827780055,169.0413929680447,1.6860056978442002,0.042601334111111555,1221.199951171875,18.06999969482422,0.27304564610910464,7396838.0,1.2486160659367807,4261645.0,-0.9649964037401149,4957575.0,-1.435716387172692,5716689.0,-0.1867872584589243,-2184377.0,27814.138875510205,26093.556225,3753.908326111212,18.301383845117584,4.132753156110008,319363037.1991248,730.5560528152729,328.3873122442502,33246.220512360065,0.019076377324955374,0.003811329135721131,18.030000686645508,8.131669600872897
2010-11-08,170.84,173.2,168.78,171.99,5704605,0.7144111963459654,167.51142857142855,161.95566666666667,2.024594163645001,5.147436335588401,2010,11,312,0,1092,1.1500000000000057,4.4199999999999875,2.5872161086396552,1.0892085479192515,73.51694915254244,4.414587407580939,0.0944168215359309,33168.23652537938,169.58459109060837,1.6281128870293493,0.7772960223622931,1223.239990234375,19.32999992370605,1.0892085479192515,5212461.0,2.344936516615026,6118035.0,-1.6038249712521768,5243949.0,-0.39997612082860456,4682864.0,-0.008323236573219095,492144.0,28060.07870204081,26229.637965444446,5404.74181269751,19.488581979172196,4.098981527465401,419385155.72033936,759.2648882298457,327.8944975025686,23695.759536782232,0.0016705200983200275,0.019076377324955374,18.06999969482422,8.098376654580022
2010-11-09,172.67,173.14,169.06,170.27,3976219,-1.0000581429152833,168.23142857142858,162.308,2.0379205515955197,5.137385412432552,2010,11,313,1,1093,-2.3999999999999773,4.079999999999984,2.3628887473214713,0.7144111963459654,69.30758988015985,4.334074525296529,-0.3029808374111792,23352.434368943443,170.06059521547854,-2.0956207641993703,2.3050255487208346,1223.5899658203125,18.51000022888184,0.7144111963459654,5704605.0,0.27304564610910464,7396838.0,1.2486160659367807,4261645.0,-0.9649964037401149,4957575.0,0.013326387950518548,-1728386.0,28301.813559183676,26343.886863999996,4803.542014996437,18.784201990824336,4.153120174615387,275582155.7256993,737.96286942224,330.7708088883656,-23353.792147556615,0.00028610541572504644,0.0016705200983200275,19.32999992370605,8.151682206382077
2010-11-10,170.59,173.37,169.41,173.33,5436205,1.797145709755088,169.7671428571429,162.78600000000003,2.0532335159775963,5.155197291953219,2010,11,314,2,1094,2.740000000000009,3.960000000000008,2.3213552963245254,-1.0000581429152833,65.59701492537319,4.465706033189974,0.3671794737664098,31363.324294697974,170.26379981579208,-1.9788537904290524,5.045053974636971,1213.1400146484375,18.940000534057617,-1.0000581429152833,3976219.0,1.0892085479192515,5212461.0,2.344936516615026,6118035.0,-1.6038249712521768,5243949.0,0.015312964382076633,1459986.0,28820.88279387756,26499.28179600001,4302.968367119633,19.942530374869335,4.215767871133722,356598820.52238834,774.0408267328183,334.23767113192906,56364.46369987399,-0.008540402801414881,0.00028610541572504644,18.51000022888184,8.212934063910382
2010-11-11,171.25,172.05,169.42,170.37,5685145,-1.7077251485605571,170.59,163.22966666666667,2.0677864891097797,5.137972542557451,2010,11,315,3,1095,-0.8799999999999955,2.630000000000024,1.5357664233576782,1.797145709755088,52.42187500000002,4.281819538996075,0.04579297506256652,33369.401890004105,169.87378340893744,-0.9102626470190871,1.4064792380816584,1213.0400390625,19.440000534057617,1.797145709755088,5436205.0,0.7144111963459654,5704605.0,0.27304564610910464,7396838.0,1.2486160659367807,4261645.0,0.0145529731321834,248940.0,29100.9481,26643.924080111112,2748.0529785156273,18.33397856452856,4.275740964544949,298025960.5468751,729.4935948587613,337.5240993552263,-56985.766799984194,-8.241059130054129e-05,-0.008540402801414881,18.940000534057617,8.271145956439113
2010-11-12,169.9,171.26,165.05,165.68,7160369,-2.7528320713740673,170.19142857142856,163.62866666666665,2.095761640975859,5.110058217087329,2010,11,316,4,1096,-4.219999999999999,6.2099999999999795,3.6550912301353615,-1.7077251485605571,44.49602122015915,3.714822205493789,0.25948748888550766,43218.06494447127,169.39541147101895,-1.5539508304700433,-2.1614606405488814,1209.0699462890625,19.59000015258789,-1.7077251485605571,5685145.0,-1.0000581429152833,3976219.0,1.0892085479192515,5212461.0,2.344936516615026,6118035.0,0.02797515186607935,1475224.0,28965.122359183668,26774.340555111103,1979.8959044248534,13.799904018429737,4.392216855785826,318607930.96816975,615.471743006211,342.92668296402513,-118972.0752418678,-0.003272845615636677,-8.241059130054129e-05,19.440000534057617,8.383046563903463
2010-11-15,165.16,165.35,158.56,158.9,9631577,-4.092225977788511,168.75857142857143,163.74566666666666,2.2348594822125527,5.0682750735426705,2010,11,319,0,1099,-6.259999999999991,6.789999999999992,4.1111649309760185,-2.7528320713740673,34.64851347596557,2.68740466835672,0.3451229957562243,60614.07803650094,169.2539937428253,2.332872082020022,-12.686865824845313,1200.43994140625,20.32999992370605,-2.7528320713740673,7160369.0,1.797145709755088,5436205.0,0.7144111963459654,5704605.0,0.27304564610910464,7396838.0,0.13909784123669366,2471208.0,28479.455430612245,26812.64335211111,1200.5194860941679,7.222143851505493,4.994596905235359,333719825.4793001,427.0286018018828,365.9485558212159,-248046.50476066914,-0.007137721774741146,-0.003272845615636677,19.59000015258789,8.939437928850225
2010-11-16,158.59,160.91,156.77,157.78,6568194,-0.7048458149779724,166.90285714285716,163.64266666666666,2.1426664176075043,5.061201657666944,2010,11,320,1,1100,-0.8100000000000023,4.139999999999986,2.6105050759820836,-4.092225977788511,35.96769541390252,1.7624774849204812,-0.3180562227763948,41628.81227024971,169.1720554317872,1.776667774626562,-13.168723206413745,1194.7900390625,21.26000022888184,-4.092225977788511,9631577.0,-1.7077251485605571,5685145.0,-1.0000581429152833,3976219.0,1.0892085479192515,5212461.0,-0.09219306460504839,-3063383.0,27856.563722448984,26778.922353777776,1293.6751133872642,3.106326884851625,4.591019377142976,236242801.21142203,278.08369757075354,350.63164635440563,-29341.894111189176,-0.004706526456568438,-0.007137721774741146,20.32999992370605,8.570665670430003
2010-11-17,157.84,160.85,157.55,158.35,4524492,0.36126251742931714,164.95428571428573,163.741,2.0473452152954,5.064807772984649,2010,11,321,2,1101,0.5099999999999909,3.299999999999983,2.090724784591981,-0.7048458149779724,37.72056696557707,1.0632043071864246,-0.3111512845083443,28572.731291443008,169.08372960693654,2.280294792865679,-13.014024399802224,1178.3299560546875,22.190000534057617,-0.7048458149779724,6568194.0,-2.7528320713740673,7160369.0,1.797145709755088,5436205.0,0.7144111963459654,5704605.0,-0.09532120231210417,-2043702.0,27209.91637551021,26811.115081000004,1422.8411722045842,1.130403398819765,4.191622430592968,170666403.47121772,168.3584020429703,335.2343528976841,10322.256836178125,-0.013776548573109948,-0.004706526456568438,21.26000022888184,8.189380861181576
2010-11-18,160.99,165.0,160.74,164.17,6216159,3.6754025892011377,164.08285714285714,164.00433333333334,2.1488789112531497,5.100902476306427,2010,11,322,3,1102,3.1799999999999784,4.259999999999991,2.64612708863904,0.36126251742931714,48.63331614234141,0.9674979222701552,0.3738910357229055,37864.15910336846,169.05159815554248,-1.6701196472316715,-3.211478508310819,1183.75,20.309999465942383,0.36126251742931714,4524492.0,-4.092225977788511,9631577.0,-1.7077251485605571,5685145.0,-1.0000581429152833,3976219.0,0.10153369595774953,1691667.0,26923.18400816326,26897.421352111112,2365.1994390009254,0.9360522295970672,4.617680575228522,302312425.8380608,158.83413389909137,352.425453254132,139166.02840644427,0.004599767592653015,-0.013776548573109948,22.190000534057617,8.595515645012597
2010-11-19,163.81,164.99,162.84,164.82,4463345,0.39593104708535165,162.86714285714285,164.31333333333333,2.145668933065734,5.104853969335237,2010,11,323,4,1103,1.009999999999991,2.1500000000000057,1.3124961846041179,3.6754025892011377,53.04513322457856,0.9333405218683026,-0.28197702150154136,27080.117704162116,169.10605102421476,-1.562728100730228,-2.7233229234845453,1196.1199951171875,19.149999618530277,3.6754025892011377,6216159.0,-0.7048458149779724,6568194.0,-2.7528320713740673,7160369.0,1.797145709755088,5436205.0,-0.0032099781874155298,-1752814.0,26525.70622244898,26998.871511111112,2813.786158813288,0.8711245297613955,4.603895170323446,236758730.15225658,153.83318481433363,352.56201462180763,10721.859357803476,0.010449837480200674,0.004599767592653015,20.309999465942383,8.582675732262942
2010-11-22,165.19,170.6,165.0,170.39,6141958,3.379444242203622,162.86999999999998,164.892,2.1918660088991855,5.138089927227147,2010,11,326,0,1106,5.199999999999989,5.599999999999994,3.3900357164477235,0.39593104708535165,57.16765873015869,1.340273150933882,0.37608856138165425,36046.46986325489,171.69995060728334,-0.8100824907364226,-0.49986811654693497,1198.0699462890625,19.450000762939453,0.39593104708535165,4463345.0,0.36126251742931714,4524492.0,-4.092225977788511,9631577.0,-1.7077251485605571,5685145.0,0.04619707583345134,1678613.0,26526.63689999999,27189.371664,3268.1412046878895,1.7963321191142367,4.804276600967644,351121358.878968,228.36914218762416,361.4211699394045,121817.03503114311,0.0016302303948056984,0.010449837480200674,19.149999618530277,8.767464035596731
2010-11-23,168.81,168.81,164.62,168.2,6464924,-1.2852866952285935,163.23,165.28266666666667,2.1828411404293724,5.125153747538848,2010,11,327,1,1107,-0.6100000000000136,4.189999999999998,2.4820804454712384,3.379444242203622,49.650711513583424,1.4691203885102198,0.05258355723044672,38435.93341260405,171.53019562652875,-2.4007420258890084,-0.9294536006397607,1192.510009765625,20.25,3.379444242203622,6141958.0,3.6754025892011377,6216159.0,-0.7048458149779724,6568194.0,-2.7528320713740673,7160369.0,-0.009024868469813097,322966.0,26644.0329,27318.359900444448,2465.193153805086,2.158314715936419,4.764795444351003,320988076.4812418,247.10604934741895,360.7858045998745,-49401.19383391213,-0.00464074450799723,0.0016302303948056984,19.450000762939453,8.731364561717498
2010-11-24,171.58,177.89,171.53,177.25,10041437,5.380499405469696,165.85142857142858,166.0186666666667,2.3624806191819445,5.177561165412237,2010,11,328,2,1108,5.6699999999999875,6.359999999999985,3.7067257256090365,-1.2852866952285935,58.806096528365785,2.2752642881667953,0.553218104342758,56651.26657263752,173.0274687039032,2.1055494342388696,2.116981861857937,1183.699951171875,19.420000076293945,-1.2852866952285935,6464924.0,0.39593104708535165,4463345.0,0.36126251742931714,4524492.0,-4.092225977788511,9631577.0,0.17963947875257213,3576513.0,27506.69635918368,27562.197681777787,3458.1569889034745,5.176827581007154,5.581314676010304,590497713.5055038,403.2905950775645,392.21588242242757,304812.10611318145,-0.007387827793144952,-0.00464074450799723,20.25,9.44992247672775
2010-11-26,177.36,178.38,176.16,177.2,4272138,-0.028208744710866984,168.62571428571428,166.741,2.3638660634361006,5.177279038170981,2010,11,330,4,1110,-0.160000000000025,2.219999999999999,1.2516914749661698,5.380499405469696,57.073707370737054,2.876940969798966,-0.5745491407255754,24109.130925507903,174.28391379349964,1.6321569308352835,1.2839292756650593,1194.1600341796875,21.170000076293945,5.380499405469696,10041437.0,3.379444242203622,6141958.0,3.6754025892011377,6216159.0,-0.7048458149779724,6568194.0,0.0013854442541560985,-5769299.0,28434.631518367347,27802.561081000003,3257.4080730405253,8.276789343707813,5.5878627658648865,243826754.05940586,509.79393984837674,394.1533912833989,-680.0883194785207,0.008836768978031095,-0.007387827793144952,19.420000076293945,9.455464253744424
2010-11-29,179.95,181.84,177.57,179.49,9690463,1.2923250564334188,171.6457142857143,167.236,2.1410327404995972,5.19011949607005,2010,11,333,0,1113,-0.45999999999997954,4.27000000000001,2.3728813559322095,-0.028208744710866984,58.06104901117798,3.498232489940449,1.2682935335890368,53988.874031979496,175.30555831904462,2.0861253353525915,2.0983163456027967,1189.0799560546875,23.149999618530277,-0.028208744710866984,4272138.0,-1.2852866952285935,6464924.0,0.39593104708535165,4463345.0,0.36126251742931714,4524492.0,-0.22283332293650338,5418325.0,29462.251232653063,27967.879695999996,3371.0854122784112,12.237630553674952,4.584021195891216,562638447.1840068,627.8977496194112,358.0577513901906,69771.17468015464,-0.0042541016108361696,0.008836768978031095,21.170000076293945,8.564130961998387
2010-11-30,176.65,177.7,174.9,175.4,6761420,-2.2786784779096347,173.24999999999997,167.63066666666666,2.1863044118186665,5.1670690799380825,2010,11,334,1,1114,-1.25,2.799999999999983,1.5850551938862059,1.2923250564334188,55.24647167109838,3.618865646861053,-0.3022603770325525,38548.57468643101,176.04638031324058,-1.3599647613829882,0.7135844481424272,1182.9599609375,23.270000457763672,1.2923250564334188,9690463.0,5.380499405469696,10041437.0,3.379444242203622,6141958.0,3.6754025892011377,6216159.0,0.045271671319069284,-2929043.0,30015.56249999999,28100.040407111108,3052.1726321054753,13.09618857003107,4.779926981137765,373544598.486398,634.7490344594288,366.4916660894376,-87839.8074920625,-0.005146832293341674,-0.0042541016108361696,23.149999618530277,8.745217647274671
2010-12-01,179.16,179.32,176.0,176.55,5769065,0.6556442417331887,174.9257142857143,168.22666666666663,2.0992489073961216,5.173604122374395,2010,12,335,2,1115,-2.609999999999985,3.319999999999993,1.8530922080821572,-2.2786784779096347,53.4269902085994,3.763876061578202,-0.14676724711672995,32676.663834607756,176.4795800312375,-0.8870734448947813,0.9574934136572892,1186.5999755859375,21.190000534057617,-2.2786784779096347,6761420.0,-0.028208744710866984,4272138.0,-1.2852866952285935,6464924.0,0.39593104708535165,4463345.0,-0.08705550442254495,-992355.0,30599.00551836735,28300.211377777767,2854.4432827497762,14.166763006921435,4.40684597520381,308223779.2677735,664.5123186716315,353.1496461948915,21424.26648221171,0.0030770396028896307,-0.005146832293341674,23.270000457763672,8.396995629584467
2010-12-02,176.86,177.45,173.92,176.53,5537579,-0.011328235627305894,175.80285714285716,168.82200000000003,2.09932020717783,5.173490833601192,2010,12,336,3,1116,-0.3300000000000125,3.530000000000001,1.9959289833766825,0.6556442417331887,56.99364214350589,3.8329995937745025,-0.04012539293629036,31369.053418682375,176.63925658041424,-0.6054918169675411,0.4962352365533036,1206.81005859375,21.1299991607666,0.6556442417331887,5769065.0,1.2923250564334188,9690463.0,5.380499405469696,10041437.0,3.379444242203622,6141958.0,7.129978170850038e-05,-231486.0,30906.644579591844,28500.86768400001,3248.2752447820103,14.691885885875502,4.407145332265167,315606795.8673932,676.639418289013,354.4114360161757,-355.3560285323794,0.017031926026993993,0.0030770396028896307,21.190000534057617,8.397280828711303
2010-12-03,176.4,176.4,174.05,175.68,4906789,-0.4815045601314183,176.87142857142857,169.179,1.9911280882753293,5.168664158321166,2010,12,337,4,1117,-0.7199999999999989,2.3499999999999943,1.3321995464852574,-0.011328235627305894,62.43781094527362,3.7756690324608257,-0.11391079025689743,27930.265255009108,176.5778851231677,-2.2283675920649406,1.3304824688972303,1219.9300537109375,19.26000022888184,-0.011328235627305894,5537579.0,-2.2786784779096347,6761420.0,-0.028208744710866984,4272138.0,-1.2852866952285935,6464924.0,-0.1081921189025008,-630790.0,31283.502244897958,28621.534041,3898.48023563773,14.255676642683667,3.9645910639189674,306369163.9303482,663.3095356227179,336.85705884633194,-13448.550085966996,0.010871632220629479,0.017031926026993993,21.1299991607666,7.964512353101327
2010-12-06,175.86,178.43,174.6,178.05,5646515,1.349043715846987,176.9857142857143,169.47633333333334,1.955763169374265,5.182064409723787,2010,12,340,0,1120,2.1899999999999977,3.8300000000000125,2.1778687592403116,-0.4815045601314183,76.75328303995526,3.8767841877568117,0.1507556163511412,31713.086211738275,176.3883580017983,1.533547487357977,0.1280945108437379,1223.8699951171875,18.799999237060547,-0.4815045601314183,4906789.0,0.6556442417331887,5769065.0,1.2923250564334188,9690463.0,5.380499405469696,10041437.0,-0.0353649189010643,739726.0,31323.943061224494,28722.227560111114,5891.066457411484,15.029455638441242,3.8250095746808697,433388563.984353,690.2614246301004,331.4555708139294,42782.339664059255,0.0032296453343902964,0.010871632220629479,19.26000022888184,7.82305267749706
2010-12-07,180.51,181.47,176.57,176.77,5073989,-0.7188991856220128,176.92428571428573,169.73533333333336,1.9622840635522272,5.174849452547792,2010,12,341,1,1121,-3.7399999999999807,4.900000000000006,2.7145310509113103,1.349043715846987,76.4116828929068,3.8097173243817792,-0.10139457700900467,28703.903377269897,176.1329688769245,0.9374175192050738,-0.30038639612956786,1227.25,17.1299991607666,1.349043715846987,5646515.0,-0.011328235627305894,5537579.0,-2.2786784779096347,6761420.0,-0.028208744710866984,4272138.0,0.0065208941779622,-572526.0,31302.20287551021,28810.083381777786,5838.745282526145,14.513946091694663,3.8505587460710413,387712038.47009724,673.4437314309672,333.0689396217252,-20635.212762092273,0.002761735230291995,0.0032296453343902964,18.799999237060547,7.849136254208929
2010-12-08,177.57,178.16,175.2,176.29,3726855,-0.2715392883407941,176.46714285714285,169.9466666666667,1.9624194441061298,5.172130366297652,2010,12,342,2,1122,-1.2800000000000011,2.960000000000008,1.666948245762239,-0.7188991856220128,75.01394311210257,3.6754658807189173,-0.26549801349589053,21140.47875659425,175.87768386576158,1.124917023049858,-0.712600888811437,1225.02001953125,17.969999313354492,-0.7188991856220128,5073989.0,-0.4815045601314183,4906789.0,0.6556442417331887,5769065.0,1.2923250564334188,9690463.0,0.00013538055390260872,-1347134.0,31140.65250816326,28881.86951111112,5627.09166122576,13.509049440328887,3.8510900746058114,279566088.95705503,647.9478801119379,333.50664312768976,-5740.470556749278,-0.0018170547718476815,0.002761735230291995,17.1299991607666,7.849677776424528
2010-12-09,177.77,178.11,173.8,174.85,4552588,-0.8168358953996258,176.38857142857142,170.19133333333332,1.9484804228886456,5.163928463509385,2010,12,343,3,1123,-2.920000000000016,4.310000000000002,2.4244810710468596,-0.2715392883407941,66.9631512071156,3.413525679778303,0.22156295321390296,26037.10609093509,175.70787741794038,-0.33662248551087776,-0.5212549324295139,1230.1400146484375,17.31999969482422,-0.2715392883407941,3726855.0,1.349043715846987,5646515.0,-0.011328235627305894,5537579.0,-2.2786784779096347,6761420.0,-0.013939021217484138,825733.0,31112.928130612243,28965.089941777773,4484.0636195870275,11.652157566505926,3.7965759583803154,304855638.6277,596.8549651092362,331.6144811453158,-21268.042867404012,0.00417951954707374,-0.0018170547718476815,17.969999313354492,7.793921691554601
2010-12-10,174.78,175.95,173.36,175.62,3560443,0.44037746639977726,176.25571428571428,170.48399999999998,1.946172759755974,5.168322569931849,2010,12,344,4,1124,0.8400000000000034,2.589999999999975,1.4818629133768022,-0.8168358953996258,67.08860759493669,3.2308257994996836,-0.2179298895485381,20273.562236647307,175.69949925100707,-0.19048567412734319,0.11098642312026641,1233.8499755859375,17.059999465942383,-0.8168358953996258,4552588.0,-0.7188991856220128,5073989.0,-0.4815045601314183,4906789.0,0.6556442417331887,5769065.0,-0.0023076631326717223,-992145.0,31066.076818367343,29064.794255999994,4500.881269027397,10.43823534671277,3.7875884108161837,238865163.2911392,567.3976269081345,331.79131677423743,8928.019972672942,0.003015885097080062,0.00417951954707374,17.31999969482422,7.784691039023869
2010-12-13,176.33,177.94,173.73,174.25,4202479,-0.7800933834415269,175.93,170.78466666666665,1.9426808150885413,5.160491049640633,2010,12,347,0,1127,-2.0800000000000125,4.210000000000008,2.387568763114619,0.44037746639977726,57.043795620437955,2.9415785907401073,0.18032475172331086,24117.526542324245,175.9517669647234,0.00940137322461121,-1.7111683379480098,1242.52001953125,16.81999969482422,0.44037746639977726,3560443.0,-0.2715392883407941,3726855.0,1.349043715846987,5646515.0,-0.011328235627305894,5537579.0,-0.0034919446674326338,642036.0,30951.364900000004,29167.40236844444,3253.9946187862965,8.652884605500555,3.774008749313079,239725353.17518246,512.5700694364637,331.7800954446248,-18813.92288064255,0.00702682183155634,0.003015885097080062,17.059999465942383,7.770723260354146
2010-12-14,174.25,175.76,173.09,173.94,3684605,-0.17790530846485408,175.68142857142857,171.16333333333336,1.9143783667697194,5.158710412161619,2010,12,348,1,1128,-0.3100000000000023,2.6699999999999875,1.5322812051649857,-0.7800933834415269,61.24608150470217,2.6567087993673226,-0.12323059793993019,21183.195354720017,176.52463693704038,-1.1905112845764103,-1.3941256524639698,1241.8399658203125,17.600000381469727,-0.7800933834415269,4202479.0,-0.8168358953996258,4552588.0,-0.7188991856220128,5073989.0,-0.4815045601314183,4906789.0,-0.028302448318821893,-517874.0,30863.96434489796,29296.886677777784,3751.082499680621,7.0581016446357605,3.6648445311558984,225667618.14263314,462.10792856195206,327.6713825175278,-3768.602903852729,-0.0005473181117789938,0.00702682183155634,16.81999969482422,7.6575134670789
2010-12-15,173.72,179.0,173.59,175.57,5807078,0.9371047487639395,175.32714285714286,171.52866666666665,1.9095744291602799,5.168037823781117,2010,12,349,2,1129,1.8499999999999943,5.409999999999997,3.114206769514159,-0.17790530846485408,45.35911602209945,2.533272822657949,0.5760381370594676,33075.570997323004,177.39361703733871,0.48454028143516925,-2.3081573187738798,1241.5799560546875,17.989999771118164,-0.17790530846485408,3684605.0,0.44037746639977726,3560443.0,-0.2715392883407941,3726855.0,1.349043715846987,5646515.0,-0.004803937609439535,2122473.0,30739.60702244898,29422.08348844444,2057.449406306279,6.417471194017373,3.6464745005028085,263403924.75138122,444.7667094740561,327.5467557346239,30995.274649670217,-0.0002093746157164622,-0.0005473181117789938,17.600000381469727,7.638297716641091
2010-12-16,175.6,178.3,175.04,178.04,4116580,1.4068462721421593,175.50857142857143,171.84766666666667,1.8812624517718566,5.182008244147654,2010,12,350,3,1130,2.4399999999999977,3.2600000000000193,1.856492027334863,0.9371047487639395,52.04678362573099,2.6047315551772954,-0.2911099179311867,23121.658054369807,178.38874922727533,-0.01145388227548489,-0.337295344999859,1236.3399658203125,18.030000686645508,0.9371047487639395,5807078.0,-0.7800933834415269,4202479.0,-0.8168358953996258,4552588.0,-0.7188991856220128,5073989.0,-0.02831197738842328,-1690498.0,30803.25864489796,29531.620538777777,2708.8676857836595,6.784626474536331,3.539148412446657,214254748.53801167,463.74640608376563,323.2905627246061,32528.618439535894,-0.004220421092352211,-0.0002093746157164622,17.989999771118164,7.525049807087441
2010-12-17,178.04,178.75,177.02,177.58,4505169,-0.2583689058638372,175.69285714285712,172.136,1.8830648563842896,5.179421211604181,2010,12,351,4,1131,-0.45999999999997954,1.7299999999999898,0.9716917546618681,1.4068462721421593,44.89031567683254,2.5943390344425836,0.09439607635464387,25369.799526973755,179.3224301185672,0.14534132726225135,-1.8877714458294577,1243.6300048828125,17.6200008392334,1.4068462721421593,4116580.0,-0.17790530846485408,3684605.0,0.44037746639977726,3560443.0,-0.2715392883407941,3726855.0,0.001802404612432973,388589.0,30867.9800510204,29630.802496,2015.1404415656775,6.730595025632477,3.545933253349585,202238458.58747998,460.70272573631405,324.14325211856607,-6554.7673457691035,0.005896468013685041,-0.004220421092352211,18.030000686645508,7.532259425537177
2010-12-20,179.22,183.98,178.04,183.29,8718649,3.215452190561985,176.89857142857142,172.5533333333333,1.9568916597331538,5.211069597983756,2010,12,354,0,1134,4.069999999999993,5.939999999999998,3.314362236357548,-0.2583689058638372,69.423929098966,3.012130204414632,0.9352545931129332,47567.51050248241,180.1564170895953,0.20497762862851143,2.9286052817761856,1245.760009765625,16.219999313354492,-0.2583689058638372,4505169.0,0.9371047487639395,5807078.0,-0.7800933834415269,4202479.0,-0.8168358953996258,4552588.0,0.07382680334886427,4213480.0,31293.104573469383,29774.652844444438,4819.681931538258,9.072928368346933,3.8294249679331775,605282870.0147709,552.0933451671578,337.66817885915475,152951.05584478728,0.0017127319817384912,0.005896468013685041,17.6200008392334,7.8275666389326375
2010-12-21,183.9,185.65,182.6,184.75,5110546,0.7965519122701714,178.20285714285714,172.97866666666667,1.9576146953946476,5.2190035598283115,2010,12,355,1,1135,0.8499999999999943,3.0500000000000114,1.6585100598151232,3.215452190561985,69.88360814742965,3.4216004349691787,-0.41383739613786497,27661.95399188092,180.94148135971628,-0.4600948372787012,4.268613477562411,1249.4300537109375,16.200000762939453,3.215452190561985,8718649.0,1.4068462721421593,4116580.0,-0.17790530846485408,3684605.0,0.44037746639977726,3560443.0,0.0007230356614937872,-3608103.0,31756.25829387755,29921.619121777778,4883.7186877034965,11.707349536581273,3.832255295625079,357143394.083414,632.1406803605557,338.62557985643895,22034.18234936225,0.0029460280604149958,0.0017127319817384912,16.219999313354492,7.8304587815786135
2010-12-22,185.1,185.45,184.11,184.76,2576410,0.005412719891739748,179.7042857142857,173.46166666666667,1.9439060988116084,5.2190576855624045,2010,12,356,2,1136,-0.3400000000000034,1.339999999999975,0.7239330091842112,0.7965519122701714,69.96603590490052,3.704215567911149,-0.4958640427069828,13944.630872483222,181.64683176269457,0.18181976928835827,2.931348468017063,1254.93994140625,16.520000457763672,0.7965519122701714,5110546.0,-0.2583689058638372,4505169.0,0.9371047487639395,5807078.0,-0.7800933834415269,4202479.0,-0.013708596583039245,-2534136.0,32293.630304081627,30088.94980277778,4895.246180245829,13.721212973555314,3.7787709209969664,180261194.56574476,684.3908683272638,337.1931917433596,75.47838090645813,0.004409920890687369,0.0029460280604149958,16.200000762939453,7.775624395246439
2010-12-23,184.38,184.98,181.89,182.59,3357316,-1.1744966442952975,180.94,173.77033333333333,1.9402066632427972,5.207243202148642,2010,12,357,3,1137,-1.789999999999992,3.0900000000000034,1.675886755613409,0.005412719891739748,65.75467396260831,3.7103189846843634,0.30309849752174545,18387.184402212606,182.20744619693346,-0.49779905839603544,0.8803528614625691,1257.530029296875,15.4399995803833,0.005412719891739748,2576410.0,3.215452190561985,8718649.0,1.4068462721421593,4116580.0,-0.17790530846485408,3684605.0,-0.003699435568811138,780906.0,32739.2836,30196.128746777777,4323.677147928919,13.766466968109205,3.764401896091749,220759218.96944827,677.4671434135179,337.15035860725527,-21595.686378437542,0.0020639138218221387,0.004409920890687369,16.520000457763672,7.760826652971161
2010-12-27,182.26,183.14,180.45,182.14,2247052,-0.24645380360370783,181.8785714285714,174.16266666666667,1.9089687332163257,5.204775622139673,2010,12,361,0,1141,-0.12000000000000455,2.6899999999999977,1.4759135301218027,-1.1744966442952975,60.21989005497245,3.636920590592865,-0.33069988049978016,12336.9495992094,182.58615685546044,0.6044693154244605,-1.0506261708849252,1254.6600341796875,18.26000022888184,-1.1744966442952975,3357316.0,0.7965519122701714,5110546.0,-0.2583689058638372,4505169.0,0.9371047487639395,5807078.0,-0.031237930026471572,-1110264.0,33079.81474489795,30332.634460444446,3626.43515823297,13.227191382278356,3.644161624397543,135317224.38780597,662.4287163705844,332.47108516024383,-3040.4881535923955,-0.0022822477796352603,0.0020639138218221387,15.4399995803833,7.635874932865306
2010-12-28,182.06,182.77,181.05,181.09,1974053,-0.5764796310530285,182.31428571428572,174.67633333333333,1.8310604357855529,5.198994145253251,2010,12,362,1,1142,-0.9699999999999989,1.7199999999999989,0.9447434911567609,-0.24645380360370783,60.920121334681504,3.4542076540187168,-0.12149207049948108,10900.949803964879,182.78888102254484,0.3492984264250395,-2.0481794489698757,1259.0999755859375,17.299999237060547,-0.24645380360370783,2247052.0,0.005412719891739748,2576410.0,3.215452190561985,8718649.0,1.4068462721421593,4116580.0,-0.07790829743077277,-272999.0,33238.498775510205,30511.821426777777,3711.2611834323166,11.931550517081487,3.352782319499179,120259548.28109203,625.5224640662494,319.8429230347558,-6284.175521117257,0.003538760528984941,-0.0022822477796352603,18.26000022888184,7.324241743142238
2010-12-29,181.79,184.35,180.41,183.37,3120078,1.259042465072624,183.14142857142858,175.49200000000002,1.6375527657008584,5.211505969561073,2010,12,363,2,1143,1.5800000000000125,3.9399999999999977,2.167335937070245,-0.5764796310530285,66.40407784986104,3.4535726449760773,0.5805441900496087,17015.204231880896,182.92161374504008,-0.024983929148558404,0.4733701841084894,1258.780029296875,17.489999771118164,-0.5764796310530285,1974053.0,-1.1744966442952975,3357316.0,0.7965519122701714,5110546.0,-0.2583689058638372,4505169.0,-0.1935076700846945,1146025.0,33540.78285918367,30797.442064000006,4409.501555090405,11.927164014127058,2.6815790604545304,207185902.40963873,633.2816159092633,287.3774099583751,21422.864679821465,-0.0002541071362610614,0.003538760528984941,17.299999237060547,6.550211062803442
2010-12-30,183.92,184.55,182.75,182.75,1960924,-0.33811419534275355,183.0642857142857,176.32433333333333,1.6296653200886477,5.208119098629888,2010,12,364,3,1144,-1.1699999999999875,1.8000000000000114,0.9786863853849562,1.259042465072624,69.0269749518305,3.364259488091079,-0.3715144300879657,10730.090287277702,183.1259696433518,0.052496279855179795,-0.4284659232069714,1259.43994140625,17.649999618530273,1.259042465072624,3120078.0,-0.24645380360370783,2247052.0,0.005412719891739748,2576410.0,3.215452190561985,8718649.0,-0.007887445612210664,-1159154.0,33512.53270408163,31090.27052544444,4764.723271000635,11.31824190321085,2.6558090554996348,135356651.83044326,614.8184214486447,287.3496511210841,-3627.9958434379955,0.0005242473617441679,-0.0002541071362610614,17.489999771118164,6.518661280354593
2010-12-31,181.96,182.3,179.51,180.0,3449615,-1.5047879616963078,182.38571428571427,177.04599999999996,1.6703863164070971,5.19295685089021,2010,12,365,4,1145,-1.960000000000008,2.7900000000000205,1.5333040228621788,-0.33811419534275355,59.63060686015833,3.0365724336872972,0.7591783261360461,19164.527777777777,183.41473287312206,-1.2660250814980953,-2.1487077916239627,1256.760009765625,17.90999984741211,-0.33811419534275355,1960924.0,-0.5764796310530285,1974053.0,-1.1744966442952975,3357316.0,0.7965519122701714,5110546.0,0.04072099631844939,1488691.0,33264.5487755102,31345.28611599999,3555.809274510762,9.220772145029596,2.7901904460400706,205702635.88390508,546.5830380637135,295.7352157746109,-28838.550691594493,-0.002127875694995618,0.0005242473617441679,17.649999618530273,6.681545265628415
2011-01-03,181.3,186.0,181.21,184.22,5329113,2.344444444444438,182.30857142857144,177.71433333333331,1.5976179594455504,5.216130695560089,2011,1,3,0,1148,2.9199999999999875,4.789999999999992,2.642029784886923,-1.5047879616963078,69.48026572880036,3.081870924582489,0.5448428302868582,28927.98284659646,183.76898575388415,-0.2514250115275942,0.702439257643448,1257.6199951171875,17.940000534057617,-1.5047879616963078,3449615.0,1.259042465072624,3120078.0,-0.24645380360370783,2247052.0,0.005412719891739748,2576410.0,-0.07276835696154671,1879498.0,33236.41521632653,31582.384272111103,4827.50732574471,9.497928395786927,2.5523831443429645,370268187.3388045,567.7422617265861,283.91961058422635,67820.04867368707,0.0006842876483019733,-0.002127875694995618,17.90999984741211,6.390471837782229
2011-01-04,184.22,187.7,183.78,185.01,5031322,0.4288350884811498,182.6542857142857,178.38733333333332,1.5976285153164254,5.220409877671511,2011,1,4,1,1149,0.789999999999992,3.9199999999999875,2.1278905656280465,2.344444444444438,71.23130034522444,3.1452601020691873,-0.055880031067083724,27194.865142424736,184.1755249938684,-0.298457120591033,1.1329321267226078,1272.949951171875,17.34000015258789,2.344444444444438,5329113.0,-0.33811419534275355,1960924.0,-0.5764796310530285,1974053.0,-1.1744966442952975,3357316.0,1.0555870874950912e-05,-297791.0,33362.58808979591,31822.040693777773,5073.898148871572,9.892661109668275,2.5524168729521657,358387608.5155353,581.9045714838203,284.9966905045896,11662.112399584648,0.012189656743855304,0.0006842876483019733,17.940000534057617,6.390514061265719
2011-01-05,184.1,187.45,184.07,187.42,3396012,1.302632290146466,183.40857142857143,178.95499999999998,1.5063766804602943,5.233352087695677,2011,1,5,2,1150,3.319999999999993,3.3799999999999955,1.8359587180879933,0.4288350884811498,72.06703910614529,3.3513312798486368,-0.3250259077037805,18119.79511258137,184.57807747289024,0.9995199183401646,1.8424026087695893,1268.780029296875,17.809999465942383,0.4288350884811498,5031322.0,-1.5047879616963078,3449615.0,1.259042465072624,3120078.0,-0.24645380360370783,2247052.0,-0.09125183485613109,-1635310.0,33638.70407346939,32024.892024999994,5193.658125526674,11.231421347291901,2.2691707034345754,244740529.60893866,628.1065084692315,269.57363885177193,23603.430204486613,-0.0032757940492170734,0.012189656743855304,17.34000015258789,6.025506721841168
2011-01-06,186.5,187.41,185.25,185.86,3166150,-0.8323551381922867,184.08999999999997,179.54366666666664,1.4918408021292284,5.2249937021291935,2011,1,6,3,1151,-0.6399999999999864,2.1599999999999966,1.15817694369973,1.302632290146466,65.07324595219748,3.3501468034097286,-0.06768586212298422,17035.133971806736,184.95744818338434,2.177033802809601,-1.2744819861939334,1276.2900390625,16.799999237060547,1.302632290146466,3396012.0,2.344444444444438,5329113.0,-0.33811419534275355,1960924.0,-0.5764796310530285,1974053.0,-0.014535878331065843,-229862.0,33889.12809999999,32235.9282401111,4234.527338755186,11.223483604396423,2.2255889788975796,206031657.67155007,622.6582848817322,267.85056769722274,-14179.281291227313,0.005919079424497875,-0.0032757940492170734,17.809999465942383,5.967363208516929
2011-01-07,187.82,188.45,183.74,185.49,5221615,-0.19907457225869507,184.39285714285714,179.8183333333333,1.1511954678828689,5.223000972238587,2011,1,7,4,1152,-2.329999999999984,4.7099999999999795,2.507720157597689,-0.8323551381922867,65.29980657640235,3.281524814138095,0.6492001326532224,28150.38546552375,185.31709972329125,0.5631894087748555,-0.3902891320661013,1274.4100341796875,17.309999465942383,-0.8323551381922867,3166150.0,0.4288350884811498,5031322.0,-1.5047879616963078,3449615.0,1.259042465072624,3120078.0,-0.34064533424635957,2055465.0,34000.725765306124,32334.633002777766,4264.064738915559,10.768405105804058,1.3252510052740574,340970449.51644117,608.6900377744753,207.0060503755843,-5604.0259454665265,-0.0014730232355283368,0.005919079424497875,16.799999237060547,4.604781871531486
2011-01-10,185.06,185.29,182.51,184.68,3375893,-0.4366812227074246,184.66857142857143,180.06766666666667,1.155879290944357,5.218624597638788,2011,1,10,0,1155,-0.37999999999999545,2.780000000000001,1.50221549767643,-0.19907457225869507,53.31742243436758,3.1257494685362417,-0.35347722878841126,18279.689192116093,185.60618304522185,-0.7271830085814132,-0.19900003664042742,1270.8399658203125,18.350000381469727,-0.19907457225869507,5221615.0,1.302632290146466,3396012.0,2.344444444444438,5329113.0,-0.33811419534275355,1960924.0,0.004683823061488068,-1845722.0,34102.481273469384,32424.36457877778,2842.747535044803,9.770309740054598,1.3360569352340292,179993913.17422447,577.2634118492731,208.13648686867148,-7982.39702712495,-0.0028013498510101043,-0.0014730232355283368,17.309999465942383,4.6235171637774215
2011-01-11,185.38,186.0,183.21,184.34,2813855,-0.18410223088586308,185.28857142857143,180.22933333333333,1.136585725513293,5.216781878565518,2011,1,11,1,1156,-1.039999999999992,2.789999999999992,1.5050167224080224,-0.4366812227074246,48.96621280887545,2.940959673907628,-0.16648572688767094,15264.484105457306,185.78884439158318,-2.505143096502571,1.056298704919385,1272.5799560546875,16.610000610351562,-0.4366812227074246,3375893.0,-0.8323551381922867,3166150.0,0.4288350884811498,5031322.0,-1.5047879616963078,3449615.0,-0.019293565431063975,-562038.0,34331.854702040815,32482.612593777776,2397.689996844078,8.64924380355086,1.2918271114405786,137783822.74331823,542.1365062881321,204.84608758544377,-2810.225577136488,0.0013691654977594503,-0.0028013498510101043,18.350000381469727,4.546342902053198
2011-01-12,185.35,185.38,183.3,184.08,2637712,-0.14104372355430161,185.26857142857145,180.51866666666666,1.0460353981796047,5.21537044572711,2011,1,12,2,1157,-1.2699999999999818,2.079999999999984,1.1222012408955944,-0.18410223088586308,48.30677290836658,2.7419253940828128,-0.0625984636735013,14329.16123424598,185.81821712998905,-1.239242216423455,-0.49897491356557566,1275.6500244140625,16.260000228881836,-0.18410223088586308,2813855.0,-0.19907457225869507,5221615.0,1.302632290146466,3396012.0,2.344444444444438,5329113.0,-0.09055032733368829,-176143.0,34324.44355918368,32586.98901511111,2333.5443088204997,7.518154866716188,1.094190054244764,127419354.58167343,504.7336265427642,188.828915365518,-2021.0382558880053,0.00241247580929449,0.0013691654977594503,16.610000610351562,4.184141592718447
2011-01-13,183.6,186.45,183.51,185.53,3366393,0.7877009995653994,185.34285714285716,180.818,1.0484404054854979,5.223216594038786,2011,1,13,3,1158,1.9300000000000068,2.9399999999999977,1.6013071895424824,-0.14104372355430161,57.592975206611584,2.67040935839006,0.2762549512607897,18144.736700264108,185.6136103037552,-0.6643316159834862,0.5807213122282917,1285.780029296875,16.510000228881836,-0.14104372355430161,2637712.0,-0.4366812227074246,3375893.0,-0.8323551381922867,3166150.0,0.4288350884811498,5031322.0,0.002405007305893214,728681.0,34351.97469387756,32695.149124000003,3316.9507931493768,7.131086141377213,1.0992272838545951,193880588.58471078,495.44104826210787,189.57689723907677,14292.627235649024,0.007941053336682602,0.00241247580929449,16.260000228881836,4.193761621941974
2011-01-14,185.95,188.94,184.92,188.75,3661883,1.735568371691909,185.53285714285715,181.2253333333333,1.085821969881585,5.240423388129134,2011,1,14,4,1159,2.8000000000000114,4.02000000000001,2.161871470825496,0.7877009995653994,64.93447808404888,2.8408123576804485,0.08777644202563395,19400.70463576159,185.14460540826377,0.7055726619230556,2.8998219298131858,1282.9000244140625,16.670000076293945,0.7877009995653994,3366393.0,-0.18410223088586308,2813855.0,-0.19907457225869507,5221615.0,1.302632290146466,3396012.0,0.037381564396087086,295490.0,34422.44107959184,32842.62144177777,4216.486444047824,8.070214851549949,1.1790093502775256,237782461.40985116,536.2033325121846,196.77844843244685,33671.249354364416,-0.002239889263474848,0.007941053336682602,16.510000228881836,4.343287879526315
2011-01-18,188.48,191.6,188.25,191.25,3945987,1.324503311258285,186.30285714285716,181.74433333333334,1.0950960661725468,5.253581472706645,2011,1,18,1,1163,2.7700000000000102,3.3499999999999943,1.777376910016975,1.735568371691909,71.54368108566585,3.1413752504842876,0.07758412816575522,20632.61176470588,184.4157390175691,5.053959825155928,1.7803011572749767,1293.219970703125,16.190000534057617,1.735568371691909,3661883.0,-0.14104372355430161,2637712.0,-0.4366812227074246,3375893.0,-0.8323551381922867,3166150.0,0.009274096290961875,284104.0,34708.75457959184,33031.00269877778,5118.498303287462,9.86823846435522,1.1992353941465872,282310435.49618334,600.78801665512,199.02750448248543,27327.962602259584,0.008044232670255003,-0.002239889263474848,16.670000076293945,4.3803842646901785
2011-01-19,190.91,191.0,186.21,186.87,3880846,-2.2901960784313724,186.5,182.03833333333336,1.1724781022049633,5.230413187934164,2011,1,19,2,1164,-4.039999999999992,4.789999999999992,2.509035671258704,1.324503311258285,56.814641744548304,2.9916581408521097,-0.01650816386369236,20767.624551827474,183.4785296454001,0.49340985010912664,2.898060504490786,1294.52001953125,15.890000343322754,1.324503311258285,3945987.0,0.7877009995653994,3366393.0,-0.18410223088586308,2813855.0,-0.19907457225869507,5221615.0,0.07738203603241645,-65141.0,34782.25,33137.954802777786,3227.903516561371,8.9500184317267,1.3747049001501523,220488875.1557633,559.0511567810338,213.4359595952212,-47561.932306930365,0.0010052805072429116,0.008044232670255003,16.190000534057617,4.6899124088198505
2011-01-20,185.02,186.85,181.0,181.96,5708247,-2.6274950500347782,186.11142857142858,182.21133333333333,1.2699829476004854,5.203786882701803,2011,1,20,3,1165,-3.0600000000000023,5.849999999999994,3.1618203437466184,-2.2901960784313724,48.68201534868202,2.4485845291362978,0.4708769685785006,31370.889206418993,182.4039464834461,-0.9970863369045099,0.5531398534584184,1280.8499755859375,17.809999465942383,-2.2901960784313724,3880846.0,1.735568371691909,3661883.0,-0.14104372355430161,2637712.0,-0.4366812227074246,3375893.0,0.09750484539552207,1827401.0,34637.46384489796,33200.96999511111,2369.938618409312,5.995566196325625,1.612856687196017,277888968.0680681,445.5444409216408,231.40528619288122,-82426.85610505535,-0.010559932437555042,0.0010052805072429116,15.890000343322754,5.079931790401929
2011-01-21,183.13,183.25,176.84,177.42,6801949,-2.495053857990781,185.12285714285716,182.24899999999997,1.3547279537128312,5.178519803092441,2011,1,21,4,1166,-5.710000000000008,6.409999999999997,3.5002457270791223,-2.6274950500347782,45.93828715365237,1.633030166348874,0.1916003284370842,38338.11858865968,181.1449854151507,-2.6574762907143974,-1.0675091244363273,1283.6300048828125,17.030000686645508,-2.6274950500347782,5708247.0,1.324503311258285,3945987.0,0.7877009995653994,3366393.0,-0.18410223088586308,2813855.0,0.08474500611234581,1093702.0,34270.4722367347,33214.69800099999,2110.326226611422,2.666787524205431,1.8352878285709548,312469886.3664986,289.7322121136172,246.89781483620973,-95655.67069274341,0.00217045661073878,-0.010559932437555042,17.809999465942383,5.418911814851299
2011-01-24,177.95,178.49,174.15,176.85,5588409,-0.3212715590125037,184.08999999999997,182.3156666666667,1.347043487243947,5.17530191565149,2011,1,24,0,1169,-1.0999999999999943,4.340000000000003,2.438887327901098,-2.495053857990781,36.89078619708286,0.9299829571410498,-0.17841062907116767,31599.711620016966,179.69442597516382,-1.8200893130692692,-1.024336662094555,1283.2900390625,18.780000686645508,-2.495053857990781,6801949.0,-2.2901960784313724,3880846.0,1.735568371691909,3661883.0,-0.14104372355430161,2637712.0,-0.00768446646888421,-1213540.0,33889.12809999999,33239.002312111115,1360.9301062388793,0.8648683005728117,1.8145261565263335,206160801.60085362,164.46748597039465,245.5871314058717,-10152.08861650838,-0.00026484720598562994,0.00217045661073878,17.030000686645508,5.388173948975805
2011-01-25,175.49,176.75,174.28,176.7,4650139,-0.08481764206955678,182.82857142857142,182.35166666666666,1.3451619773096883,5.174453379325651,2011,1,25,1,1170,1.2099999999999795,2.469999999999999,1.4074876061314028,-0.3212715590125037,34.874408445576975,0.35659858574302916,-0.1678957284622511,26316.57611771364,178.31825261116862,-1.138960665947347,-0.47929194522129137,1288.1700439453125,18.21999931335449,-0.3212715590125037,5588409.0,-2.6274950500347782,5708247.0,1.324503311258285,3945987.0,0.7877009995653994,3366393.0,-0.0018815099342586183,-938270.0,33426.28653061224,33252.130336111106,1216.2243644289306,0.1271625513539285,1.8094607451997105,162170846.81470686,63.01097010079325,245.29252849905052,-2232.1099336484817,0.0038027294954907642,-0.00026484720598562994,18.780000686645508,5.380647909238746
2011-01-26,177.5,177.89,174.63,175.39,3746816,-0.7413695529145503,180.92000000000002,182.38966666666667,1.3443769878545921,5.167012065770046,2011,1,26,2,1171,-2.1100000000000136,3.259999999999991,1.836619718309854,-0.08481764206955678,27.18998862343571,-0.20119940991918384,-0.1942572039244418,21362.76868692628,177.23386134558334,0.08048276098088432,-1.9243441065642344,1291.969970703125,17.0,-0.08481764206955678,4650139.0,-2.495053857990781,6801949.0,-2.2901960784313724,3880846.0,1.735568371691909,3661883.0,-0.0007849894550961967,-903323.0,32732.046400000007,33265.99050677778,739.2954813425633,0.04048120255182777,1.8073494854729861,101875884.41410689,-35.28836450572565,245.20047068913644,-15837.70627044349,0.0029498642478709147,0.0038027294954907642,18.21999931335449,5.377507951418352
2011-01-27,177.4,185.0,177.31,184.45,14336481,5.165630879753702,179.9485714285714,182.73999999999998,1.6377848634950753,5.217378424042685,2011,1,27,3,1172,7.049999999999983,7.689999999999998,4.334836527621193,-0.7413695529145503,47.91851195748446,0.08680728191151843,2.826310392610686,77725.56790458118,176.41497240011853,4.9143297243164,3.120697875565071,1297.510009765625,16.84000015258789,-0.7413695529145503,3746816.0,-0.3212715590125037,5588409.0,-2.6274950500347782,5708247.0,1.324503311258285,3945987.0,0.2934078756404832,10589665.0,32381.488359183662,33393.90759999999,2296.1837882195814,0.007535504192865835,2.6823392590935824,686982836.2267488,16.011603148579574,299.28880595509,401501.5937142978,0.0042880555958162425,0.0029498642478709147,17.0,6.551139453980284
2011-01-28,171.66,173.71,166.9,171.14,19899760,-7.216047709406348,177.70142857142858,182.59233333333336,2.118607866168416,5.142481934989909,2011,1,28,4,1173,-0.5200000000000102,6.810000000000002,3.9671443551205887,5.165630879753702,34.67207861568039,-0.7503020881004545,0.38805052648554406,116277.66740680145,175.82050879573268,0.7855937033299898,-5.466102499062686,1299.6300048828125,15.9399995803833,5.165630879753702,14336481.0,-0.08481764206955678,4650139.0,-2.495053857990781,6801949.0,-2.2901960784313724,3880846.0,0.48082300267334066,5563279.0,31577.797716326535,33339.96019211112,1202.1530355319214,0.5629532234079022,4.488499290590689,689966043.153172,-128.40669935751177,386.84155370204553,-839065.1955459629,0.0016338949998315755,0.0042880555958162425,16.84000015258789,8.474431464673671
2011-01-31,170.26,171.44,167.41,169.64,6716465,-0.876475400257104,175.94142857142856,182.31233333333333,2.104946044304076,5.13367854460639,2011,1,31,0,1176,-0.6200000000000045,4.030000000000001,2.366968166333843,-7.216047709406348,34.16842105263156,-1.517264676137188,-0.6624851254487492,39592.46050459798,175.4500302332414,-0.19553011554819438,-5.614500117693211,1276.5,19.61000061035156,-7.216047709406348,19899760.0,-0.7413695529145503,3746816.0,-0.3212715590125037,5588409.0,-2.6274950500347782,5708247.0,-0.013661821864340062,-13183295.0,30955.386287755096,33237.786885444446,1167.4809972299154,2.302092097453686,4.430797849431377,229491004.10526302,-257.38877965991253,383.7576248778461,-34701.81766793109,-0.017797376788710073,0.0016338949998315755,15.9399995803833,8.419784177216286
2011-02-01,170.78,173.1,169.51,172.11,5077178,1.4560245225182955,175.18285714285713,182.13000000000002,2.124780222341101,5.14813380728189,2011,2,32,1,1177,1.3300000000000125,3.5900000000000034,2.102119686145921,-0.876475400257104,37.67882329236351,-1.9038334881188348,-0.24406990879875057,29499.610714078204,175.48811997772302,-2.103210333972385,-1.2749096437506182,1289.1400146484375,18.59000015258789,-0.876475400257104,6716465.0,5.165630879753702,14336481.0,-0.08481764206955678,4650139.0,-2.495053857990781,6801949.0,0.01983417803702503,-1639287.0,30689.03343673469,33171.33690000001,1419.693724697155,3.6245819504827295,4.514690993251898,191302092.6858756,-327.6687816401327,386.9862218949848,42952.15660444131,0.009902087464502607,-0.017797376788710073,19.61000061035156,8.499120889364406
2011-02-02,171.74,175.2,170.87,173.53,4546911,0.8250537446981454,174.70857142857145,181.8046666666667,2.039983161977661,5.156350495102412,2011,2,33,2,1178,1.789999999999992,4.329999999999984,2.521253056946538,1.4560245225182955,39.61409726324079,-2.0717283295504103,-0.10444128608451386,26202.44914424019,175.97927198947417,-1.6190441095485992,-0.8302278799255589,1305.9100341796875,17.81999969482422,1.4560245225182955,5077178.0,-7.216047709406348,19899760.0,-0.7413695529145503,3746816.0,-0.3212715590125037,5588409.0,-0.08479706036344004,-530267.0,30523.08493061225,33052.93682177779,1569.2767019815012,4.292058271461734,4.161531301152376,180121774.60129943,-359.5070170268827,370.87845876896137,21618.428786718083,0.013008687451085965,0.009902087464502607,18.59000015258789,8.159932647910637
2011-02-03,173.5,174.67,171.95,173.71,3677487,0.10372846193742458,174.28142857142856,181.43666666666667,2.0326679622057178,5.157387242113832,2011,2,34,3,1179,0.21000000000000796,2.719999999999999,1.5677233429394806,0.8250537446981454,38.065428109854615,-2.1653014579705427,-0.19121201184716397,21170.26653618099,176.9286860233142,-0.8599820874686999,-2.3587039358455115,1302.77001953125,17.530000686645508,0.8250537446981454,4546911.0,-0.876475400257104,6716465.0,5.165630879753702,14336481.0,-0.08481764206955678,4650139.0,-0.0073151997719431705,-869424.0,30374.016344897955,32919.26401111111,1448.9768171865098,4.6885304038893585,4.131739044577546,139985117.02342492,-376.134516264063,368.80049950273144,2195.959186603383,-0.0024044647535079733,0.013008687451085965,17.81999969482422,8.130671848822885
2011-02-04,174.0,177.19,173.75,175.93,4346782,1.2779920557250524,174.3585714285714,181.14233333333334,2.049981894430886,5.170086188650955,2011,2,35,4,1180,1.9300000000000068,3.4399999999999977,1.9770114942528723,0.10372846193742458,36.78895300906844,-2.03684392088698,0.18199792412590443,24707.451827431363,178.43424698941203,-0.3048196152759888,-2.199427374136036,1307.010009765625,16.639999389648438,0.10372846193742458,3677487.0,1.4560245225182955,5077178.0,-7.216047709406348,19899760.0,-0.7413695529145503,3746816.0,0.017313932225168305,669295.0,30400.911430612232,32812.54492544445,1353.427063503446,4.148733158054247,4.202425767494445,159913558.73866454,-358.34195100164646,371.3385036482977,31575.92715266671,0.003254596107377772,-0.0024044647535079733,17.530000686645508,8.199927577723543
2011-02-07,176.36,177.55,174.77,176.43,5254541,0.2842039447507494,173.21285714285713,180.93699999999998,2.0419437580613686,5.172924197139975,2011,2,38,0,1183,0.06999999999999318,2.780000000000001,1.5763211612610577,1.2779920557250524,34.07136715391232,-1.8731026149566787,0.20883471956955746,29782.582327268603,180.36209393527264,3.506404329520257,-7.438498264792884,1311.8499755859375,16.139999389648438,1.2779920557250524,4346782.0,0.8250537446981454,4546911.0,-0.876475400257104,6716465.0,5.165630879753702,14336481.0,-0.008038136369517446,907759.0,30002.693879591832,32738.197968999993,1160.8580597366954,3.508513406157548,4.169534311085785,179029395.6362856,-330.47149435680683,369.46317775234985,8464.327382273692,0.003703082443248018,0.003254596107377772,16.639999389648438,8.167775032245459
2011-02-08,176.66,183.11,176.59,183.06,7793140,3.7578643087910146,174.91571428571427,180.96766666666664,2.159140000477103,5.2098139679566335,2011,2,39,1,1184,6.400000000000006,6.52000000000001,3.690705309634332,0.2842039447507494,46.093910190691005,-1.1945804793707566,0.4831247867320856,42571.50660985469,182.2404259047162,0.4096423878539373,0.4099317074298483,1318.760009765625,16.290000915527344,0.2842039447507494,5254541.0,0.10372846193742458,3677487.0,1.4560245225182955,5077178.0,-7.216047709406348,19899760.0,0.11719624241573445,2538599.0,30595.50710408163,32749.29637877777,2124.6485566674883,1.4270225216936667,4.661885541660265,359216295.2634817,-218.6799025536107,390.7345278930068,159977.94526063369,0.005267396659897061,0.003703082443248018,16.139999389648438,8.636560001908435
2011-02-09,183.03,186.47,182.26,185.3,8308679,1.223642521577628,177.15285714285716,181.10800000000003,2.1664294915034588,5.221976133291314,2011,2,40,2,1185,2.2700000000000102,4.210000000000008,2.3001693711413473,3.7578643087910146,53.62255965292842,-0.4706719061410922,0.06615292423849684,44839.06637884511,183.81796805099322,0.45689763559118524,1.025134313415606,1322.47998046875,16.270000457763672,3.7578643087910146,7793140.0,1.2779920557250524,4346782.0,0.8250537446981454,4546911.0,-0.876475400257104,6716465.0,0.007289491026355677,515539.0,31383.134793877558,32800.10766400001,2875.378903731867,0.22153204323048914,4.693416741655935,445532635.31453365,-87.21550420794439,392.35771234720846,54866.98824899668,0.00282080945401586,0.005267396659897061,16.290000915527344,8.665717966013858
2011-02-10,184.49,187.24,183.6,186.21,5331191,0.4910955207771073,179.16714285714286,181.2026666666667,2.156772719877471,5.226875069093671,2011,2,41,3,1186,1.7199999999999989,3.640000000000015,1.973006667028031,1.223642521577628,60.34848128090418,0.17444930543362602,-0.35835877159293317,28629.993018634872,185.19199983070254,-1.256026203938407,2.27402637323587,1318.1300048828125,16.739999771118164,1.223642521577628,8308679.0,0.2842039447507494,5254541.0,0.10372846193742458,3677487.0,1.4560245225182955,5077178.0,-0.009656771625987659,-2977488.0,32100.86507959184,32834.40640711112,3641.9391929116423,0.03043256016627454,4.651668565207665,321729280.26842487,32.484205164795505,390.8129682357175,14060.061331331439,-0.0032892562837856243,0.00282080945401586,16.270000457763672,8.627090879509865
2011-02-11,185.38,189.5,185.37,189.25,4487709,1.6325653831695375,181.41285714285715,181.41933333333333,2.1737320457322524,5.243068892317559,2011,2,42,4,1187,3.8700000000000045,4.1299999999999955,2.227856295177471,0.4910955207771073,63.79617267467735,0.9204052483433429,-0.15821642856164786,23713.125495376487,186.23351524161595,-1.1743809704967532,4.1908657288807944,1318.6600341796875,16.530000686645508,0.4910955207771073,5331191.0,3.7578643087910146,7793140.0,1.2779920557250524,4346782.0,0.8250537446981454,4546911.0,0.016959325854781326,-843482.0,32910.624736734695,32912.97450711111,4069.951647937249,0.8471458211779708,4.725111006643323,286298658.27770364,174.18669324897763,394.35701858204806,38713.22781050664,0.00040210699620790713,-0.0032892562837856243,16.739999771118164,8.694928182929004
2011-02-14,189.25,191.4,188.35,190.42,4059879,0.6182298546895559,183.79999999999998,181.76666666666668,2.1528062652959368,5.249232158857545,2011,2,45,0,1190,1.1699999999999875,3.0500000000000114,1.6116248348745106,1.6325653831695375,64.9260226283725,1.587688049787232,-0.09533372150466979,21320.654343031194,186.6524673313794,-0.5615431742410222,4.329075842861613,1328.72998046875,16.06999969482422,1.6325653831695375,4487709.0,1.223642521577628,8308679.0,0.2842039447507494,5254541.0,0.10372846193742458,3677487.0,-0.020925780436315655,-427830.0,33782.439999999995,33039.12111111112,4215.388414339937,2.5207533434371845,4.634574815897439,263591795.8224543,302.3275584404847,391.3084188219581,13181.065036378424,0.007636499194674462,0.00040210699620790713,16.530000686645508,8.611225061183745
2011-02-15,189.0,190.49,188.25,189.03,3889592,-0.7299653397752293,185.67142857142858,181.92700000000002,2.1206545785966875,5.241905732622074,2011,2,46,1,1191,0.030000000000001137,2.240000000000009,1.18518518518519,0.6182298546895559,64.8132059079062,1.981511463456485,-0.04194386088846491,20576.58572713326,186.4134452897652,-0.22547065951482217,2.8420253697496207,1330.4300537109375,16.299999237060547,0.6182298546895559,4059879.0,0.4910955207771073,5331191.0,3.7578643087910146,7793140.0,1.2779920557250524,4346782.0,-0.03215168669924928,-170287.0,34473.87938775511,33097.43332900001,4200.751660060647,3.926387679809461,4.497175841723094,252096927.19374466,374.5651119371794,385.8043255203596,-15020.194391720963,0.0012794723285973753,0.007636499194674462,16.06999969482422,8.482618314386741
2011-02-16,189.51,190.0,186.35,186.62,4627359,-1.2749299053060326,187.12714285714287,181.98066666666668,2.1345339625760102,5.229074463805876,2011,2,47,2,1192,-2.8899999999999864,3.6500000000000057,1.92601973510633,-0.7299653397752293,52.75450621985278,2.0752305315625676,0.18967722064422188,24795.622119815667,185.77331722742758,1.2944626387950653,-0.4477798662226462,1329.510009765625,16.309999465942383,-0.7299653397752293,3889592.0,1.6325653831695375,4487709.0,1.223642521577628,8308679.0,0.2842039447507494,5254541.0,0.013879383979322757,737767.0,35016.56759387755,33116.96304044445,2783.0379265004854,4.3065817591294575,4.556235237390444,244114039.14699173,387.2795218002064,388.4439135322241,-31612.680161220756,-0.0006915387567698605,0.0012794723285973753,16.299999237060547,8.538135850304059
2011-02-17,185.8,189.09,185.31,187.76,3424383,0.6108670024648877,187.79857142857142,181.99200000000002,2.124260476045549,5.235164551542768,2011,2,48,3,1193,1.9599999999999795,3.780000000000001,2.0344456404736277,-1.2749299053060326,80.52902277736962,2.2159479720266972,-0.2599703200032675,18238.085854282064,184.74816529414963,-0.28246017072108676,3.294294876571456,1334.3699951171875,17.010000228881836,-1.2749299053060326,4627359.0,0.6182298546895559,4059879.0,0.4910955207771073,5331191.0,3.7578643087910146,7793140.0,-0.010273486530461451,-1202976.0,35268.30343061224,33121.088064,6484.923509478115,4.910425414729232,4.5124825700892615,275762216.6054373,416.06639122773265,386.59841255648155,11141.044836502555,0.00365547105013464,-0.0006915387567698605,16.309999465942383,8.497041904182197
2011-02-18,187.46,188.5,185.13,186.5,4176935,-0.6710694503621606,187.97,182.01333333333335,2.1222107356668953,5.2284312390838705,2011,2,49,4,1194,-0.960000000000008,3.3700000000000045,1.797716846260538,0.6108670024648877,81.24536693847301,2.2004308900880574,0.21976280106518464,22396.434316353887,183.2711567351904,1.0816727219643976,2.1471705428452026,1340.3800048828125,16.59000015258789,0.6108670024648877,3424383.0,-0.7299653397752293,3889592.0,1.6325653831695375,4487709.0,1.223642521577628,8308679.0,-0.002049740378653464,752552.0,35332.7209,33128.85351111112,6600.809648967123,4.84189610205372,4.503778406579825,339356616.75315076,410.38036100142267,386.2706500345172,-15029.562866747834,0.004504005476454909,0.00365547105013464,17.010000228881836,8.488842942667588
2011-02-22,183.71,184.72,179.32,180.42,5633557,-3.2600536193029606,187.14285714285714,181.84433333333334,2.205718855204441,5.195287466228493,2011,2,53,1,1198,-3.2900000000000205,5.400000000000006,2.939415382940507,-0.6710694503621606,63.58287021902581,1.6781832516450947,0.34872987010810563,31224.68129919078,181.4862394692056,-0.09877284606059959,-0.9674666231450146,1338.9100341796875,19.459999084472656,-0.6710694503621606,4176935.0,-1.2749299053060326,4627359.0,0.6182298546895559,4059879.0,0.4910955207771073,5331191.0,0.08350811953754578,1456622.0,35022.448979591834,33067.361565444444,4042.7813852894787,2.8162990261021035,4.86519566820439,358197723.60248435,302.77782226180796,401.0974747454148,-101794.13528100836,-0.0010966820586476578,0.004504005476454909,16.59000015258789,8.822875420817752
2011-02-23,180.25,181.15,174.39,176.68,5481990,-2.072940915641275,185.34714285714284,181.57766666666666,2.235169955393732,5.174340186728326,2011,2,54,2,1199,-3.569999999999993,6.760000000000019,3.7503467406380135,-3.2600536193029606,54.78577939835918,0.9515427001397256,-0.026904316402585393,31027.79035544487,179.61497278532102,-0.3880513955037189,-2.5469213898172995,1315.43994140625,20.84000015258789,-3.2600536193029606,5633557.0,0.6108670024648877,3424383.0,-0.7299653397752293,3889592.0,1.6325653831695375,4487709.0,0.02945110018929098,-151567.0,34353.563365306116,32970.44903211111,3001.4816242856773,0.9054335101891998,4.995984729494818,300335094.80401105,168.11856426068672,405.85694510383126,-64318.77614974141,-0.017529253029922143,-0.0010966820586476578,19.459999084472656,8.940679821574918
2011-02-24,177.12,179.75,174.56,177.75,4656228,0.6056146705909038,183.53714285714287,181.358,2.239073302496642,5.18037806868335,2011,2,55,3,1200,0.6299999999999955,5.189999999999998,2.93021680216802,-2.072940915641275,55.976331360946745,0.45674975864528733,-0.15063179611783317,26195.37552742616,177.8289090258946,0.025645125274446748,-0.10455415116905442,1307.0899658203125,22.280000686645508,-2.072940915641275,5481990.0,-0.6710694503621606,4176935.0,-1.2749299053060326,4627359.0,0.6182298546895559,4059879.0,0.0039033471029097377,-825762.0,33685.88280816327,32890.724164,3133.34967263051,0.20862034202252822,5.013449253953218,260638561.42011833,81.18726959919982,406.073855994186,15864.303721047218,-0.0063476676685148,-0.017529253029922143,20.84000015258789,8.95629320998654
2011-02-25,179.0,180.75,177.1,177.24,4190678,-0.28691983122361986,181.85285714285715,181.13,2.2393311979527994,5.177504746331289,2011,2,56,4,1201,-1.759999999999991,3.6500000000000057,2.0391061452513997,0.6056146705909038,52.041134309753815,0.0232025850112052,-0.09998436502679853,23644.08711351839,176.20150536343988,-0.26930294253207054,1.3077975790922096,1307.3399658203125,20.40999984741211,0.6056146705909038,4656228.0,-3.2600536193029606,5633557.0,0.6108670024648877,3424383.0,-0.7299653397752293,3889592.0,0.00025789545615761966,-465550.0,33070.46165102041,32808.0769,2708.2796602458357,0.0005383599512022042,5.01460421412472,218087636.6469305,4.11242616738601,405.61005988519054,-6783.957484047262,0.0001912645697981219,-0.0063476676685148,22.280000686645508,8.957324791811175
2011-02-28,174.1,175.89,172.15,173.29,6781774,-2.2286165651094647,179.9485714285714,180.72200000000004,2.265586082365371,5.154966491652154,2011,2,59,0,1204,-0.8100000000000023,3.7399999999999807,2.148190695002861,-0.28691983122361986,45.58244231851432,-0.6318352585483638,0.6182999505092017,39135.40308153962,174.73853660968464,-0.21107383747336825,-1.2374627722112734,1321.6099853515625,19.1200008392334,-0.28691983122361986,4190678.0,-2.072940915641275,5481990.0,-0.6710694503621606,4176935.0,-1.2749299053060326,4627359.0,0.0262548844125714,2591096.0,32381.488359183662,32660.441284000015,2077.759047720685,0.39921579394487766,5.132880296607669,309129822.17220014,-109.49073195384595,409.44124797723464,-87217.80758975519,0.010915308874762442,0.0001912645697981219,20.40999984741211,9.062344329461496
2011-03-01,173.55,173.96,168.67,169.44,5843462,-2.2217092734722055,177.33142857142857,180.07833333333335,2.264077477052837,5.132498881853096,2011,3,60,1,1205,-4.110000000000014,5.2900000000000205,3.0481129357533967,-2.2286165651094647,29.212454212454162,-1.4449636515531665,-0.1383578986855062,34486.90982058546,173.46076516782747,-0.5694269808925503,-3.451338186934919,1328.6400146484375,17.6299991607666,-2.2286165651094647,6781774.0,0.6056146705909038,4656228.0,-3.2600536193029606,5633557.0,0.6108670024648877,3424383.0,-0.0015086053125337173,-938312.0,31446.435559183676,32428.206136111115,853.3674811147309,2.0879199543098608,5.1260468220979405,170701866.1172158,-244.83464111916854,407.7112986052132,-76619.88736179439,0.005319291905171886,0.010915308874762442,19.1200008392334,9.056309908211347
2011-03-02,169.04,173.3,168.35,172.02,5181578,1.5226628895184113,175.26285714285714,179.43733333333336,2.269365991449578,5.147610749123333,2011,3,61,2,1206,2.980000000000018,4.950000000000017,2.9283009938476203,-2.2217092734722055,29.939577039274894,-1.8597512682771082,-0.11326915448410546,30121.95093593768,172.35012186557316,1.0649743702166805,-1.395096235789822,1305.469970703125,20.729999542236328,-2.2217092734722055,5843462.0,-0.28691983122361986,4190678.0,-2.072940915641275,5481990.0,-0.6710694503621606,4176935.0,0.00528851439674094,-661884.0,30717.06909387755,32197.756593777787,896.3782732906765,3.4586747798583124,5.150022003147926,155134253.71601194,-319.9144131690282,407.20898186306846,45865.57685004668,-0.017438917757902517,0.005319291905171886,17.6299991607666,9.077463965798302
2011-03-03,173.91,174.46,172.05,172.79,4136929,0.4476223694919179,174.17285714285714,178.968,2.242606202684157,5.1520769843250305,2011,3,62,3,1207,-1.1200000000000045,2.4099999999999966,1.3857742510493913,1.5226628895184113,29.641990291262076,-2.1021090731944128,-0.2016082745449359,23941.94687192546,171.34136534778986,0.3974855195098073,1.051149132700317,1312.3699951171875,19.270000457763672,1.5226628895184113,5181578.0,-2.2286165651094647,6781774.0,0.6056146705909038,4656228.0,-3.2600536193029606,5633557.0,-0.026759788765421177,-1044649.0,30336.18416530612,32029.545023999995,878.6475884272752,4.418862555606273,5.029282580317454,122626809.25364053,-363.2234267572626,401.35474688197814,10716.950989060886,0.0052854715687915554,-0.017438917757902517,20.729999542236328,8.970424810736631
2011-03-04,172.55,172.75,169.51,171.67,4923140,-0.6481856588922974,173.45714285714286,178.62499999999997,2.198510764749261,5.145574029282837,2011,3,63,4,1208,-0.8800000000000239,3.240000000000009,1.8777166038829376,0.4476223694919179,21.681701030927755,-2.357379614674443,0.19004701313462236,28677.928583910994,170.43850103130396,0.17657384700041223,1.054925121695618,1330.72998046875,18.559999465942383,0.4476223694919179,4136929.0,-2.2217092734722055,5843462.0,-0.28691983122361986,4190678.0,-2.072940915641275,5481990.0,-0.0440954379348959,786211.0,30087.380408163266,31906.89062499999,470.0961595945337,5.557238647682625,4.83344958271838,106742049.61340167,-404.6913584511616,392.7089853533367,-18588.622034828597,0.01398994599074399,0.0052854715687915554,19.270000457763672,8.794043058997033
2011-03-07,171.85,172.09,166.24,169.08,5931165,-1.5087085687656376,172.21857142857144,178.34700000000004,2.1697315080762767,5.130371975698589,2011,3,66,0,1211,-2.769999999999982,5.849999999999994,3.404131510037821,-0.6481856588922974,17.128773875539096,-2.7371228638149034,0.2047524547341737,35079.04542228531,169.6743701214527,0.2834825819679387,-0.8778527034206434,1322.719970703125,19.3700008392334,-0.6481856588922974,4923140.0,1.5226628895184113,5181578.0,-2.2286165651094647,6781774.0,0.6056146705909038,4656228.0,-0.02877925667298431,1008025.0,29659.236344897963,31807.652409000013,293.3948944793506,7.4918415716182984,4.707734817138954,101593584.10351184,-462.79273381382393,386.9651052708798,-52924.056412720856,-0.0060192600175758,0.01398994599074399,18.559999465942383,8.678926032305128
2011-03-08,169.32,169.71,166.72,166.89,4216404,-1.2952448545067607,170.74,178.015,2.1798417876081455,5.117334912755312,2011,3,67,1,1212,-2.430000000000007,2.990000000000009,1.7658870777226605,-1.5087085687656376,16.716776909200178,-3.1781510748074027,-0.28911031812468546,25264.569476900953,168.9814996870858,-1.080738871736398,-1.010760815349414,1311.050048828125,20.57999992370605,-1.5087085687656376,5931165.0,0.4476223694919179,4136929.0,-2.2217092734722055,5843462.0,-0.28691983122361986,4190678.0,0.010110279531868827,-1714761.0,29152.147600000004,31689.340224999996,279.45063023196826,10.100644254299448,4.751710219002676,70484685.02705927,-530.4016328746073,388.044535821064,-32723.803616284524,-0.008822670053735271,-0.0060192600175758,19.3700008392334,8.71936715043256
2011-03-09,166.4,169.75,163.9,169.05,7106671,1.2942656839834754,170.1342857142857,177.76000000000002,2.196176069614529,5.130194529153895,2011,3,68,2,1213,2.6500000000000057,5.849999999999994,3.5156249999999964,-1.2952448545067607,23.386852468948803,-3.315160059775252,0.6854815145797224,42038.870156758356,168.2446577134367,-0.45090042001845326,1.2562427065817587,1319.9200439453125,20.049999237060547,-1.2952448545067607,4216404.0,-0.6481856588922974,4923140.0,1.5226628895184113,5181578.0,-2.2286165651094647,6781774.0,0.01633428200638365,2890267.0,28945.6751755102,31598.61760000001,546.9448684043767,10.990286221929052,4.823189328747521,166202666.22235686,-560.4278081050064,390.39225813467874,54409.46703732936,0.006765565605306945,-0.008822670053735271,20.57999992370605,8.784704278458094
2011-03-10,167.26,168.47,164.82,166.14,5998152,-1.721384205856269,169.66285714285715,177.45166666666668,2.2129032479516577,5.112830806410925,2011,3,69,3,1214,-1.1200000000000045,3.6500000000000057,2.182231256726059,1.2942656839834754,18.918918918918934,-3.6168604319321105,-0.15598287862207216,36102.99747201156,167.43110953277454,-0.6920567459998861,-0.5990527867746778,1315.719970703125,21.3700008392334,1.2942656839834754,7106671.0,-1.5087085687656376,5931165.0,0.4476223694919179,4136929.0,-2.2217092734722055,5843462.0,0.016727178337128557,-1108519.0,28785.485093877553,31489.094002777783,357.92549306062875,13.081679384076132,4.896940784794996,113478551.35135144,-600.9051921612008,392.6833695211016,-62147.1296323895,-0.0031820664148968225,0.006765565605306945,20.049999237060547,8.851612991806633
2011-03-11,165.34,169.2,164.12,168.07,4608522,1.1616708799807363,169.09857142857143,176.90566666666666,1.990402317896837,5.1243805592884755,2011,3,70,4,1215,2.7299999999999898,5.079999999999984,3.072456755775967,-1.721384205856269,24.005641748942196,-3.6580574707224685,-0.23167635631774586,27420.253465817816,166.60562217052376,0.5413778124663073,0.9230000170099402,1293.4300537109375,21.71999931335449,-1.721384205856269,5998152.0,-1.2952448545067607,4216404.0,-0.6481856588922974,4923140.0,1.5226628895184113,5181578.0,-0.22250093005482063,-1389630.0,28594.326859183675,31295.614898777774,576.2708357785565,13.381384459108464,3.961701387089102,110630528.12411858,-614.8097191043253,352.11344898241856,31853.309972931416,-0.016941231788308087,-0.0031820664148968225,21.3700008392334,7.961609271587349
2011-03-14,166.6,168.08,164.57,166.73,4021956,-0.7972868447670645,168.2328571428571,176.75866666666664,1.5063409513244883,5.116375737572367,2011,3,73,0,1218,0.12999999999999545,3.5100000000000193,2.1068427370948495,1.1616708799807363,27.710843373494,-3.755541675236543,-0.12727855047670378,24122.569423619025,165.8653553411394,0.3480943540991355,0.5165503047614379,1301.18994140625,21.790000915527344,1.1616708799807363,4608522.0,1.2942656839834754,7106671.0,-1.5087085687656376,5931165.0,0.4476223694919179,4136929.0,-0.4840613665723488,-586566.0,28302.29422244897,31243.62624177777,767.8908404703163,14.104093274438501,2.2690630616371643,111451792.77108444,-626.1614635121888,266.25881810151475,-19232.607263431677,0.0059994645037424466,-0.016941231788308087,21.71999931335449,6.025363805297957
2011-03-15,161.45,166.88,160.76,165.08,4936126,-0.9896239429016851,167.29142857142855,176.60666666666665,1.5085543086318396,5.106430204884381,2011,3,74,1,1219,3.630000000000024,6.1200000000000045,3.7906472592133817,-0.7972868447670645,29.73445143256467,-3.9207439246394813,0.22729487841239426,29901.417494548095,165.22009194090398,1.0467267531318356,-1.186818694035793,1288.4599609375,25.65999984741211,-0.7972868447670645,4021956.0,-1.721384205856269,5998152.0,-1.2952448545067607,4216404.0,-0.6481856588922974,4923140.0,0.0022133573073512824,914170.0,27986.42207346938,31189.91471111111,884.137601995547,15.372232922597403,2.2757361020916878,146772998.8120197,-647.2364070794856,266.42074793310707,-29591.158679304113,-0.009783337592505603,0.0059994645037424466,21.790000915527344,6.034217234527375
2011-03-16,164.67,168.14,162.87,164.7,5211056,-0.23019142234069756,166.66571428571427,176.35966666666667,1.4805111228013692,5.104125637183595,2011,3,75,2,1220,0.030000000000001137,5.269999999999982,3.2003400740875585,-0.9896239429016851,26.638023630504875,-4.035808434289777,0.05569752473903633,31639.684274438376,164.7431519203785,0.4638155340429142,-0.5069674544214138,1279.4599609375,24.649999618530277,-0.9896239429016851,4936126.0,1.1616708799807363,4608522.0,1.2942656839834754,7106671.0,-1.5087085687656376,5931165.0,-0.028043185830470385,274930.0,27777.460318367343,31102.73202677778,709.5843029393361,16.287749718284502,2.191913184738571,138812232.86788422,-664.6976491275262,261.10244811354187,-7283.183925543572,-0.006985083179031459,-0.009783337592505603,25.65999984741211,5.922044491205497
2011-03-17,165.87,166.3,160.78,160.97,6471310,-2.2647237401335674,165.82,175.94099999999997,1.5183379061914666,5.081218012218138,2011,3,76,3,1221,-4.900000000000006,5.52000000000001,3.327907397359384,-0.23019142234069756,23.884430176565047,-4.3775164297788365,0.24184234443076402,40201.96309871405,164.5898010675029,-2.0612434567687514,-1.558557610734141,1261.6099853515625,26.940000534057617,-0.23019142234069756,5211056.0,-0.7972868447670645,4021956.0,-1.721384205856269,5998152.0,-1.2952448545067607,4216404.0,0.037826783390097374,1260254.0,27496.272399999998,30955.235480999992,570.466004859211,19.16265009298365,2.3053499973778866,154563551.84590715,-704.6488197014993,267.1378895532328,-91046.34022963134,-0.013951179506124012,-0.006985083179031459,24.649999618530277,6.0733516247658486
2011-03-18,161.26,163.54,160.59,161.82,7442604,0.5280487047275795,164.78714285714287,175.54466666666667,1.5236077411354132,5.086484606379694,2011,3,77,4,1222,0.5600000000000023,2.9499999999999886,1.8293439166563243,-2.2647237401335674,29.55436720142606,-4.527543874338335,0.15009233061003102,45993.10344827586,164.79615435805994,-0.282728259660976,-2.693426098398959,1276.7099609375,23.899999618530277,-2.2647237401335674,6471310.0,-0.9896239429016851,4936126.0,1.1616708799807363,4608522.0,1.2942656839834754,7106671.0,0.005269834943946616,971294.0,27154.802451020412,30815.929995111113,873.4606206767285,20.49865353405858,2.321380548847756,219961451.5508024,-732.6471497454293,267.4612130483691,24286.59870226364,0.011968814262142802,-0.013951179506124012,26.940000534057617,6.09443096454163
2011-03-21,163.7,165.79,161.72,164.53,4055221,1.6747002842664838,164.55714285714288,175.16466666666665,1.5387471317349408,5.103092924398559,2011,3,80,0,1225,0.8300000000000125,4.069999999999993,2.4862553451435514,0.5280487047275795,40.87699739873656,-4.377308466237253,-0.4551341170375315,24647.30444295873,165.318593202216,0.1242009633424642,-0.9127941655584664,1281.6500244140625,22.100000381469727,0.5280487047275795,7442604.0,-0.23019142234069756,5211056.0,-0.7972868447670645,4021956.0,-1.721384205856269,5998152.0,0.015139390599527625,-3387383.0,27079.05326530613,30682.660448444436,1670.9289163363158,19.160829408592328,2.367742735422507,165765258.26830187,-720.1985619500151,269.5341284146403,41276.847757025556,0.0038693701997398744,0.011968814262142802,23.899999618530277,6.154988526939746
2011-03-22,164.09,164.44,162.25,162.6,3612686,-1.1730383516683984,163.77571428571426,174.7036666666667,1.545541392957129,5.0912931971137105,2011,3,81,1,1226,-1.490000000000009,2.1899999999999977,1.334633432872203,1.6747002842664838,32.063975628332074,-4.363678918964439,-0.10912722142640319,22218.241082410826,166.1830033923873,0.4706343342280995,-4.053637726615392,1298.2900390625,20.530000686645508,1.6747002842664838,4055221.0,-2.2647237401335674,6471310.0,-0.9896239429016851,4936126.0,1.1616708799807363,4608522.0,0.006794261222188069,-442535.0,26822.48458979591,30521.371146777787,1028.0985330942733,19.041693707814655,2.3886981973438624,115837075.85681649,-709.5341922236178,270.011748334718,-26062.84889628229,0.012983274943598522,0.0038693701997398744,22.100000381469727,6.182165571828534
2011-03-23,162.1,166.26,160.82,165.32,4721455,1.6728167281672812,163.5742857142857,174.11233333333334,1.398510072898738,5.107882989643532,2011,3,82,2,1227,3.219999999999999,5.439999999999998,3.355953115360887,-1.1730383516683984,36.76001417936906,-4.086291907067306,0.3069098725989472,28559.490684732642,167.40879665524113,-0.21548947443165042,-1.8733071808094905,1292.18994140625,20.59000015258789,-1.1730383516683984,3612686.0,0.5280487047275795,7442604.0,-0.23019142234069756,5211056.0,-0.7972868447670645,4021956.0,-0.1470313200583908,1108769.0,26756.54694693877,30315.10461877778,1351.2986424674143,16.69778154976376,1.9558304239992337,173560752.74725294,-675.545778076367,243.4978519825694,47774.7937653584,-0.004698563088918806,0.012983274943598522,20.530000686645508,5.594040291594979
2011-03-24,168.23,172.0,167.36,171.1,6285368,3.496249697556264,164.43428571428572,173.63899999999998,1.539949735692373,5.1422481808981475,2011,3,83,3,1228,2.8700000000000045,4.639999999999986,2.7581287523033864,1.6728167281672812,49.13294797687862,-3.3613158503722502,0.3312353924796487,36735.05552308592,168.96504447417226,1.2802422824011594,0.8547132434265734,1300.6099853515625,18.450000762939453,1.6728167281672812,4721455.0,1.6747002842664838,4055221.0,-2.2647237401335674,6471310.0,-0.9896239429016851,4936126.0,0.14143966279363496,1563913.0,27038.63431836735,30150.502320999993,2414.0465768986605,11.298444245963724,2.3714451884590098,308818658.9595376,-575.121141998692,267.39533215588796,128434.92676230171,0.006516103922113103,-0.004698563088918806,20.59000015258789,6.159798942769498
2011-03-25,171.66,173.49,170.3,170.98,4293802,-0.07013442431327288,165.33142857142857,173.13133333333332,1.5339842013394027,5.141546590598088,2011,3,84,4,1229,-0.6800000000000068,3.1899999999999977,1.8583245951299066,3.496249697556264,53.12499999999995,-2.7645817221880975,-0.31685750142235114,25112.89039653761,170.79646812542066,0.8174547280754124,-0.6339228534960739,1311.800048828125,17.8700008392334,3.496249697556264,6285368.0,-1.1730383516683984,3612686.0,0.5280487047275795,7442604.0,-0.23019142234069756,5211056.0,-0.005965534352970314,-1991566.0,27334.481273469388,29974.458581777773,2822.2656249999945,7.642912098656507,2.3531075299588853,228108231.2499998,-472.6881828597209,265.5807300901592,-1761.2781108034842,0.00860370411006639,0.006516103922113103,18.450000762939453,6.13593680535763
2011-03-28,171.96,172.5,169.25,169.35,3399838,-0.9533278746052143,166.5285714285714,172.468,1.4954034782726222,5.13196757926378,2011,3,87,0,1232,-2.6100000000000136,3.25,1.8899744126541056,-0.07013442431327288,54.121983914209125,-2.395578268799511,-0.2081987012908374,20075.807499261886,172.78418164735484,-2.207090387993562,-1.2270912593612877,1315.449951171875,18.309999465942383,-0.07013442431327288,4293802.0,1.6728167281672812,4721455.0,1.6747002842664838,4055221.0,-2.2647237401335674,6471310.0,-0.03858072306678051,-893964.0,27731.765102040812,29745.211023999997,2929.189142809911,5.738795241944462,2.236231562829857,184005977.54691693,-405.6911798211972,257.9092470907226,-19138.826894254755,0.0027823617989728433,0.00860370411006639,17.8700008392334,5.981613913090484
2011-03-29,170.76,174.84,170.07,174.62,4883107,3.1118984351933943,168.35714285714286,171.94133333333335,1.616027625441409,5.162612184382661,2011,3,88,1,1233,3.8600000000000136,4.77000000000001,2.793394237526359,-0.9533278746052143,58.45220030349011,-1.6587741014004962,0.43627637552142184,27964.19081433971,174.81715330189107,-0.3045563690750495,0.10740306718398074,1309.3699951171875,19.170000076293945,-0.9533278746052143,3399838.0,3.496249697556264,6285368.0,-1.1730383516683984,3612686.0,0.5280487047275795,7442604.0,0.12062414716878678,1483269.0,28344.12755102041,29563.82210844445,3416.659720319329,2.7515315194770236,2.611545286189799,285428348.4673747,-289.65513358655465,277.8619446218965,87021.72163659323,-0.004621959238564122,0.0027823617989728433,18.309999465942383,6.464110501765617
2011-03-30,177.97,181.16,177.66,179.42,6856880,2.7488260222196637,170.4842857142857,171.621,1.7046888901154131,5.189729426131137,2011,3,89,2,1234,1.4499999999999886,3.5,1.9666235882452099,3.1118984351933943,69.0585533869116,-0.6796964876103857,0.4042043313816388,38216.92119050273,176.7939732246173,0.7912168324328817,1.8348099429497893,1321.8900146484375,17.81999969482422,3.1118984351933943,4883107.0,-0.07013442431327288,4293802.0,1.6728167281672812,4721455.0,1.6747002842664838,4055221.0,0.08866126467400415,1973773.0,29064.8916755102,29453.767641000002,4769.08379589292,0.4619873152698952,2.905964212082919,473526213.5476464,-121.95114380705539,292.5604120104973,105051.667457572,0.00956186530769676,-0.004621959238564122,19.170000076293945,6.818755560461625
2011-03-31,179.33,181.57,178.5,180.13,4825628,0.3957195407424008,172.98857142857145,171.40466666666666,1.6942589187876054,5.193678812435467,2011,3,90,3,1235,0.799999999999983,3.069999999999993,1.7119277309987135,2.7488260222196637,67.93575252825698,0.15177111849425273,-0.2962356056982184,26789.696330428025,178.60334760657574,0.4405480779571478,1.0861043154671108,1327.43994140625,17.899999618530273,2.7488260222196637,6856880.0,-0.9533278746052143,3399838.0,3.496249697556264,6285368.0,-1.1730383516683984,3612686.0,-0.010429971327807763,-2031252.0,29925.045844897966,29379.559755111106,4615.266471580575,0.023034472408996504,2.8705132838913454,327832669.6014277,27.338531574369743,290.40388522181655,10601.206328505357,0.004198478463647737,0.00956186530769676,17.81999969482422,6.777035675150444
2011-04-01,181.58,183.25,178.59,180.13,5683357,0.0,175.1042857142857,171.15033333333332,1.6890329647908853,5.193678812435467,2011,4,91,4,1236,-1.450000000000017,4.659999999999997,2.566361934133713,0.3957195407424008,70.75588599752169,0.8014762672258939,0.17774453397568157,31551.41842002998,180.16869987497478,-0.7435775237026865,0.7048776487279156,1329.47998046875,16.68000030517578,0.3957195407424008,4825628.0,3.1118984351933943,4883107.0,-0.07013442431327288,4293802.0,1.6728167281672812,4721455.0,-0.005225953996720101,857729.0,30661.5108755102,29292.43660011111,5006.395403294286,0.6423642069263525,2.8528323561502877,402130959.97521687,144.36992001540028,289.0785549349483,0.0,0.0015368221181735198,0.004198478463647737,17.899999618530273,6.756131859163531
2011-04-04,180.9,183.61,180.69,182.94,4186165,1.5599844556709153,176.79571428571427,171.03166666666667,1.7130803067716098,5.209158230228218,2011,4,94,0,1239,2.039999999999992,2.920000000000016,1.6141514648977422,0.0,76.70454545454541,1.5255304291412415,-0.26343444552225037,22882.721110746694,181.4229003888256,0.998350162897436,0.5187494482769637,1333.56005859375,17.6299991607666,0.0,5683357.0,2.7488260222196637,6856880.0,-0.9533278746052143,3399838.0,3.496249697556264,6285368.0,0.024047341980724557,-1497192.0,31256.72458979591,29251.831002777777,5883.587293388423,2.3272430902358603,2.934644137448713,321097883.5227271,279.0805367070987,292.99098000099303,35696.68923621754,0.003068927840162994,0.0015368221181735198,16.68000030517578,6.852321227086463
2011-04-05,181.83,186.36,181.8,185.29,5567593,1.2845741773259034,178.83999999999997,171.194,1.617719533188663,5.221922165294323,2011,4,95,1,1240,3.4599999999999795,4.560000000000002,2.5078369905956124,1.5599844556709153,79.07370799209264,2.2628887562356965,0.3299984592102796,30047.995034810298,182.28964494549786,0.332923641884465,2.667431412617674,1332.030029296875,17.8700008392334,1.5599844556709153,4186165.0,0.3957195407424008,4825628.0,3.1118984351933943,4883107.0,-0.07013442431327288,4293802.0,-0.09536077358294692,1381428.0,31983.74559999999,29307.385635999995,6252.651295618735,5.120665523097937,2.6170164880601456,440250223.100819,419.2906576429122,276.94387776469995,38598.87850213427,-0.0011473268766676314,0.003068927840162994,17.6299991607666,6.470878132754649
2011-04-06,186.1,188.27,181.12,182.76,5426993,-1.365427168222788,180.75571428571428,171.39666666666668,1.5898447838828527,5.208173816695071,2011,4,96,2,1241,-3.3400000000000034,7.150000000000006,3.8420204191295033,1.2845741773259034,81.84741303712363,2.612979881381108,-0.0252532827022377,29694.643247975488,182.79161497767717,-1.7545355515267869,1.7229205738496205,1335.93994140625,16.75,1.2845741773259034,5567593.0,0.0,5683357.0,2.7488260222196637,6856880.0,-0.9533278746052143,3399838.0,-0.027874749305810242,-140600.0,32672.628246938773,29376.817344444447,6698.999020869515,6.827663860502429,2.5276064368395144,444185337.6205787,477.54820312121126,272.494096474908,-40545.872641469105,0.002935303276487611,-0.0011473268766676314,17.8700008392334,6.359379135531412
2011-04-07,182.71,185.17,181.76,184.91,4558622,1.1764062158021504,182.22571428571428,171.63533333333334,1.5991828314307868,5.219869220218895,2011,4,97,3,1242,2.1999999999999886,3.4099999999999966,1.8663455749548445,-1.365427168222788,82.51196845958884,3.0290002229465074,-0.1600096038450759,24653.193445459954,183.036637067369,-0.12417512916196027,1.9975380617929375,1334.8199462890625,16.920000076293945,-1.365427168222788,5426993.0,1.5599844556709153,4186165.0,0.3957195407424008,4825628.0,3.1118984351933943,4883107.0,0.009338047547934103,-868371.0,33206.21094693877,29458.687648444444,6808.2249390761845,9.17484235060999,2.557385728342988,376140874.6831878,560.0924312250387,274.4762783335669,29002.170008611924,-0.0008383573860427651,0.002935303276487611,16.75,6.396731325723124
2011-04-08,185.17,186.22,182.78,184.71,3725114,-0.1081607268400786,182.98142857142855,171.88433333333333,1.597854197835518,5.218787027591229,2011,4,98,4,1243,-0.45999999999997954,3.4399999999999977,1.8577523356915255,1.1764062158021504,80.57575757575759,3.304469148982662,-0.1828420957034823,20167.36505874073,183.09337866727603,0.7533693662771529,0.8632519664468248,1336.1600341796875,16.510000228881836,1.1764062158021504,4558622.0,1.2845741773259034,5567593.0,0.0,5683357.0,2.7488260222196637,6856880.0,-0.0013286335952686912,-833508.0,33482.20320204081,29544.224045444444,6492.452708907257,10.919516356578198,2.5531380375405868,300153882.6060607,610.3684965085876,274.64610355882616,-2181.316863202602,0.0010039465579987361,-0.0008383573860427651,16.920000076293945,6.391416791342067
2011-04-11,184.99,186.49,181.85,184.04,3296528,-0.3627307671485114,183.54,172.24266666666665,1.537239663073033,5.215153125287268,2011,4,101,0,1246,-0.950000000000017,4.640000000000015,2.508243688848054,-0.1081607268400786,83.77441713925644,3.4291873201052283,-0.11505312320643069,17912.019126276897,182.9198854305428,1.0799068473528273,0.04020772210438395,1329.010009765625,16.739999771118164,-0.1081607268400786,3725114.0,-1.365427168222788,5426993.0,1.5599844556709153,4186165.0,0.3957195407424008,4825628.0,-0.06061453476248513,-428586.0,33686.931599999996,29667.53622044444,7018.1529670221435,11.759325676370478,2.363105781724892,276164711.78323877,631.1076343921662,264.77825887346734,-6497.240438853228,-0.00535117368515825,0.0010039465579987361,16.510000228881836,6.148958652292151
2011-04-12,182.96,184.59,179.42,180.48,5333259,-1.9343620951966956,183.59,172.61066666666665,1.5223749383848761,5.195619968309694,2011,4,102,1,1247,-2.480000000000018,5.170000000000016,2.8257542632269437,-0.3627307671485114,73.26580724370778,3.203833325171587,0.6178412560123863,29550.41555851064,182.50422987773666,-0.4110090751318925,-1.6132208026047863,1321.9599609375,17.579999923706055,-0.3627307671485114,3296528.0,1.1764062158021504,4558622.0,1.2845741773259034,5567593.0,0.0,5683357.0,-0.014864724688156805,2036731.0,33705.2881,29794.442247111103,5367.878511072144,10.264547975480028,2.3176254530223552,390745525.87476975,578.227838526968,262.778153031239,-57161.20375369367,-0.005304737192587616,-0.00535117368515825,16.739999771118164,6.089499753539485
2011-04-13,180.85,182.88,179.8,182.29,4222210,1.0028812056737557,183.49714285714285,172.95299999999997,1.5099661834669988,5.20559882554483,2011,4,103,2,1248,1.4399999999999977,3.079999999999984,1.7030688415814126,-1.9343620951966956,69.5560992659909,3.1351504707344304,-0.20832459102398737,23162.049481595262,182.03871925045965,0.5002297941908074,-0.24894904465045897,1314.030029296875,16.329999923706055,-1.9343620951966956,5333259.0,-0.1081607268400786,3725114.0,-1.365427168222788,5426993.0,1.5599844556709153,4186165.0,-0.012408754917877296,-1111049.0,33671.20143673469,29912.740208999992,4838.050945100379,9.829168474146321,2.2799978752138945,293680457.8818594,571.5065793101793,261.1531813291678,23228.784109977445,-0.0059986171101591435,-0.005304737192587616,17.579999923706055,6.039864733868001
2011-04-14,181.39,182.08,179.36,181.82,3583657,-0.25783092873992164,183.00142857142856,173.25399999999996,1.511540698352802,5.203017186693712,2011,4,104,3,1249,0.4300000000000068,2.719999999999999,1.4995313964386126,1.0028812056737557,68.71546961325967,3.0081180295573517,-0.15123667463247925,19709.91640083599,181.81131831829126,-0.9619923348740832,0.9706740165828194,1311.1300048828125,17.770000457763672,1.0028812056737557,4222210.0,-0.3627307671485114,3296528.0,1.1764062158021504,4558622.0,1.2845741773259034,5567593.0,0.0015745148858030689,-638553.0,33489.52285918367,30016.948515999986,4721.815764170813,9.048774079748005,2.2847552827768762,246252673.68784532,546.9360201341177,261.8804721524163,-5081.826051013757,-0.002206969665384473,-0.0059986171101591435,16.329999923706055,6.046162793411213
2011-04-15,181.23,181.78,179.02,180.01,4267836,-0.9954900450995452,182.60857142857142,173.532,1.5194192264571493,5.193012404902613,2011,4,105,4,1250,-1.2199999999999989,2.759999999999991,1.5229266677702318,-0.25783092873992164,68.29100892244335,2.729923176446448,0.1909164297810868,23708.882839842234,181.863598082255,-1.7870494557049266,-0.06654862655008742,1314.5400390625,15.970000267028809,-0.25783092873992164,3583657.0,-1.9343620951966956,5333259.0,-0.1081607268400786,3725114.0,-1.365427168222788,5426993.0,0.007878528104347415,684179.0,33345.89035918367,30113.355024000004,4663.661899645238,7.452480549299464,2.308634785727642,291454826.35552496,491.4134709921251,263.66785720556203,-23601.956847494377,0.002600836047522481,-0.002206969665384473,17.770000457763672,6.077676905828582
2011-04-18,178.04,178.91,175.37,178.34,4615185,-0.9277262374312478,181.67000000000002,173.84066666666664,1.5008831646931546,5.183691840706733,2011,4,108,0,1253,0.30000000000001137,3.539999999999992,1.9883172320826739,-0.9954900450995452,57.282693813625684,2.3476346370980536,0.08138761658133076,25878.57463272401,182.09601926427666,0.33112288606206774,-4.087142150338735,1313.3499755859375,18.299999237060547,-0.9954900450995452,4267836.0,1.0028812056737557,4222210.0,-0.3627307671485114,3296528.0,1.1764062158021504,4558622.0,-0.018536061763994693,347349.0,33003.988900000004,30220.5773871111,3281.3070105455904,5.51138838930251,2.2526502740593393,264370229.24823806,418.6771611800669,260.9145299390344,-24008.232674100782,-0.0009053078956888783,0.002600836047522481,15.970000267028809,6.003532658772599
2011-04-19,178.41,179.47,176.6,178.82,2645668,0.26914881686666003,180.82857142857142,174.23833333333332,1.4744914104425622,5.186379713307172,2011,4,109,1,1254,0.4099999999999966,2.8700000000000045,1.6086542234179724,-0.9277262374312478,48.58623939679549,2.0596577514308194,-0.42674714014714465,14795.145956828095,182.51339894199032,0.8778726885050169,-4.571271630495346,1305.989990234375,16.6200008392334,-0.9277262374312478,4615185.0,-0.25783092873992164,3583657.0,-1.9343620951966956,5333259.0,-0.1081607268400786,3725114.0,-0.02639175425059248,-1969517.0,32698.972244897956,30358.996802777772,2360.6226587227225,4.242190053029059,2.174124919468896,128543058.81244114,368.3079991108591,256.9129258698279,3982.0960296498306,-0.00560397874776597,-0.0009053078956888783,18.299999237060547,5.89796564177027
2011-04-20,181.83,185.0,181.59,183.87,4061235,2.824068896096632,180.8042857142857,174.73233333333334,1.5372941105703017,5.21422898616575,2011,4,110,2,1255,2.039999999999992,3.4099999999999966,1.8753781004234704,0.26914881686666003,57.31611893583727,2.213411954951596,0.5350508831795977,22087.534671235113,183.33965590014833,2.1319089160013602,-1.6015648161496756,1319.1199951171875,14.3100004196167,0.26914881686666003,2645668.0,-0.9954900450995452,4267836.0,1.0028812056737557,4222210.0,-0.3627307671485114,3296528.0,0.06280270012773959,1415567.0,32690.189732653056,30531.388312111114,3285.1374898670433,4.899192482322645,2.3632731823941353,232774228.28638506,406.98005615694996,268.61498695954015,62376.719656491034,0.010053679569516527,-0.00560397874776597,16.6200008392334,6.1491764422812025
2011-04-21,184.7,185.97,183.05,185.89,3347589,1.0986022733452838,181.57714285714286,175.39066666666665,1.495597812670943,5.225155100919053,2011,4,111,3,1256,1.1899999999999977,2.9199999999999875,1.5809420682187263,2.824068896096632,60.44234952864393,2.469790183294606,-0.1757214246405342,18008.44047555006,184.64800549533254,0.4172217579856511,0.8247727466817878,1333.22998046875,14.710000038146973,2.824068896096632,4061235.0,-0.9277262374312478,4615185.0,-0.25783092873992164,3583657.0,-1.9343620951966956,5333259.0,-0.04169629789935869,-713646.0,32970.258808163264,30761.88595377777,3653.277616542763,6.099863549498403,2.2368128172661095,202336144.4162436,459.10929717263423,262.31389742956515,19784.113645842517,0.010696513890920967,0.010053679569516527,14.3100004196167,5.982391250683747
2011-04-25,185.8,186.35,183.77,185.42,3434744,-0.2528376997148807,182.02428571428572,175.969,1.492589800856365,5.222623522178837,2011,4,115,0,1260,-0.3800000000000239,2.579999999999984,1.3885898815931021,1.0986022733452838,54.91283676703644,2.60501768204432,0.026035155450684133,18524.129004422393,186.31308791379888,0.41584731016772547,-1.308935223966614,1337.1400146484375,15.640000343322754,1.0986022733452838,3347589.0,0.26914881686666003,2645668.0,-0.9954900450995452,4267836.0,1.0028812056737557,4222210.0,-0.0030080118145781043,87155.0,33132.840589795924,30965.088960999998,3015.419641803189,6.786117123763561,2.227824313620443,188611536.6085578,483.0223786046578,262.64953466689366,-4683.5981666998605,0.002932752966080754,0.010696513890920967,14.710000038146973,5.97035920342546
2011-04-26,186.26,186.42,180.74,182.3,10830884,-1.6826663790313723,182.09285714285716,176.488,1.5242435442471156,5.205653681684617,2011,4,116,1,1261,-3.9599999999999795,5.679999999999978,3.049500697949092,-0.2528376997148807,44.25221068819688,2.432389452494448,2.1533307868068188,59412.41908941305,188.21114579478575,-2.600991640057103,-3.31015415472865,1336.75,15.359999656677246,-0.2528376997148807,3434744.0,2.824068896096632,4061235.0,-0.9277262374312478,4615185.0,-0.25783092873992164,3583657.0,0.031653743390750666,7396140.0,33157.80862244898,31148.014144,1958.2581507925663,5.916518448606239,2.323318382179009,479290560.7074206,443.4245971897379,269.01069463708495,-99971.28009867705,-0.000291678241743476,0.002932752966080754,15.640000343322754,6.096974176988454
2011-04-27,183.25,197.8,182.75,196.63,23593044,7.860669226549644,184.46714285714285,177.53966666666668,2.0350655187989917,5.281323790171466,2011,4,117,2,1262,13.379999999999995,15.050000000000011,8.212824010914058,-1.6826663790313723,68.3417085427136,3.4125537803115833,1.1783119457285296,119987.00096628185,190.22765045176746,-2.2662467854060435,8.66859633363859,1348.4300537109375,15.369999885559082,-1.6826663790313723,10830884.0,1.0986022733452838,3347589.0,0.26914881686666003,2645668.0,-0.9954900450995452,4267836.0,0.5108219745518761,12762160.0,34028.12679387755,31520.333240111115,4670.589126537214,11.645523303518878,4.141491665804609,1612388936.683418,671.0104498226666,361.3048538524001,943178.1260816341,0.00873765005493743,-0.000291678241743476,15.359999656677246,8.140262075195949
2011-04-28,196.09,196.79,192.27,195.07,7263823,-0.7933682550984145,186.85714285714286,178.552,2.0455980663463516,5.273358468506841,2011,4,118,3,1263,-1.0200000000000102,4.519999999999982,2.3050640012239185,7.860669226549644,63.648576034390125,4.01715484876874,-0.6921201435473947,37237.0072281745,192.2020771006038,0.14685794639005728,2.7210649530061346,1353.8599853515625,15.539999961853027,7.860669226549644,23593044.0,-0.2528376997148807,3434744.0,2.824068896096632,4061235.0,-0.9277262374312478,4615185.0,0.010532547547359883,-16329221.0,34915.5918367347,31880.816703999997,4051.141231205541,16.137533078986202,4.184471449039933,462331990.5158518,783.6263963493182,365.24562594227376,-29542.65944970385,0.004026854508086375,0.00873765005493743,15.369999885559082,8.182392265385431
2011-04-29,194.38,196.59,193.78,195.81,6638062,0.37935100220434226,189.28428571428572,179.71333333333334,1.9742807458763467,5.277144801315235,2011,4,119,4,1264,1.4300000000000068,2.8100000000000023,1.44562197756971,-0.7933682550984145,64.69809322033899,4.504096941163766,-0.08614761125099002,33900.52602012154,194.0771580651794,1.0782758684609117,0.6545660663597062,1360.1400146484375,14.5600004196167,-0.7933682550984145,7263823.0,-1.6826663790313723,10830884.0,1.0986022733452838,3347589.0,0.26914881686666003,2645668.0,-0.07131732047000483,-625761.0,35828.54081836735,32296.88217777778,4185.843266347674,20.286889255400794,3.897784463538064,429469954.0783899,881.947222049277,354.8045737772579,12860.19852098749,0.004638610613227012,0.004026854508086375,15.539999961853027,7.897122983505369
2011-05-02,196.79,203.42,196.18,201.19,9389614,2.747561411572441,191.75857142857143,181.02566666666664,2.0099051551970724,5.304249735201145,2011,5,122,0,1267,4.400000000000006,7.239999999999981,3.6790487321510144,0.37935100220434226,70.19072286319758,5.263449327613813,0.4145113438229411,46670.381231671556,195.87503463890124,2.7727198991969417,2.542245461901814,1365.2099609375,15.06999969482422,0.37935100220434226,6638062.0,7.860669226549644,23593044.0,-0.2528376997148807,3434744.0,2.824068896096632,4061235.0,0.035624409320725636,2751552.0,36771.34971632653,32770.2919921111,4926.737576058207,27.7038988243583,4.039718732887768,659063794.0664,1058.953370222623,363.8444206563201,128229.73853551547,0.0037275179279046,0.004638610613227012,14.5600004196167,8.039620620788298
2011-05-03,200.99,202.59,196.69,198.45,6049929,-1.3618967145484384,193.55285714285714,182.15633333333332,2.037870830570475,5.290537179229075,2011,5,123,1,1268,-2.5400000000000205,5.900000000000006,2.9354694263396217,2.747561411572441,71.57262905162067,5.579825706426675,-0.35567862534072225,30485.910808767952,197.4875452647999,1.4563128748602523,-0.4938581396601762,1359.760009765625,16.350000381469727,2.747561411572441,9389614.0,-0.7933682550984145,7263823.0,-1.6826663790313723,10830884.0,1.0986022733452838,3347589.0,0.027965675373402554,-3339685.0,37462.70850816326,33180.92977344444,5122.641229360895,31.134454914099944,4.152917522089997,433009324.1056424,1107.3164114403735,371.21107830367225,-41518.661770477804,-0.003992024177828624,0.0037275179279046,15.06999969482422,8.151483322281877
2011-05-04,198.25,201.86,195.37,199.97,6546629,0.7659360040312535,195.63142857142856,183.402,2.008718152419412,5.298167355296911,2011,5,124,2,1269,1.7199999999999989,6.490000000000009,3.273644388398491,-1.3618967145484384,71.37330754352034,5.885364741605656,0.08210013704293062,32738.055708356253,198.67720492933825,0.4818941461761414,0.8109009244856225,1355.9000244140625,16.84000015258789,-1.3618967145484384,6049929.0,0.37935100220434226,6638062.0,7.860669226549644,23593044.0,-0.2528376997148807,3434744.0,-0.029152678151062705,496700.0,38271.655844897956,33636.293604,5094.149029701937,34.63751814173501,4.034948615859257,467254564.990329,1176.896387378883,368.402926590025,25075.255569010955,-0.002838725454374691,-0.003992024177828624,16.350000381469727,8.034872609677677
2011-05-05,198.59,201.0,196.12,197.11,4625978,-1.4302145321798188,197.74714285714285,184.46166666666664,2.037171774131959,5.283761948538838,2011,5,125,3,1270,-1.4799999999999898,4.8799999999999955,2.457324135152825,0.7659360040312535,67.47428571428577,5.829529344761767,-0.2933801503033088,23469.01729998478,199.55060081933027,-4.1065282898521875,1.6659274705219218,1344.1600341796875,17.68000030517578,0.7659360040312535,6546629.0,2.747561411572441,9389614.0,-0.7933682550984145,7263823.0,-1.6826663790313723,10830884.0,0.028453621712546617,-1920651.0,39103.93250816326,34026.106469444436,4552.779232653069,33.983412381438555,4.150068837319953,312134561.28000027,1149.058529145992,375.7801007426713,-33565.729598417805,-0.008658448280099651,-0.002838725454374691,16.84000015258789,8.148687096527851
2011-05-06,199.3,199.56,196.56,197.6,4012521,0.24859215666377388,197.8857142857143,185.345,1.9633232966328684,5.286244785313768,2011,5,126,4,1271,-1.700000000000017,3.0,1.5052684395383842,-1.4302145321798188,70.72825830780113,5.758438599715873,-0.1326113094355399,20306.28036437247,200.26976375659646,-2.658097745133983,-0.011666011462494907,1340.239990234375,17.170000076293945,-1.4302145321798188,4625978.0,-1.3618967145484384,6049929.0,0.37935100220434226,6638062.0,7.860669226549644,23593044.0,-0.0738484774990904,-613457.0,39158.75591836735,34352.769025,5002.486523255039,33.15961510669771,3.854638367101354,283798621.7534765,1137.8674673038565,363.892156414419,5047.9820295985965,-0.0029163521051307484,-0.008658448280099651,17.68000030517578,7.8532931865314595
2011-05-09,198.35,202.36,196.78,200.8,5815595,1.619433198380582,198.70428571428573,186.339,1.970645862067519,5.302309387817574,2011,5,129,0,1274,2.450000000000017,5.5800000000000125,2.8132089740358017,0.24859215666377388,75.54595086442224,5.892388145908228,0.4493618849596053,28962.1264940239,200.69633159309285,0.22831346862719332,-0.12464506172003098,1340.199951171875,18.59000015258789,0.24859215666377388,4012521.0,0.7659360040312535,6546629.0,2.747561411572441,9389614.0,-0.7933682550984145,7263823.0,0.007322565434650485,1803074.0,39483.3931612245,34722.222921,5707.190692009699,34.720238062039805,3.883445113683835,439344654.11737967,1183.1915396983723,367.2081792917994,46902.22914012012,-2.9874546940700242e-05,-0.0029163521051307484,17.170000076293945,7.882583448270054
2011-05-10,201.94,205.29,201.56,203.94,5881625,1.5637450199203151,199.8657142857143,187.492,1.9577280785147788,5.317825832936079,2011,5,130,1,1275,2.0,3.7299999999999898,1.8470832920669458,1.619433198380582,76.94122694122697,6.180668979581355,0.011353954324536009,28839.977444346376,200.74279293540278,1.8902042070925598,1.3070028575046706,1348.3399658203125,16.84000015258789,1.619433198380582,5815595.0,-1.4302145321798188,4625978.0,-1.3618967145484384,6049929.0,0.37935100220434226,6638062.0,-0.012917783552740092,66030.0,39946.30374693878,35153.250064,5919.952403221391,38.20066903515923,3.832699229405168,452539443.90819407,1260.4856316958217,367.05835289689287,45098.37110321086,0.006073731491573309,-2.9874546940700242e-05,18.59000015258789,7.8309123140591055
2011-05-11,203.14,205.5,202.25,204.38,4802731,0.21574973031284195,200.32142857142858,188.48399999999998,1.9022259025865769,5.319981006184063,2011,5,131,2,1276,1.240000000000009,3.25,1.5998818548784093,1.5637450199203151,74.4108545584385,6.371194772577866,-0.1834346800416552,23499.026323515023,200.50875076731248,2.9362550424914144,0.9349941901961074,1354.510009765625,16.270000457763672,1.5637450199203151,5881625.0,0.24859215666377388,4012521.0,0.7659360040312535,6546629.0,2.747561411572441,9389614.0,-0.05550217592820195,-1078894.0,40128.674744897966,35526.21825599999,5536.975276117088,40.59212283012352,3.618463384471317,357375317.9243039,1302.144787619464,358.5391470231283,5069.90859191274,0.004576029860213104,0.006073731491573309,16.84000015258789,7.608903610346317
2011-05-12,204.22,206.19,200.62,206.07,4817777,0.8268910852333944,201.41000000000003,189.3723333333333,1.8572045057690711,5.3282159168939,2011,5,132,3,1277,1.8499999999999943,5.569999999999993,2.7274507883654846,0.21574973031284195,74.20825335892518,6.582675724098465,0.003132800900154553,23379.322560295048,200.0948797896615,1.7332428096540955,4.241877400684416,1339.3900146484375,17.270000457763672,0.21574973031284195,4802731.0,1.619433198380582,5815595.0,-1.4302145321798188,4625978.0,-1.3618967145484384,6049929.0,-0.04502139681750572,15046.0,40565.98810000001,35861.8806321111,5506.864866582429,43.33161968863525,3.4492085762489397,357518816.24280244,1356.4919864649705,351.70315073466907,19332.153403903954,-0.011162704600317985,0.004576029860213104,16.270000457763672,7.428818023076303
2011-05-13,205.7,206.39,202.36,202.56,4122522,-1.703304702285624,201.78,190.12,1.8995029121667335,5.311036138955811,2011,5,133,4,1278,-3.1399999999999864,4.029999999999973,1.9591638308215718,0.8268910852333944,69.16368515205728,6.393349680713186,-0.14431033233792268,20352.10308056872,199.5864226783165,0.01198292217147931,2.9615943995120233,1348.68994140625,16.020000457763672,0.8268910852333944,4817777.0,1.5637450199203151,5881625.0,0.24859215666377388,4012521.0,0.7659360040312535,6546629.0,0.04229840639766236,-695255.0,40715.1684,36145.6144,4783.6153438129095,40.8749201398754,3.608111313329901,285128813.6404295,1295.036911325263,361.13349366113937,-34665.832878534435,0.006943404576786882,-0.011162704600317985,17.270000457763672,7.598011648666954
2011-05-16,200.51,200.9,191.37,192.51,9370713,-4.961492890995267,201.12285714285713,190.53266666666667,2.1374234651561306,5.260148100430533,2011,5,136,0,1281,-8.0,9.530000000000001,4.752880155603212,-1.703304702285624,59.883833494675685,5.37044922301007,1.2730534852209399,48676.49992208197,198.98178814042464,-4.2590770154010995,-2.21271112502356,1334.77001953125,17.860000610351562,-1.703304702285624,4122522.0,0.21574973031284195,4802731.0,1.619433198380582,5815595.0,-1.4302145321798188,4625978.0,0.23792055298939707,5248191.0,40450.40366530612,36302.69706711111,3586.0735140180414,28.841724856929464,4.56857906940004,561154217.0183929,1033.8651799216684,407.24899261210464,-241508.10832194137,-0.010321068948201728,0.006943404576786882,16.020000457763672,8.54969386062453
2011-05-17,191.81,195.98,191.76,194.81,7069541,1.194743130227005,200.7242857142857,190.9283333333333,2.1306960568436923,5.272024724593113,2011,5,137,1,1282,3.0,4.219999999999999,2.200093842865335,-4.961492890995267,47.70318021201414,4.6913055684219955,-0.2455706412094789,36289.41532775525,198.23013545376378,-2.290221490003886,-1.1299139637598898,1326.0999755859375,18.540000915527344,-4.961492890995267,9370713.0,0.8268910852333944,4817777.0,1.5637450199203151,5881625.0,0.24859215666377388,4012521.0,-0.006727408312438232,-2301172.0,40290.2388755102,36453.62846944444,2275.5934023398972,22.008347936307224,4.539865686649259,337239588.33922267,913.913237784289,406.8102469730714,43356.52966279016,-0.00649553392602964,-0.010321068948201728,17.860000610351562,8.522784227374757
2011-05-18,194.04,198.28,193.25,197.09,4955539,1.1703711308454379,200.19428571428574,191.32166666666666,2.1288506880387748,5.283660477204403,2011,5,138,2,1283,3.0500000000000114,5.030000000000001,2.59224902082045,1.194743130227005,52.503718393653955,4.287631131711436,-0.29902959753681324,25143.533411131968,197.39975879201754,0.08558664312199193,-0.39534543513951803,1328.5400390625,17.559999465942383,1.194743130227005,7069541.0,-1.703304702285624,4122522.0,0.21574973031284195,4802731.0,1.619433198380582,5815595.0,-0.001845368804917591,-2114002.0,40077.75203265307,36603.98013611111,2756.6404451601165,18.383780721621086,4.532005251963165,260184224.14476952,845.0492197490069,407.2952617200584,29427.26563183657,0.0018400298027940742,-0.00649553392602964,18.540000915527344,8.515402752155126
2011-05-19,198.32,199.95,197.55,198.81,3699653,0.8726977522959034,199.46142857142857,191.85666666666665,2.1102361131155716,5.292349594768245,2011,5,139,3,1284,0.4900000000000091,2.3999999999999773,1.2101653892698554,1.1703711308454379,53.63020329138431,4.059708070109622,-0.25343075697719264,18608.988481464716,196.65025393582303,2.5534255253564955,-0.39367946117951647,1342.4000244140625,15.899999618530272,1.1703711308454379,4955539.0,-4.961492890995267,9370713.0,0.8268910852333944,4817777.0,1.5637450199203151,5881625.0,-0.018614574923203175,-1255886.0,39784.8614877551,36808.98054444444,2876.1987050752086,16.48122961451319,4.453096453097116,198413142.49757984,807.110561418494,404.8628665419765,16240.022420274614,0.010432493522244846,0.0018400298027940742,17.559999465942383,8.440944452462304
2011-05-20,198.15,199.8,197.24,198.65,3380401,-0.0804788491524544,198.64285714285714,192.31466666666665,2.104750306172264,5.291544482260608,2011,5,140,4,1285,0.5,2.5600000000000023,1.2919505425182953,0.8726977522959034,46.48199445983381,3.8221078586539647,-0.08629241715371683,17016.868864837652,196.0887596208415,2.0637783837814365,0.4974619953770798,1342.0,15.880000114440918,0.8726977522959034,3699653.0,1.194743130227005,7069541.0,-1.703304702285624,4122522.0,0.21574973031284195,4802731.0,-0.00548580694330747,-319252.0,39458.98469387755,36984.931015111106,2160.575808964021,14.608508483184396,4.42997385133224,157127780.55401665,759.2617261216101,404.7743535480835,-1369.4980224203673,-0.000297991959764099,0.010432493522244846,15.899999618530272,8.419001224689055
2011-05-23,195.56,197.29,192.02,196.22,4227612,-1.2232569846463703,197.23571428571427,192.69833333333332,2.1212625432887147,5.279236478735244,2011,5,143,0,1288,0.6599999999999966,5.269999999999982,2.694825117610954,-0.0804788491524544,46.884604638167104,3.3985509082695557,0.25062440816932674,21545.26551829579,195.6865859752013,1.7842792401423304,-1.250865215343623,1333.0699462890625,20.030000686645508,-0.0804788491524544,3380401.0,1.1703711308454379,4955539.0,-4.961492890995267,9370713.0,0.8268910852333944,4817777.0,0.016512237116450557,847211.0,38901.92698979591,37132.64766944444,2198.1661520772404,11.550148276099822,4.499754777559706,198209917.18357092,666.8636592206523,408.76375665416316,-26355.396531315924,-0.006654287415005622,-0.000297991959764099,15.880000114440918,8.485050173154832
2011-05-24,196.94,197.0,193.0,193.27,2968627,-1.503414534705938,195.90857142857143,193.00599999999997,2.1422446732760063,5.264088174997377,2011,5,144,1,1289,-3.6699999999999875,4.0,2.031075454453133,-1.2232569846463703,40.99946265448685,2.792646734512317,-0.29780050770978983,15359.998965178247,195.3038982768622,-0.14853074444273118,-1.8853675324194796,1317.699951171875,18.06999969482422,-1.2232569846463703,4227612.0,0.8726977522959034,3699653.0,1.194743130227005,7069541.0,-1.703304702285624,4122522.0,0.020982129987291653,-1258985.0,38380.16835918368,37251.31603599999,1680.9559379566617,7.798875783782308,4.589212240179423,121712111.82160133,539.7348343791956,413.4660754103088,-23092.445697317144,-0.011529773932698606,-0.006654287415005622,20.030000686645508,8.568978693104043
2011-05-25,193.6,194.35,191.14,192.26,4655944,-0.522584984736385,195.87285714285716,193.39866666666666,2.109334760883643,5.25884862263767,2011,5,145,2,1290,-1.3400000000000034,3.210000000000008,1.6580578512396735,-1.503414534705938,43.143907266044636,2.205540652685272,0.5683829595297758,24216.914594819515,194.84658436956025,-3.801884538903625,1.2153001693433794,1316.3599853515625,18.26000022888184,-1.503414534705938,2968627.0,-0.0804788491524544,3380401.0,1.1703711308454379,4955539.0,-4.961492890995267,9370713.0,-0.032909912392363516,1687317.0,38366.176165306126,37403.04426844444,1861.3967341810592,4.864409570647376,4.449293133472055,200875616.17189693,424.0372458852704,407.94253030854867,-12655.395943896096,-0.0010168975259662316,-0.011529773932698606,18.06999969482422,8.437339043534564
2011-05-26,191.46,196.45,190.88,195.0,4073674,1.425153438052651,195.90000000000003,193.82233333333335,2.1160536235107155,5.272999558563747,2011,5,146,3,1291,3.539999999999992,5.569999999999993,2.909223858769452,-0.522584984736385,46.544391281233395,1.9389983874055758,-0.12505949384270942,20890.6358974359,194.28989043416982,-1.5428896337434632,2.252999199573651,1320.6400146484375,17.170000076293945,-0.522584984736385,4655944.0,-1.2232569846463703,4227612.0,0.8726977522959034,3699653.0,1.194743130227005,7069541.0,0.006718862627072664,-582270.0,38376.81000000001,37567.09689877778,2166.3803597405554,3.7597147463614236,4.477682937572829,189606676.60818717,378.10468554408726,410.1384507673018,29772.3615723369,0.0032514124893670004,-0.0010168975259662316,18.26000022888184,8.464214494042835
2011-05-27,194.76,196.12,193.5,194.13,2351319,-0.4461538461538517,195.47714285714284,194.2326666666667,2.1178789940252214,5.268528037737284,2011,5,147,4,1292,-0.6299999999999955,2.6200000000000045,1.3452454302731591,1.425153438052651,40.54973080192688,1.6386704201647149,-0.42280138273214796,12112.084685520012,193.6489087571446,-0.1527033237604602,0.6337945666158475,1325.68994140625,16.110000610351562,1.425153438052651,4073674.0,-1.503414534705938,2968627.0,-0.0804788491524544,3380401.0,1.1703711308454379,4955539.0,0.0018253705145059307,-1722355.0,38211.313379591826,37726.328800444455,1644.2806681087372,2.6852407459228034,4.485411433333284,95345352.4794559,318.11508866657607,411.3612846868362,-5403.853167385919,0.0038238480598793423,0.0032514124893670004,17.170000076293945,8.471515976100875
2011-05-31,195.94,198.44,195.03,196.69,3407795,1.318703961263079,195.17428571428573,194.78866666666667,2.1134700738789602,5.281628885261801,2011,5,151,1,1296,0.75,3.4099999999999966,1.7403286720424602,-0.4461538461538517,39.55632382598675,1.5889129481649888,0.44931206697177206,17325.71559306523,192.93749387486358,2.3296965714107447,1.4228095537256706,1331.0999755859375,15.850000381469728,-0.4461538461538517,2351319.0,-0.522584984736385,4655944.0,-1.2232569846463703,4227612.0,0.8726977522959034,3699653.0,-0.004408920146261153,1056476.0,38093.001804081636,37942.62466177778,1564.702754626327,2.5246443568463564,4.466755753181937,134799842.5525785,312.52328777457166,411.6800177307842,22847.489784292615,0.004080919686204165,0.0038238480598793423,16.110000610351562,8.45388029551583
2011-06-01,196.21,197.26,192.05,192.4,3432251,-2.181097157964307,194.28142857142856,195.25733333333335,2.1509810684455344,5.259576538231606,2011,6,152,2,1297,-3.8100000000000023,5.2099999999999795,2.6553182814331477,1.318703961263079,34.4657676348548,1.1895996815194678,0.007176488022313521,17839.14241164241,192.1657451838131,1.2279533330971182,-0.9936985169102002,1345.199951171875,15.949999809265137,1.318703961263079,3407795.0,1.425153438052651,4073674.0,-1.503414534705938,2968627.0,-0.0804788491524544,3380401.0,0.03751099456657414,24456.0,37745.2734877551,38125.42622044445,1187.8891386598045,1.4151474022712194,4.626719556811093,118295165.43049802,228.87897872434561,419.99482747515924,-38908.90281455379,0.010592724697279676,0.004080919686204165,15.850000381469728,8.603924273782127
2011-06-02,192.3,194.44,190.56,193.65,3043026,0.6496881496881546,193.91428571428574,195.75166666666667,2.1520653884790306,5.266052405960761,2011,6,153,3,1298,1.3499999999999943,3.8799999999999955,2.0176807072282865,-2.181097157964307,33.70933892969573,0.9629058152699201,-0.113402254089226,15714.05112316034,191.31640756298626,1.0933158743408398,1.2402765626729035,1314.550048828125,17.920000076293945,-2.181097157964307,3432251.0,-0.4461538461538517,2351319.0,-0.522584984736385,4655944.0,-1.2232569846463703,4227612.0,0.0010843200334962333,-389225.0,37602.75020408164,38318.715002777775,1136.3195310771002,0.9271876090806296,4.631385436289401,102578394.80587628,186.46671112702003,421.2703865704177,10209.232798311108,-0.02278464425831217,0.010592724697279676,15.949999809265137,8.608261553916122
2011-06-03,191.04,193.21,187.62,188.32,4970721,-2.7523883294603757,193.20714285714286,195.9,2.16624281266115,5.238142643511966,2011,6,154,4,1299,-2.719999999999999,5.590000000000003,2.9260887772194324,0.6496881496881546,32.17325988983477,0.3491381899715975,0.6334796350737719,26395.077527612575,190.40485710123724,-0.084275906891627,-2.0005811943456138,1312.93994140625,18.229999542236328,0.6496881496881546,3043026.0,1.318703961263079,3407795.0,1.425153438052651,4073674.0,-1.503414534705938,2968627.0,0.014177424182119314,1927695.0,37329.000051020404,38376.810000000005,1035.1186519388507,0.12189747569664332,4.69260792340609,159924298.57285938,65.74970393545124,424.3669670003193,-72649.50334220268,-0.0012248353901096465,-0.02278464425831217,17.920000076293945,8.664971250644612
2011-06-06,188.01,189.85,185.18,185.69,3712231,-1.396559048428203,192.26857142857145,195.89333333333335,2.174547276137467,5.224078616612505,2011,6,157,0,1302,-2.319999999999993,4.6699999999999875,2.4839104302962545,-2.7523883294603757,39.51414514145144,-0.34551323372332376,-0.25318057480997225,19991.55043351823,189.5288473052067,-3.0000560544578767,-0.8387912507488409,1300.260009765625,18.420000076293945,-2.7523883294603757,4970721.0,-2.181097157964307,3432251.0,-0.4461538461538517,2351319.0,-0.522584984736385,4655944.0,0.008304463476317192,-1258490.0,36967.20355918368,38374.19804444445,1561.3676662596906,0.11937939467794816,4.728655856156878,146685634.53259543,-64.15835237008399,425.9793144134889,-27919.380650038653,-0.009657663112178527,-0.0012248353901096465,18.229999542236328,8.69818910454984
2011-06-07,185.72,190.63,185.52,187.55,4863126,1.0016694490818212,191.20428571428573,195.96433333333334,2.1811931789987424,5.234045476527896,2011,6,158,1,1303,1.8300000000000125,5.109999999999985,2.7514538014214867,-1.396559048428203,38.68453865336661,-0.7374422610202487,0.3100278511762873,25929.75739802719,188.81465762143497,-0.7035342326131879,-0.5611233888217839,1286.31005859375,18.1299991607666,-1.396559048428203,3712231.0,0.6496881496881546,3043026.0,1.318703961263079,3407795.0,1.425153438052651,4073674.0,0.00664590286127531,1150895.0,36559.07887551021,38402.01993877778,1496.4935308238153,0.5438210883386566,4.75760368411064,188127785.72319216,-138.30729605434766,427.43606719370257,25973.045807707174,-0.01072858587290515,-0.009657663112178527,18.420000076293945,8.724772715994959
2011-06-08,187.6,189.81,186.32,188.05,3715290,0.26659557451347293,190.33571428571426,196.156,2.156360113657595,5.2367078849163455,2011,6,159,2,1304,0.45000000000001705,3.490000000000009,1.8603411513859323,1.0016694490818212,35.082508250825114,-0.996219222452055,-0.2360284310955546,19756.926349375164,188.2922946084018,-0.19731101712095195,-0.04498359128083962,1284.6300048828125,18.149999618530277,1.0016694490818212,4863126.0,-2.7523883294603757,4970721.0,-2.181097157964307,3432251.0,-0.4461538461538517,2351319.0,-0.024833065341147265,-1147836.0,36227.68413265305,38477.176336000004,1230.7823851692121,0.9924527391829769,4.649888939773397,130341692.07920805,-187.33902478210894,422.98297445461924,5267.109130732043,-0.0013061032211582058,-0.01072858587290515,18.1299991607666,8.625440454630393
2011-06-09,189.54,191.76,185.71,189.68,4178852,0.8667907471417102,189.3342857142857,195.92433333333332,1.5967199865031747,5.24533844175715,2011,6,160,3,1305,0.14000000000001478,6.049999999999983,3.1919383771235537,0.26659557451347293,34.889109566368774,-1.057583289414822,0.12477141757440191,22031.06284268241,187.91170334730384,1.4863868613978264,0.2819097912983466,1279.6300048828125,18.200000762939453,0.26659557451347293,3715290.0,-1.396559048428203,3712231.0,0.6496881496881546,3043026.0,1.318703961263079,3407795.0,-0.5596401271544205,463562.0,35847.47174693877,38386.34439211111,1217.249966334085,1.1184824140494753,2.5495147152986983,145796425.2896393,-200.60239833620346,312.8362988756435,19096.321421734658,-0.0038921712718800183,-0.0013061032211582058,18.149999618530277,6.386879946012698
2011-06-10,189.28,190.77,186.28,186.53,3753367,-1.6606916912695113,188.49571428571429,195.63966666666667,1.6172878880818418,5.228592084056471,2011,6,161,4,1306,-2.75,4.490000000000009,2.37214708368555,0.8667907471417102,31.74698795180724,-1.3448903699194261,-0.10181863344286901,20122.055433442343,187.6220060777639,0.7248963382142897,-1.816902415978177,1288.5999755859375,17.93000030517578,0.8667907471417102,4178852.0,1.0016694490818212,4863126.0,-2.7523883294603757,4970721.0,-2.181097157964307,3432251.0,0.020567901578667058,-425485.0,35530.634304081635,38274.879173444446,1007.8712440121942,1.8087301071020108,2.6156201129362238,119158096.92771089,-250.86240070107056,316.40566332836886,-33416.530269582225,0.007009815859973179,-0.0038921712718800183,18.200000762939453,6.469151552327389
2011-06-13,186.81,189.31,184.86,186.29,3868235,-0.12866563019353627,187.44428571428574,195.32233333333335,1.6143592060104177,5.227304599301617,2011,6,164,0,1309,-0.5200000000000102,4.449999999999989,2.382099459343712,-1.6606916912695113,33.98903579490488,-1.5738074230792165,0.03060398836564615,20764.587471147137,187.4523683991089,0.41898995888096585,-1.5813583579898705,1271.31005859375,19.100000381469727,-1.6606916912695113,3753367.0,0.26659557451347293,3715290.0,-1.396559048428203,3712231.0,0.6496881496881546,3043026.0,-0.002928682071424049,114868.0,35135.360246938784,38150.813898777786,1155.2545542673251,2.476869804939244,2.606155646030586,131477577.87810388,-293.18458484542725,315.32040695610215,-2671.688732683954,-0.013417598416704646,0.007009815859973179,17.93000030517578,6.457436824041679
2011-06-14,188.88,190.72,187.07,189.96,3953011,1.9700467013795686,187.67857142857142,194.948,1.5718649719305107,5.246813523680921,2011,6,165,1,1310,1.0800000000000125,3.6500000000000057,1.9324438797119894,-0.12866563019353627,44.78411597856919,-1.44245973056249,0.021915938406017244,20809.70204253527,187.5317457996835,0.3593360549734119,2.0689181453430763,1272.219970703125,18.559999465942383,-0.12866563019353627,3868235.0,0.8667907471417102,4178852.0,1.0016694490818212,4863126.0,-2.7523883294603757,4970721.0,-0.042494234079907045,84776.0,35223.246173469386,38004.722704,2005.6170439819361,2.080690074294411,2.4707594899821053,177032103.08855978,-274.0096504176506,306.4319325479092,40996.08486558828,0.0007157279242968606,-0.013417598416704646,19.100000381469727,6.2874598877220365
2011-06-15,188.09,192.45,185.3,185.98,6311318,-2.095177932196257,187.72,194.53233333333336,1.596400384475948,5.225639141050051,2011,6,166,2,1311,-2.1100000000000136,7.149999999999977,3.8013716837683966,1.9700467013795686,40.95100864553316,-1.6406065842252815,0.5965849829408518,33935.46617915905,187.89816019647873,-2.3958951345232364,0.47773493804450595,1287.8699951171875,19.309999465942383,1.9700467013795686,3953011.0,-1.6606916912695113,3753367.0,0.26659557451347293,3715290.0,-1.396559048428203,3712231.0,0.02453541254543734,2358307.0,35238.7984,37842.82871211112,1676.9851090865313,2.6915899642033456,2.5484941875549545,258454837.98270905,-305.12001253421784,310.5514917263366,-71100.83985736647,0.012301351004113892,0.0007157279242968606,18.559999465942383,6.385601537903767
2011-06-16,186.43,187.0,181.59,183.65,6025981,-1.2528228841810818,187.16285714285715,193.98833333333332,1.5966696276316958,5.213031772265676,2011,6,167,3,1312,-2.780000000000001,5.409999999999997,2.9018934720806717,-2.095177932196257,33.44998541848939,-1.9630224201807494,-0.045210366519322864,32812.311462020145,188.4761888838743,0.29619122320567814,-5.122380107079977,1265.530029296875,21.3700008392334,-2.095177932196257,6311318.0,-0.12866563019353627,3868235.0,0.8667907471417102,4178852.0,1.0016694490818212,4863126.0,0.00026924315574783364,-285337.0,35029.93509387755,37631.473469444434,1118.9015244971529,3.8534570221322864,2.549353899801538,201568976.5820941,-360.5090674661946,309.7352799482266,-41108.01468249605,-0.01734644483139758,0.012301351004113892,19.309999465942383,6.386678510526792
2011-06-17,186.51,187.39,184.64,186.37,6322114,1.4810781377620374,186.92285714285714,193.63033333333337,1.6121761205514458,5.227733945092574,2011,6,168,4,1313,-0.13999999999998636,2.75,1.474451772022948,-1.2528228841810818,39.26397343663533,-1.9762767370099255,0.049142703901655205,33922.38021140741,189.22396808366028,0.28448821984521416,-3.138456303505478,1268.5799560546875,21.559999465942383,-1.2528228841810818,6025981.0,1.9700467013795686,3953011.0,-1.6606916912695113,3753367.0,0.26659557451347293,3715290.0,0.015506492919749926,296133.0,34940.15452244898,37492.70598677779,1541.659610032805,3.905669741246598,2.59911184367631,248231316.15938035,-368.3186954765398,312.1661996144167,50241.695711967084,0.00240999951578158,-0.01734644483139758,21.3700008392334,6.4487044822057555
2011-06-20,185.96,188.85,185.57,187.72,2829729,0.7243655094704149,186.64285714285714,193.301,1.6188017295956485,5.234951490926217,2011,6,171,0,1316,1.759999999999991,3.280000000000001,1.7638201763820183,1.4810781377620374,37.160034354423146,-1.8564471933631523,-0.552407786382846,15074.20093756659,190.1933332515318,0.4269473750926547,-2.9002806266244647,1271.5,22.989999771118164,1.4810781377620374,6322114.0,-2.095177932196257,6311318.0,-0.12866563019353627,3868235.0,0.8667907471417102,4178852.0,0.006625609044202729,-3492385.0,34835.55612244898,37365.276601,1380.8681532219084,3.4463961817459254,2.620519039741863,105152826.85370746,-348.49226713813096,312.9159931325684,10919.231241999829,0.0023018209702712067,0.00240999951578158,21.559999465942383,6.475206918382582
2011-06-21,188.29,195.0,187.12,194.23,4175133,3.4679309610057496,187.74285714285716,193.082,1.7207587117219576,5.269043023844041,2011,6,172,1,1317,5.939999999999998,7.8799999999999955,4.185033724573794,0.7243655094704149,52.4629878869448,-1.22209131508302,0.4754533031254937,21495.81938938372,191.38628944097138,-0.17903283389718824,3.022743392925804,1278.4000244140625,19.459999084472656,0.7243655094704149,2829729.0,-1.2528228841810818,6025981.0,1.9700467013795686,3953011.0,-1.6606916912695113,3753367.0,0.1019569821263091,1345404.0,35247.38040816327,37280.658724,2752.365098025717,1.493507182401345,2.9610105439670114,219039952.00538352,-237.36679612857495,332.247533576699,74546.01759263151,0.005426680624508462,0.0023018209702712067,22.989999771118164,6.883034846887824
2011-06-22,193.76,195.2,191.32,191.63,3127354,-1.3386191628481647,188.50571428571428,192.67166666666668,1.7057263342275721,5.255566429480404,2011,6,173,2,1318,-2.1299999999999955,3.8799999999999955,2.00247729149463,3.4679309610057496,47.376623376623364,-0.9185692871987783,-0.25095703538066927,16319.751604654804,192.88484675883493,0.0010616048240210951,-1.2559083636589605,1295.47998046875,18.86000061035156,3.4679309610057496,4175133.0,1.4810781377620374,6322114.0,-2.095177932196257,6311318.0,-0.12866563019353627,3868235.0,-0.015032377494385463,-1047779.0,35534.40431836734,37122.37113611112,2244.5444425704154,0.8437695353848716,2.909502327277431,148163472.62337658,-176.02543250590188,328.64513569285003,-21845.932230913008,0.013360415932810898,0.005426680624508462,19.459999084472656,6.82290533691031
2011-06-23,189.18,194.46,188.3,194.16,4605738,1.320252570056879,189.1057142857143,192.33100000000002,1.7266478583505889,5.268682561418346,2011,6,174,3,1319,4.97999999999999,6.159999999999997,3.256158156253302,-1.3386191628481647,58.17927170868348,-0.4684757407117104,0.4727267843678713,23721.35352286774,194.76956295837672,0.7126623360537013,-1.3222252944304387,1286.5999755859375,20.229999542236328,-1.3386191628481647,3127354.0,0.7243655094704149,2829729.0,-1.2528228841810818,6025981.0,1.9700467013795686,3953011.0,0.020921524123016733,1478384.0,35760.97117551021,36991.213561000004,3384.827656552818,0.2194695196353857,2.981312826746675,267958482.52100843,-90.95924981658568,332.0879092444271,31318.177953793933,-0.006854606027643428,0.013360415932810898,18.86000061035156,6.906591433402355
2011-06-24,193.88,194.92,191.35,192.55,3601842,-0.8292130201895231,190.0442857142857,191.88033333333337,1.7205924788610039,5.260355860260918,2011,6,175,4,1320,-1.329999999999984,3.569999999999993,1.8413451619558454,1.320252570056879,59.890426758938894,-0.23893264029351258,-0.2179663715130995,18706.008828875616,196.94350354505562,-1.5307486845160498,-2.862754860539553,1283.0400390625,19.200000762939453,1.320252570056879,4605738.0,3.4679309610057496,4175133.0,1.4810781377620374,6322114.0,-2.095177932196257,6311318.0,-0.006055379489585011,-1003896.0,36116.83053265306,36818.06232011112,3586.863217367824,0.05708880659762907,2.960438478313054,215715854.49826998,-46.00647988851585,330.14785837467576,-15511.266076683834,-0.002766933461052057,-0.006854606027643428,20.229999542236328,6.8823699154440305
2011-06-27,194.5,202.58,194.03,201.25,6091508,4.518306933264071,192.5585714285714,191.83666666666667,1.900166713362216,5.304547916298673,2011,6,178,0,1323,6.75,8.550000000000011,4.39588688946016,-0.8292130201895231,66.49807321772639,0.6376487932568295,0.6912202145457795,30268.362732919253,199.23187343039666,0.5829870873591199,1.4351394822442103,1268.43994140625,21.600000381469727,-0.8292130201895231,3601842.0,-1.3386191628481647,3127354.0,0.7243655094704149,2829729.0,-1.2528228841810818,6025981.0,0.17957423450121213,2489666.0,37078.803430612235,36801.30667777778,4421.9937416701,0.40659598354189097,3.610633538569766,405073544.99036604,128.32681964293695,364.521648402363,136761.7531947009,-0.011379300108917967,-0.002766933461052057,19.200000762939453,7.600666853448843
2011-06-28,201.72,202.88,200.6,202.35,3821426,0.5465838509316701,194.8414285714286,192.16466666666665,1.6549302838268356,5.309998871321874,2011,6,179,1,1324,0.6299999999999955,2.280000000000001,1.1302795954788822,4.518306933264071,66.97530864197529,1.4049117535227253,-0.37266338647178987,18885.22856436867,201.62870716988704,1.3145403627056433,-0.5932475325926987,1280.2099609375,20.299999237060547,4.518306933264071,6091508.0,1.320252570056879,4605738.0,3.4679309610057496,4175133.0,1.4810781377620374,6322114.0,-0.24523642953538038,-2270082.0,37963.18228775511,36927.259115111105,4485.69196768785,1.9737770351862989,2.7387942443271704,255941185.80246907,284.28389332532345,318.0191263481559,10322.360954437403,0.00927913032934069,-0.011379300108917967,21.600000381469727,6.619721135307316
2011-06-29,202.78,206.25,201.03,204.18,4605493,0.9043736100815547,197.19285714285715,192.477,1.6496282084289446,5.31900195774087,2011,6,180,2,1325,1.4000000000000057,5.219999999999999,2.5742183647302492,0.5465838509316701,67.13137996219282,2.1360162180783675,0.20517654927767803,22556.043686942892,204.1228885736892,-0.41817499869798963,0.4752864250087896,1296.8499755859375,18.6200008392334,0.5465838509316701,3821426.0,-0.8292130201895231,3601842.0,-1.3386191628481647,3127354.0,0.7243655094704149,2829729.0,-0.00530207539789096,784067.0,38885.02290816327,37047.395529,4506.622175628304,4.562565283893812,2.72127322604449,309173100.49621934,436.1317914072411,317.515488673778,20399.090658317804,0.012997879376170474,0.00927913032934069,20.299999237060547,6.598512833715802
2011-06-30,200.72,205.2,200.5,204.49,4446007,0.15182681947301102,198.65857142857143,192.72366666666667,1.6387704380425456,5.320519074531723,2011,6,181,3,1326,3.7700000000000102,4.699999999999989,2.341570346751688,0.9043736100815547,72.74569402228978,2.7092061408147856,-0.03462951740454279,21741.92870066996,206.52522757153244,-0.8540867650318882,-1.1811408065005367,1307.6400146484375,16.670000076293945,0.9043736100815547,4605493.0,4.518306933264071,6091508.0,1.320252570056879,4605738.0,3.4679309610057496,4175133.0,-0.010857770386399013,-159486.0,39465.22800204082,37142.41169344445,5291.935998784607,7.339797913428544,2.685568548602157,323427864.8429585,554.0055637352156,315.8298476444989,3301.007883831695,0.008320190666329719,0.012997879376170474,18.6200008392334,6.555081752170167
2011-07-01,205.16,210.27,203.61,209.49,4005804,2.445107340212238,201.21,193.07966666666664,1.6875697249876032,5.344676005526054,2011,7,182,4,1327,4.3300000000000125,6.659999999999997,3.246246831741079,0.15182681947301102,76.22061482820979,3.5262728194166755,-0.09901086525504799,19121.69554632679,208.53435325847863,-0.012646743208881248,0.9682934847302533,1320.6400146484375,16.059999465942383,0.15182681947301102,4446007.0,0.5465838509316701,3821426.0,-0.8292130201895231,3601842.0,-1.3386191628481647,3127354.0,0.04879928694505753,-440203.0,40485.464100000005,37279.7576801111,5809.582124790314,12.43459999695683,2.8478915766947344,305324843.7613021,738.7188929395994,325.8353999773647,46754.5981376273,0.009941574022186206,0.008320190666329719,16.670000076293945,6.750278899950388
2011-07-05,208.74,214.45,208.73,213.19,3583177,1.7661940904100337,203.92857142857142,193.56433333333334,1.7109474409124856,5.362183786876451,2011,7,186,1,1331,4.449999999999989,5.719999999999999,2.74025102998946,2.445107340212238,76.23672916196071,4.421396025507391,-0.10550366418327006,16807.434682677424,210.10354968570803,-0.2172293642730591,3.3036796785650324,1339.5899658203125,16.31999969482422,2.445107340212238,4005804.0,0.9043736100815547,4605493.0,4.518306933264071,6091508.0,1.320252570056879,4605738.0,0.02337771592488247,-422627.0,41586.86224489795,37467.15113877778,5812.038873314151,19.548742814372556,2.9273411455649834,273169694.4883669,942.5974186779208,331.178400768598,29685.191811497505,0.01434906633275057,0.009941574022186206,16.059999465942383,6.843789763649966
2011-07-06,212.12,214.4,211.01,214.19,2607514,0.4690651531497725,207.01999999999998,194.16333333333333,1.6884557916897949,5.366863471583051,2011,7,187,2,1332,2.069999999999993,3.390000000000015,1.5981519894399467,1.7661940904100337,84.16081375635753,5.152089180985797,-0.27228992595118806,12173.836313553387,211.33583439233666,-1.0927767345616903,3.9469423422250145,1337.56005859375,16.459999084472656,1.7661940904100337,3583177.0,0.15182681947301102,4446007.0,0.5465838509316701,3821426.0,-0.8292130201895231,3601842.0,-0.022491649222690757,-975663.0,42857.280399999996,37699.40001111111,7083.042572132298,26.544022928830902,2.850882960490812,219450500.12109485,1103.5259816753478,327.8362047004629,5710.3223948371815,-0.001515319820509009,0.01434906633275057,16.31999969482422,6.753823166759162
2011-07-07,215.38,217.8,215.09,216.74,3141537,1.1905317708576613,209.2328571428571,194.94566666666665,1.660296715215454,5.378698478494849,2011,7,188,3,1333,1.3600000000000136,2.710000000000008,1.258241248026747,0.4690651531497725,89.85786557456039,5.869275109853675,0.2048015849579332,14494.495709144596,212.31338414808204,0.45199535281003034,3.9746204991079424,1339.6199951171875,15.300000190734863,0.4690651531497725,2607514.0,2.445107340212238,4005804.0,0.9043736100815547,4605493.0,4.518306933264071,6091508.0,-0.028159076474340905,534023.0,43778.388508163254,38003.812952111104,8074.436005615766,34.44839031514786,2.7565851825552263,282291809.44350773,1272.1066873096854,323.66765001215344,17256.157644296687,0.0015400703020418405,-0.001515319820509009,16.459999084472656,6.641186860861808
2011-07-08,214.3,218.32,213.25,218.28,3707096,0.7105287441173669,211.50857142857143,195.81300000000002,1.6520143469450304,5.385778642318031,2011,7,189,4,1334,3.9799999999999898,5.069999999999993,2.365842277181518,1.1905317708576613,89.56112075378134,6.487135594182007,0.1800262101003427,16983.214220267546,213.02774708211078,2.898184871565382,2.354068046323846,1352.3900146484375,17.139999389648438,1.1905317708576613,3141537.0,1.7661940904100337,3583177.0,0.15182681947301102,4446007.0,0.5465838509316701,3821426.0,-0.008282368270423612,565559.0,44735.8757877551,38342.730969000004,8021.194350673402,42.08292821730314,2.729151402512215,332011672.5018598,1416.0119574980486,323.48588531834724,12067.061871002905,0.009532568622292681,0.0015400703020418405,15.300000190734863,6.608057387780093
2011-07-11,216.34,217.5,211.0,212.55,4029808,-2.6250687190764066,212.7042857142857,196.39800000000002,1.7320440153368293,5.359177254804799,2011,7,192,0,1337,-3.789999999999992,6.5,3.004529906628455,0.7105287441173669,77.76783717289202,6.440192832967114,0.08705250686790955,18959.341331451422,213.42262283185275,-0.2651985831161561,-0.607424248736578,1343.31005859375,17.440000534057617,0.7105287441173669,3707096.0,0.4690651531497725,2607514.0,2.445107340212238,4005804.0,0.9043736100815547,4605493.0,0.08002966839179892,322712.0,45243.113161224486,38572.17440400001,6047.836498549445,41.476083725800976,2.9999764710641266,313389452.3820176,1368.8629866471601,340.16998052412265,-49769.57386348556,-0.006714007021892954,0.009532568622292681,17.139999389648438,6.928176061347301
2011-07-12,214.32,215.65,211.12,211.23,3983843,-0.6210303458009991,213.66714285714284,196.968,1.7349409829408486,5.352947587199152,2011,7,193,1,1338,-3.0900000000000034,4.530000000000001,2.113661814109743,-2.6250687190764066,71.50809716599191,6.224722660129572,-0.011406250620376923,18860.213984755956,213.47125738685122,-1.9609028654442866,-0.2803545214069345,1319.6099853515625,19.549999237060547,-2.6250687190764066,4029808.0,1.1905317708576613,3141537.0,1.7661940904100337,3583177.0,0.15182681947301102,4446007.0,0.0028969676040193626,-45965.0,45653.647936734684,38796.393024,5113.40796030094,38.74717219553058,3.010020214287758,284877032.33805674,1314.8481674991694,341.72785552789304,-11712.76521283383,-0.017643040108698327,-0.006714007021892954,17.440000534057617,6.939763931763366
2011-07-13,214.73,216.83,212.14,213.5,4228990,1.0746579557828095,214.23999999999998,197.52833333333334,1.7305482576657722,5.363636832668679,2011,7,194,2,1339,-1.2299999999999898,4.690000000000026,2.1841382200903583,-0.6210303458009991,77.90252615463129,6.166052608360815,0.06153530648672656,19807.91569086651,213.34697321038058,0.5405076153886101,-0.3874808257691882,1314.449951171875,19.07999992370605,-0.6210303458009991,3983843.0,0.7105287441173669,3707096.0,0.4690651531497725,2607514.0,2.445107340212238,4005804.0,-0.004392725275076392,245147.0,45898.777599999994,39017.442469444446,6068.803581273012,38.0202047690732,2.99479727211004,329449004.08267415,1316.452231885034,341.8323130896239,21286.73418466484,-0.0039102721538688545,-0.017643040108698327,19.549999237060547,6.922193030663095
2011-07-14,213.59,215.91,209.38,210.38,3899761,-1.4613583138173292,213.83857142857144,198.12766666666667,1.6998525569547136,5.348915419311128,2011,7,195,3,1340,-3.210000000000008,6.530000000000001,3.0572592349829115,1.0746579557828095,70.38712921065863,5.80092874890255,-0.07785050331166543,18536.747789713852,213.30832972004765,-0.6312279070547502,-2.2971018129929064,1317.739990234375,20.07999992370605,1.0746579557828095,4228990.0,-2.6250687190764066,4029808.0,1.1905317708576613,3141537.0,1.7661940904100337,3583177.0,-0.03069570071105865,-329229.0,45726.93463061225,39254.57229877778,4954.347958517953,33.6507743498441,2.8894987153854776,274492981.3976873,1220.3993901941183,336.7878207868045,-27088.830493633337,0.002502977811796425,-0.0039102721538688545,19.07999992370605,6.799410227818839
2011-07-15,213.08,214.53,209.29,212.87,4071458,1.1835725829451471,213.65,198.76833333333335,1.7062908432150363,5.360681650744587,2011,7,196,4,1341,-0.21000000000000796,5.240000000000009,2.4591702646893228,-1.4613583138173292,74.98770290211507,5.64738807555031,0.04402756989466794,19126.499741626343,213.42746037120912,-0.7361691784734414,0.17870880726431437,1308.8699951171875,20.25,-1.4613583138173292,3899761.0,-0.6210303458009991,3983843.0,0.7105287441173669,3707096.0,0.4690651531497725,2607514.0,0.006438286260322723,171697.0,45646.3225,39508.850336111114,5623.155586535878,31.892992075867838,2.9114284416394796,305309282.8824396,1202.1594996423946,339.1565870877808,22637.60070189638,-0.006731217981485016,0.002502977811796425,20.07999992370605,6.825163372860118
2011-07-18,212.63,213.39,208.29,211.53,2896318,-0.6294921783247975,212.9057142857143,199.54199999999997,1.615666925921466,5.354366832399059,2011,7,199,0,1344,-1.0999999999999943,5.099999999999994,2.398532662371253,1.1835725829451471,65.43543543543541,5.355840390438999,-0.28862879096382676,13692.2327802203,213.63262974420545,-0.651256122757562,-1.4513736214478854,1315.93994140625,21.25,1.1835725829451471,4071458.0,1.0746579557828095,4228990.0,-2.6250687190764066,4029808.0,1.1905317708576613,3141537.0,-0.09062391729357033,-1175140.0,45328.843175510214,39817.00976399999,4281.796210625036,28.68502628785777,2.61037961551652,189521829.4894894,1132.9209177895614,322.39340973222113,-8619.153438951076,0.005401564949488735,-0.006731217981485016,20.25,6.462667703685838
2011-07-19,214.18,218.4,213.77,218.06,4409233,3.0870325722119896,212.87428571428572,200.621,1.6506762551163772,5.384770254278235,2011,7,200,1,1345,3.8799999999999955,4.6299999999999955,2.1617331216733566,-0.6294921783247975,70.281435579654,5.587296302212906,0.5223580421763079,20220.274236448684,213.87705455227507,4.3333839970634065,-0.15043854933847456,1307.0699462890625,20.13999938964844,-0.6294921783247975,2896318.0,-1.4613583138173292,3899761.0,-0.6210303458009991,3983843.0,0.7105287441173669,3707096.0,0.035009329194911176,1512915.0,45315.46151836735,40248.785641,4939.4801871370555,31.21787996872201,2.7247320992050272,309887225.04518455,1218.3658316605463,331.1603209777027,62420.645186976006,-0.006740425484546675,0.005401564949488735,21.25,6.602705020465521
2011-07-20,220.03,220.2,214.41,215.55,3366310,-1.1510593414656434,213.30285714285716,201.55433333333335,1.676953118564189,5.373192901193144,2011,7,201,2,1346,-4.47999999999999,5.789999999999992,2.6314593464527527,3.0870325722119896,64.42527277340776,5.5047355914692275,-0.23653161445539395,15617.304569705404,214.15829422159996,0.5522077661966185,0.8394980122034212,1328.6600341796875,18.809999465942383,3.0870325722119896,4409233.0,1.1835725829451471,4071458.0,1.0746579557828095,4228990.0,-2.6250687190764066,4029808.0,0.026276863447811882,-1042923.0,45498.10886530613,40624.14928544445,4150.6157719279945,30.302113931988067,2.812171761862159,216875439.98985025,1186.545756741192,337.9971678434594,-17976.444313473487,0.01651792847959066,-0.006740425484546675,20.13999938964844,6.707812474256741
2011-07-21,216.81,217.09,211.07,213.21,4543651,-1.085594989561589,213.58571428571432,202.393,1.700843814519273,5.362277595506914,2011,7,202,3,1347,-3.5999999999999943,6.02000000000001,2.7766246944329183,-1.1510593414656434,60.52123552123551,5.190652577735932,0.3497422994317221,21310.684301862013,214.46566372676708,-3.2999333626032055,2.0442696358361445,1325.6500244140625,18.61000061035156,-1.1510593414656434,3366310.0,-0.6294921783247975,2896318.0,-1.4613583138173292,3899761.0,-0.6210303458009991,3983843.0,0.023890695955083974,1177341.0,45618.85734693879,40962.926449,3662.819949016859,26.942874182756675,2.892869681388471,274987372.29729724,1106.699036099078,344.23888215199923,-23134.77210223021,-0.0022654476601935425,0.01651792847959066,18.809999465942383,6.8033752580770965
2011-07-22,213.53,217.95,211.11,216.52,3588201,1.5524600159467106,214.0171428571429,203.28766666666667,1.711443569016549,5.377682921928777,2011,7,203,4,1348,2.990000000000009,6.839999999999975,3.203296960614422,-1.085594989561589,58.842767295597476,5.149468990591771,-0.21028243586490247,16572.14576020691,214.53402685708906,0.9111921978069002,1.0747809451040382,1343.800048828125,17.219999313354492,-1.085594989561589,4543651.0,3.0870325722119896,4409233.0,1.1835725829451471,4071458.0,1.0746579557828095,4228990.0,0.010599754497276015,-955450.0,45803.337436734706,41325.87541877778,3462.4712630038357,26.517030885066234,2.929039089928103,211139676.45283017,1114.9630258429304,347.9153697770465,25727.59367116203,0.013691414837852633,-0.0022654476601935425,18.61000061035156,6.845774276066209
2011-07-25,215.94,216.08,213.0,213.49,3338192,-1.3994088305930186,214.46142857142857,204.1863333333333,1.7009320669231704,5.363589993164233,2011,7,206,0,1351,-2.4499999999999886,3.0800000000000125,1.4263221265166308,1.5524600159467106,50.38382804503584,4.816809838378077,-0.0696753052574256,15636.292097990538,214.687031603298,0.16397133100589556,-1.3610029343038832,1344.3199462890625,19.26000022888184,1.5524600159467106,3588201.0,-1.1510593414656434,3366310.0,-0.6294921783247975,2896318.0,-1.4613583138173292,3899761.0,-0.010511502093378589,-250009.0,45993.70434489796,41692.0587201111,2538.53012847174,23.20165701909584,2.893169896287529,168190891.7093143,1028.3407323953359,347.30708199413004,-21881.565239659794,0.00038688602622904966,0.013691414837852633,17.219999313354492,6.803728267692691
2011-07-26,214.99,215.6,210.35,214.18,9693118,0.32320014988991286,214.64857142857144,205.11599999999999,1.6974920399801703,5.366816782972729,2011,7,207,1,1352,-0.8100000000000023,5.25,2.4419740453044327,-1.3994088305930186,49.9871034304875,4.556329763699182,1.9037029625617699,45256.877392847135,213.95499861708976,-0.5206778890950979,0.7456792720053613,1337.3900146484375,19.75,-1.3994088305930186,3338192.0,-1.085594989561589,4543651.0,3.0870325722119896,4409233.0,1.1835725829451471,4071458.0,-0.003440026943000163,6354926.0,46074.009216326536,42072.57345599999,2498.7105093702553,20.760140915571043,2.88147922579604,484530892.02992016,975.8747087890908,348.1827772725726,14627.029556917603,-0.0051549719691020846,0.00038688602622904966,19.26000022888184,6.789968159920704
2011-07-27,224.42,227.2,219.62,222.52,12944241,3.8939210010271674,216.21857142857147,206.20133333333334,1.78957094149965,5.405016985207093,2011,7,208,2,1353,-1.8999999999999773,7.579999999999984,3.377595579716596,0.32320014988991286,56.48563734290844,4.965625092498357,0.3354052844502666,58171.13517886033,213.04279529559605,-1.328098922969776,10.805303627373746,1331.9100341796875,20.8700008392334,0.32320014988991286,9693118.0,1.5524600159467106,3588201.0,-1.1510593414656434,3366310.0,-0.6294921783247975,2896318.0,0.09207890151947962,3251123.0,46750.47063061226,42518.98986844445,3190.6272260345722,24.657432559249315,3.2025641546599433,731163702.8052065,1104.9508955827343,369.0119142318165,226513.80492655447,-0.004097518606186457,-0.0051549719691020846,19.75,7.15828376599859
2011-07-28,223.27,225.95,220.23,223.9,5353617,0.6201689735753968,217.05285714285714,207.46533333333335,1.7187479767831852,5.411199523604709,2011,7,209,3,1354,0.6299999999999955,5.719999999999999,2.561920544632059,3.8939210010271674,56.32882882882883,5.3397952208453034,-0.5864093537813457,23910.75033497097,211.97709635519593,2.212945035737592,9.70995860906649,1304.8399658203125,22.82999992370605,3.8939210010271674,12944241.0,-1.3994088305930186,3338192.0,-1.085594989561589,4543651.0,3.0870325722119896,4409233.0,-0.07082296471646465,-7590624.0,47111.94279387755,43041.86453511112,3172.936957227498,28.513413000562345,2.954094607696293,301562975.6081081,1195.5801499472634,356.58062191931583,14828.705492656522,-0.020324246882070574,-0.004097518606186457,20.8700008392334,6.874991907132767
2011-07-29,221.11,225.75,219.51,222.52,5166268,-0.6163465832961124,218.04857142857145,208.76100000000002,1.6984553228785395,5.405016985207093,2011,7,210,4,1355,1.4099999999999966,6.240000000000009,2.8221247342951514,0.6201689735753968,62.446941323345804,5.462010618030575,-0.03499484554087451,23217.095092575946,210.82304838209203,2.040312612131843,9.656639005776128,1300.1199951171875,25.280000686645508,0.6201689735753968,5353617.0,0.32320014988991286,9693118.0,1.5524600159467106,3588201.0,-1.1510593414656434,3366310.0,-0.02029265390464574,-187349.0,47545.179502040824,43581.15512100001,3899.620480641394,29.833559991478747,2.884750483814444,322617634.6566791,1215.4066027241638,354.5712316594468,-14309.777234370122,-0.0036172793804316594,-0.020324246882070574,22.82999992370605,6.793821291514178
2011-08-01,225.32,227.45,217.66,221.32,5788056,-0.5392773683264518,219.20714285714286,209.926,1.7046470392038882,5.399609618029909,2011,8,213,0,1358,-4.0,9.789999999999992,4.344931652760515,-0.6163465832961124,62.63461056849486,5.3997917911184174,0.12035535129033192,26152.430869329477,209.73579085831975,-4.480242017929891,16.064451159610144,1292.5899658203125,22.6299991607666,-0.6163465832961124,5166268.0,3.8939210010271674,12944241.0,-1.3994088305930186,3338192.0,-1.085594989561589,4543651.0,0.006191716325348651,621788.0,48051.77147959184,44068.925476,3923.0944410670077,29.157751387429848,2.905821528266582,362532633.50864005,1195.0819192103281,357.8497343519154,-14103.414094551461,-0.005791795622831164,-0.0036172793804316594,25.280000686645508,6.818588156815565
2011-08-02,220.32,222.43,211.3,211.7,6578424,-4.346647388396896,218.51857142857145,210.72533333333334,1.9275534154477243,5.35517017814082,2011,8,214,1,1359,-8.620000000000005,11.129999999999995,5.051742919389976,-0.5392773683264518,48.096446700507606,4.522101350761346,0.13655154684059734,31074.274917335853,208.78332490012227,0.8303024393777974,2.086372660499933,1286.56005859375,24.21999931335449,-0.5392773683264518,5788056.0,0.6201689735753968,5353617.0,0.32320014988991286,9693118.0,1.5524600159467106,3588201.0,0.22290637624383614,790368.0,47750.36605918368,44405.16610844445,2313.268185214769,20.449400626557594,3.715462169404187,316398819.28934,957.328855956177,406.1843359880269,-135068.91591576504,-0.004664980686845843,-0.005791795622831164,22.6299991607666,7.710213661790874
2011-08-03,212.93,214.83,205.54,209.96,8199706,-0.8219178082191636,218.0142857142857,211.24966666666666,1.8512109392907432,5.346917036384099,2011,8,215,2,1360,-2.969999999999999,9.29000000000002,4.362936176208152,-4.346647388396896,49.54248366013073,3.644114808022806,0.24645446994599318,39053.65783958849,205.61440930523196,1.6230867181396293,2.722503976628417,1254.25,23.57999992370605,-4.346647388396896,6578424.0,-0.6163465832961124,5166268.0,3.8939210010271674,12944241.0,-1.3994088305930186,3338192.0,-0.07634247615698109,1621282.0,47530.2287755102,44626.42166677777,2454.4576872143202,13.279572734051094,3.4269819417497156,406233800.5228759,765.1183450924684,391.0676938548564,-32098.896854455732,-0.0251135253095498,-0.004664980686845843,24.21999931335449,7.404843757162951
2011-08-04,206.75,208.0,201.45,201.48,6533162,-4.038864545627751,216.2,211.578,1.9926830670853621,5.30569012087745,2011,8,216,3,1361,-5.27000000000001,6.550000000000011,3.1680773881499453,-0.8219178082191636,39.02486028136442,2.23823800322171,-0.20324436022462267,32425.858646019457,206.09387719038,-0.02145861262257126,-4.592418577757428,1260.22998046875,24.56999969482422,-0.8219178082191636,8199706.0,-0.5392773683264518,5788056.0,0.6201689735753968,5353617.0,0.32320014988991286,9693118.0,0.14147212779461893,-1666544.0,46742.439999999995,44765.250084,1522.9397199800142,5.009709359065908,3.9707858058487258,254955734.24551934,450.9601928891101,421.60789796778676,-130963.65084694506,0.0047677739435918465,-0.0251135253095498,23.57999992370605,7.9707322683414645
2011-08-05,204.57,207.32,194.84,202.7,10021980,0.6055191582291064,213.3685714285714,211.86266666666668,1.9829082047710858,5.311727053457954,2011,8,217,4,1362,-1.8700000000000045,12.47999999999999,6.100601261181986,-4.038864545627751,41.47189491983774,1.2085825236399614,0.534016759419099,49442.4272323631,204.5880266861812,-1.3594809585207195,-0.5285457276604859,1200.280029296875,28.479999542236328,-4.038864545627751,6533162.0,-4.346647388396896,6578424.0,-0.6163465832961124,5166268.0,3.8939210010271674,12944241.0,-0.009774862314276378,3488818.0,45526.14727346938,44885.78952711112,1719.918068242063,1.460671716447938,3.93192494854849,415630501.4487154,244.97967754182017,420.104220018015,29938.33691854435,-0.047570643534108115,0.0047677739435918465,24.56999969482422,7.931632819084371
2011-08-08,196.25,200.39,190.05,193.7,10415588,-4.440059200789348,209.0542857142857,211.90099999999998,2.1479094896723954,5.2663105704129505,2011,8,220,0,1365,-2.5500000000000114,10.339999999999975,5.268789808917185,0.6055191582291064,27.544247787610615,-0.3298493480965874,0.039274474704599216,53771.75012906557,203.28725323660862,1.4019940333280452,-10.98924726993667,1198.47998046875,36.900001525878906,0.6055191582291064,10021980.0,-0.8219178082191636,8199706.0,-0.5392773683264518,5788056.0,0.6201689735753968,5353617.0,0.1650012849013096,393608.0,43703.6943755102,44902.03380099999,758.6855861852923,0.10880059243974367,4.6135151758247295,286889536.72566366,-63.891818726308976,455.1441687710702,-238749.75390310338,-0.00149969072565459,-0.047570643534108115,28.479999542236328,8.591637958689603
2011-08-09,196.25,205.09,190.46,205.09,10485406,5.880227155394957,206.5642857142857,212.029,2.2573791359304574,5.323448907185641,2011,8,221,1,1366,8.840000000000003,14.629999999999995,7.454777070063693,-4.440059200789348,41.71419518377693,-0.622810508595677,0.006703222132058206,51125.87644448778,202.16161135544593,3.5715875387383846,-0.6431988941843088,1120.22998046875,42.119998931884766,-4.440059200789348,10415588.0,-4.038864545627751,6533162.0,-4.346647388396896,6578424.0,-0.6163465832961124,5166268.0,0.10946964625806199,69818.0,42668.80413265305,44956.296840999996,1740.0740798302384,0.38789292961720584,5.095760563334138,437390272.4651457,-127.7322072078874,478.62984081219895,300631.76701224444,-0.06529103637542188,-0.00149969072565459,36.900001525878906,9.029516543721854
2011-08-10,200.44,202.4,193.6,194.13,8742985,-5.343995319128192,202.68,211.75500000000002,2.462913323076751,5.268528037737284,2011,8,222,2,1367,-6.310000000000002,8.800000000000011,4.3903412492516525,5.880227155394957,36.701979369947026,-1.7195429219941332,-0.16617582571433098,45036.75372173286,201.15640381731936,-6.388366120736148,-0.6380376965832113,1171.77001953125,39.33000183105469,5.880227155394957,10485406.0,0.6055191582291064,10021980.0,-0.8219178082191636,8199706.0,-0.5392773683264518,5788056.0,0.20553418714629368,-1742421.0,41079.182400000005,44840.18002500001,1347.0352896720171,2.9568278605801215,6.0659420369889645,320884855.1017563,-333.81486744672105,521.5342107281175,-240676.20107766957,0.046008444659670245,-0.06529103637542188,42.119998931884766,9.851653292306992
2011-08-11,197.01,200.85,191.36,198.36,7400338,2.1789522484932933,200.7742857142857,211.561,2.4918160141911216,5.290083561620933,2011,8,223,3,1368,1.3500000000000227,9.48999999999998,4.817014364753049,-5.343995319128192,37.50344068263144,-2.2217743806739065,-0.15356848948042345,37307.612421859245,200.33092128771565,-0.602827884676869,-1.3680934030387846,1121.300048828125,41.93999862670898,-5.343995319128192,8742985.0,-4.440059200789348,10415588.0,-4.038864545627751,6533162.0,-4.346647388396896,6578424.0,0.028902691114370604,-1342647.0,40310.31380408163,44758.056721,1406.5080630356551,4.936281398618921,6.209147048579328,277538137.2144234,-440.7111661504761,527.1710877782879,81291.50597252652,-0.04307156682786162,0.046008444659670245,39.33000183105469,9.967264056764463
2011-08-12,200.26,204.56,197.21,202.3,5618677,1.986287557975408,199.68000000000004,211.488,2.5197044181814294,5.3097517441737,2011,8,224,4,1369,2.0400000000000205,7.349999999999994,3.6702287026865053,2.1789522484932933,42.39499796112547,-2.2756392057856942,-0.24075400339822317,27773.984181908058,199.63457605592953,2.8655704617615276,-0.20014651769105285,1172.8699951171875,37.08000183105469,2.1789522484932933,7400338.0,5.880227155394957,10485406.0,0.6055191582291064,10021980.0,-0.8219178082191636,8199706.0,0.027888403990307786,-1781661.0,39872.10240000001,44727.174144,1797.3358521238326,5.178533794908946,6.3489103550030155,238203799.95922256,-460.36181133044596,532.8872479923541,55167.119215929764,0.04599121024114683,-0.04307156682786162,41.93999862670898,10.078817672725734
2011-08-15,202.06,205.28,198.32,202.95,4782989,0.32130499258524736,199.89000000000001,211.27,2.477979687029834,5.312959643284906,2011,8,227,0,1372,0.8899999999999864,6.960000000000008,3.4445214292784363,1.986287557975408,42.36366109071127,-2.2400559296677613,-0.1487339457313528,23567.326927814735,199.45524778058274,-0.018654525668860833,3.5134067450861153,1178.8599853515625,34.72999954223633,1.986287557975408,5618677.0,-5.343995319128192,8742985.0,-4.440059200789348,10415588.0,-4.038864545627751,6533162.0,-0.041724731151595584,-835688.0,39956.01210000001,44635.0129,1794.6797810086439,5.017850568039699,6.140383329332473,202624924.9966,-454.6193509260721,523.5227684787931,7572.299803795614,0.005107122067502967,0.04599121024114683,37.08000183105469,9.91191874811932
2011-08-16,201.25,201.39,194.75,197.68,5200781,-2.596698694259658,199.17285714285714,210.75300000000001,2.4941164137791807,5.286649561680354,2011,8,228,1,1373,-3.569999999999993,6.639999999999986,3.2993788819875713,0.32130499258524736,32.37297757592961,-2.6070484520292894,0.0873495632124599,26309.090449210846,199.0822002524991,-0.008536960418484285,-1.3936632920805891,1204.219970703125,33.36000061035156,0.32130499258524736,4782989.0,2.1789522484932933,7400338.0,5.880227155394957,10485406.0,0.6055191582291064,10021980.0,0.016136726749346852,417792.0,39669.827022448975,44416.82700900001,1048.0096771316414,6.796701631228314,6.220616685482721,168364766.69032076,-515.3613379971499,525.6425165532037,-68316.78081662505,0.021512296342809156,0.005107122067502967,34.72999954223633,9.976465655116726
2011-08-17,198.7,199.6,193.74,195.93,3988741,-0.885269121813026,199.49142857142857,210.14433333333332,2.493446299056048,5.277757452582676,2011,8,229,2,1374,-2.769999999999982,5.859999999999985,2.949169602415695,-2.596698694259658,30.255541437244105,-3.0044693917481027,-0.23304961312541328,20357.990098504568,197.30315271313538,-1.0358255439320945,-0.3373271692032631,1192.8900146484375,32.09000015258789,-2.596698694259658,5200781.0,1.986287557975408,5618677.0,-5.343995319128192,8742985.0,-4.440059200789348,10415588.0,-0.0006701147231327198,-1212040.0,39796.83007346939,44160.64083211111,915.3977876607951,9.026836325951214,6.217274446276303,120681518.60793449,-588.6656879252058,523.9836102176005,-18022.300016381418,-0.009408543563741212,0.021512296342809156,33.36000061035156,9.973785196224185
2011-08-18,191.03,191.34,179.72,182.52,8261416,-6.844281120808448,196.2671428571429,209.00366666666667,2.7498837893430403,5.206859756059202,2011,8,230,3,1375,-8.509999999999991,11.620000000000005,6.08281421766215,-0.885269121813026,25.86290127926624,-4.351343696180237,1.071183864783399,45263.07253999561,196.62604683949166,4.058826291010655,-18.164873130502315,1189.6199951171875,36.77000045776367,-0.885269121813026,3988741.0,0.32130499258524736,4782989.0,2.1789522484932933,7400338.0,5.880227155394957,10485406.0,0.25643749028699236,4272675.0,38520.79136530613,43682.532680111115,668.8896625810713,18.934191962287485,7.561860854891639,213664186.4349506,-794.2072514268169,574.735794879923,-309793.1928552753,-0.002741258197398677,-0.009408543563741212,32.09000015258789,10.99953515737218
2011-08-19,179.94,190.0,177.55,178.93,7239575,-1.9669077361385123,194.0957142857143,207.692,2.7515378663240435,5.186994667903771,2011,8,231,4,1376,-1.009999999999991,12.449999999999989,6.918972990996992,-6.844281120808448,25.137829912023463,-5.643380901120736,-0.1236883604457154,40460.375565863746,196.5644704943826,-6.093593445221931,-11.540877049160656,1140.469970703125,45.34000015258789,-6.844281120808448,8261416.0,-2.596698694259658,5200781.0,1.986287557975408,5618677.0,-5.343995319128192,8742985.0,0.001654076981003172,-1021841.0,37673.14630408164,43135.966864,631.9104926858215,31.847747995134288,7.57096062981507,181987204.98533726,-1009.7701446375333,571.4724025325733,-79581.82570756704,-0.041315734953850325,-0.002741258197398677,36.77000045776367,11.00615146529617
2011-08-22,183.0,184.2,177.1,177.54,5313373,-0.7768401050690321,191.1214285714286,206.525,2.7257479142332373,5.179195935640173,2011,8,234,0,1379,-5.460000000000008,7.099999999999994,3.8797814207650245,-1.9669077361385123,27.823941833290064,-6.702231920363317,-0.2660656184927983,29927.75149262138,196.7575186116157,-0.9170658858414313,-18.300452725774278,1123.550048828125,38.79999923706055,-1.9669077361385123,7239575.0,-0.885269121813026,3988741.0,0.32130499258524736,4782989.0,2.1789522484932933,7400338.0,-0.025789952090806256,-1926202.0,36527.400459183686,42652.575625000005,774.1717391423089,44.91991271433696,7.4297016919468435,147838981.29057392,-1189.9142551413033,562.9350879870193,-23249.077614007878,-0.014835920549989168,-0.041315734953850325,45.34000015258789,10.902991656932954
2011-08-23,178.83,194.84,178.52,193.55,7343979,9.01768615523264,189.8714285714286,205.93566666666666,3.238400911962706,5.265535877023657,2011,8,235,1,1380,14.719999999999999,16.319999999999993,9.125985572890452,-0.7768401050690321,41.012159053565576,-6.178286343754394,0.38216891605388903,37943.57530353913,196.77818524405188,2.5491401461171397,-5.777325390169011,1124.3599853515625,41.88999938964844,-0.7768401050690321,5313373.0,-6.844281120808448,8261416.0,-2.596698694259658,5200781.0,1.986287557975408,5618677.0,0.5126529977294689,2030606.0,36051.15938775511,42409.49880544444,1681.9971902349607,38.171222145422036,10.487240466600888,301192434.83404547,-1195.807321833663,666.9022507389811,342163.25369475194,0.0007208726698755274,-0.014835920549989168,38.79999923706055,12.953603647850798
2011-08-24,193.41,196.31,190.17,193.73,6247157,0.09299922500645152,188.55428571428573,205.27666666666667,3.2296000040788124,5.266465437098854,2011,8,236,2,1381,0.3199999999999932,6.140000000000015,3.174603174603182,9.01768615523264,45.3307627424991,-5.683020876681837,-0.1493498279338762,32246.719661384403,196.7084578841757,-0.1524806114470813,-2.8259772727286077,1162.1600341796875,37.119998931884766,9.01768615523264,7343979.0,-1.9669077361385123,7239575.0,-0.885269121813026,3988741.0,0.32130499258524736,4782989.0,-0.00880090788389376,-1096822.0,35552.71866122449,42138.50987777778,2054.8780508167442,32.2967262848016,10.430316186345864,283188391.7821424,-1100.9716344395722,662.9615235039518,2998.9199375090525,0.033619169412459904,0.0007208726698755274,41.88999938964844,12.918400016315275
2011-08-25,194.41,196.99,191.07,192.03,3732924,-0.8775099365095684,187.74714285714285,204.665,3.2239484226289186,5.257651609822021,2011,8,237,3,1382,-2.3799999999999955,5.920000000000016,3.045110848207405,0.09299922500645152,43.60848208937344,-5.365841141776798,-0.4024603511645377,19439.275113263553,198.78887311821742,1.3457830681007372,-8.104656186318152,1176.68994140625,34.43000030517578,0.09299922500645152,6247157.0,-0.7768401050690321,5313373.0,-6.844281120808448,8261416.0,-2.596698694259658,5200781.0,-0.005651581449893861,-2514233.0,35248.989651020405,41887.762225,1901.699710139204,28.79225115878453,10.393843431771492,162787149.39499226,-1030.4024744553985,659.8294039173476,-17058.157070431935,0.012502501203991656,0.033619169412459904,37.119998931884766,12.895793690515688
2011-08-26,191.0,199.72,189.6,199.27,5282048,3.770244232671982,188.2242857142857,204.21166666666667,3.2974693119757816,5.294660689044493,2011,8,238,4,1383,8.27000000000001,10.120000000000005,5.2984293193717305,-0.8775099365095684,53.40839554522092,-4.478639456118657,0.41498942919813,26506.99051538114,199.13925690324956,1.3646026951131596,-1.2338595983626988,1158.8499755859375,41.18000030517578,-0.8775099365095684,3732924.0,9.01768615523264,7343979.0,-1.9669077361385123,7239575.0,-0.885269121813026,3988741.0,0.07352088934686307,1549124.0,35428.38173265306,41702.40480277778,2852.4567147147736,20.05821137790282,10.873303863422034,282105708.8728431,-892.4584844207648,673.381703980761,99937.82811610668,-0.015161144148977845,0.012502501203991656,34.43000030517578,13.189877247903098
2011-08-29,202.77,206.67,202.55,206.53,4510983,3.643298037838094,191.6542857142857,204.04500000000002,3.368348980929941,5.330445680299558,2011,8,241,0,1386,3.759999999999991,4.119999999999976,2.0318587562262547,3.770244232671982,50.928074245939676,-3.153354494920734,-0.14597841594775363,21841.780855081586,201.70116792362123,3.3024226511388997,1.5264094252398763,1177.9100341796875,33.810001373291016,3.770244232671982,5282048.0,0.09299922500645152,6247157.0,-0.7768401050690321,5313373.0,-6.844281120808448,8261416.0,0.07087966895415931,-771065.0,36731.36523265305,41634.36202500001,2593.668746399944,9.943644570636797,11.345774857331772,229735677.1461717,-651.2623038359792,687.2947678138498,79576.11733220839,0.016447390943864715,-0.015161144148977845,41.18000030517578,13.47339592371975
2011-08-30,205.5,212.49,204.32,210.92,5911001,2.1255991865588575,196.2242857142857,203.807,3.342188609692442,5.351478914662269,2011,8,242,1,1387,5.4199999999999875,8.170000000000016,3.9756690997566984,3.643298037838094,61.822278552316575,-1.7288907276583245,0.3103576315849561,28024.848283709463,204.20450533662293,-6.180105281532373,12.895599944909435,1209.760009765625,32.970001220703125,3.643298037838094,4510983.0,-0.8775099365095684,3732924.0,9.01768615523264,7343979.0,-1.9669077361385123,7239575.0,-0.026160371237498925,1400018.0,38503.97030408163,41537.293248999995,3821.994125400222,2.989063148182931,11.1702247027579,365431550.34502184,-364.6576322776938,681.1614339755874,59569.59471528823,0.027039395761764062,0.016447390943864715,33.810001373291016,13.36875443876977
2011-08-31,212.3,216.17,211.35,215.23,7401956,2.043428788166124,201.60857142857142,203.7963333333333,3.356995112527201,5.371707223776088,2011,8,243,2,1388,2.9299999999999784,4.819999999999993,2.270372114931697,2.1255991865588575,61.865241243494154,-0.24933773931701353,0.2522339278914012,34390.91204757701,206.59863611060925,-1.9825948476907116,10.613958737081447,1213.0,31.200000762939453,2.1255991865588575,5911001.0,3.770244232671982,5282048.0,0.09299922500645152,6247157.0,-0.7768401050690321,5313373.0,0.014806502834758817,1490955.0,40646.016073469385,41532.9454801111,3827.30807411573,0.062169308247719,11.269416185531513,457923793.613729,-53.66496163320082,684.1432949509642,70275.37972930804,0.0026782090730563812,0.027039395761764062,32.970001220703125,13.427980450108805
2011-09-01,215.28,217.64,211.62,212.54,5273100,-1.249825767783297,204.32142857142858,203.77399999999997,3.3590427365602014,5.359130205944549,2011,9,244,3,1389,-2.740000000000009,6.019999999999982,2.7963582311408315,2.043428788166124,57.33104238258877,0.6981107585494613,-0.28760722165870756,24809.91813305731,208.85034098420925,1.456453787612188,2.233205228178548,1219.1199951171875,31.90999984741211,2.043428788166124,7401956.0,3.643298037838094,4510983.0,-0.8775099365095684,3732924.0,9.01768615523264,7343979.0,0.002047624033000517,-2128856.0,41747.24617346939,41523.84307599999,3286.8484206741896,0.48735863120250417,11.283168106037847,302312319.58762884,148.37646062210248,684.4855745998184,-31008.07497928909,0.005045338101556052,0.0026782090730563812,31.200000762939453,13.436170946240793
2011-09-02,208.51,210.69,207.0,210.0,4228989,-1.1950691634515787,206.6457142857143,203.55666666666667,3.3539401363967376,5.3471075307174685,2011,9,245,4,1390,1.490000000000009,3.6899999999999977,1.7696992949978407,-1.249825767783297,54.914261815140115,1.2298369519371875,-0.19800705467372137,20138.042857142857,210.9420447637704,-0.2993535981589508,-0.6426911656114669,1203.9000244140625,34.290000915527344,-1.249825767783297,5273100.0,2.1255991865588575,5911001.0,3.770244232671982,5282048.0,0.09299922500645152,6247157.0,-0.005102600163463755,-1044111.0,42702.45123265306,41435.316544444446,3015.5761507017555,1.512498928350152,11.248914438532967,232231809.1593476,258.26575990680936,682.7168743644653,-24066.354030837752,-0.012484391006696627,0.005045338101556052,31.90999984741211,13.415760545586977
2011-09-06,204.73,216.6,204.47,216.18,6214781,2.942857142857136,210.0957142857143,203.64633333333333,3.3871348687965335,5.376111393988057,2011,9,249,1,1394,11.450000000000017,12.129999999999995,5.924876666829481,-1.1950691634515787,62.734030837004404,2.1254077649681733,0.46956660327090005,28748.17744472199,212.86199758326836,2.876736255035204,0.44126616169643285,1173.969970703125,39.84000015258789,-1.1950691634515787,4228989.0,2.043428788166124,7401956.0,3.643298037838094,4510983.0,-0.8775099365095684,3732924.0,0.03319473239979587,1985792.0,44140.2091612245,41471.82908011111,3935.5586250582196,4.517358167387005,11.47268261941731,389878262.89922905,459.4706506308197,689.7775965358951,84601.77933732452,-0.024860912952887837,-0.012484391006696627,34.290000915527344,13.548539475186146
2011-09-07,218.8,220.19,214.22,219.9,5293058,1.7207882320288581,213.04285714285714,203.83700000000002,3.3999420116539287,5.393172897560715,2011,9,250,2,1395,1.0999999999999943,5.969999999999999,2.728519195612431,2.942857142857136,66.06353035786088,3.099596775007001,-0.1483114207886006,24070.295588904046,214.46240499527556,1.3095462890322132,4.128048715692216,1165.8499755859375,34.2400016784668,2.942857142857136,6214781.0,-1.249825767783297,5273100.0,2.1255991865588575,5911001.0,3.770244232671982,5282048.0,0.01280714285739526,-921723.0,45387.25897959184,41549.52256900001,4364.390043344007,9.6075001676338,11.559605682609364,349678097.8689184,681.6013308240395,693.033979829502,41419.881390842216,-0.006916697462307497,-0.024860912952887837,39.84000015258789,13.599768046615736
2011-09-08,218.3,220.64,216.34,217.26,4396625,-1.200545702592093,214.57571428571427,203.66166666666666,3.33272089974341,5.381094793005605,2011,9,251,3,1396,-1.0400000000000205,4.299999999999983,1.9697663765460296,1.7207882320288581,77.20864661654133,3.6169289421313806,-0.16936013170458364,20236.697965571206,215.85073980938225,3.0963768161593195,-1.687116625541563,1197.97998046875,34.40999984741211,1.7207882320288581,5293058.0,-1.1950691634515787,4228989.0,2.043428788166124,7401956.0,3.643298037838094,4510983.0,-0.0672211119105186,-896433.0,46042.73716122448,41478.074469444444,5961.175112357959,13.082174972427628,11.107028595586526,339457465.93045104,785.8139819674637,678.7474929765758,-24295.08077722066,0.02755929626937159,-0.006916697462307497,34.2400016784668,13.330883598973628
2011-09-09,215.0,216.96,209.75,211.39,4568102,-2.701831906471508,214.64285714285714,203.24466666666666,3.3655257647493793,5.353704768627595,2011,9,252,4,1397,-3.6100000000000136,7.210000000000008,3.3534883720930266,-1.200545702592093,74.54627949183302,3.51276549538116,0.039001961732010315,21609.830171720518,217.2131172559823,-5.95828956351708,0.13517230753475928,1185.3699951171875,35.529998779296875,-1.200545702592093,4396625.0,2.942857142857136,6214781.0,-1.249825767783297,5273100.0,2.1255991865588575,5911001.0,0.03280486500596913,171477.0,46071.55612244898,41308.39452844444,5557.147786074484,12.339521425540447,11.326763673191895,340535008.4392014,742.5634980686234,684.025162214566,-58386.12865138516,-0.010526040131846326,0.02755929626937159,34.40999984741211,13.462103058997513
2011-09-12,208.71,216.66,208.65,216.56,5337533,2.4457164482709848,214.83285714285714,203.04599999999996,3.3967774121890026,5.377867645306046,2011,9,255,0,1400,7.849999999999994,8.009999999999991,3.837861147046136,-2.701831906471508,77.91130185979972,3.803546094133793,0.16843559973047895,24646.90155153306,218.56393743861236,-2.1522700933192778,0.1483326547069339,1153.5,42.560001373291016,-2.701831906471508,4568102.0,1.7207882320288581,5293058.0,-1.1950691634515787,4228989.0,2.043428788166124,7401956.0,0.03125164743962339,769431.0,46153.156508163265,41227.67811599999,6070.170957488832,14.466962890200433,11.538096787957418,415854144.7496424,823.6959421456143,689.7020664353281,60279.33252350006,-0.02688611593719037,-0.010526040131846326,35.529998779296875,13.587109648755984
2011-09-13,217.75,219.95,215.01,219.53,4833012,1.3714444033986029,215.83142857142857,202.98633333333333,3.404900030617489,5.391488897435831,2011,9,256,1,1401,1.7800000000000011,4.939999999999998,2.2686567164179094,2.4457164482709848,72.84558564896236,4.224943473850146,-0.09452325634333314,22015.268983737984,218.66980390192907,0.8363357722278272,0.023860325843088503,1162.5899658203125,38.68000030517578,2.4457164482709848,5337533.0,-1.200545702592093,4396625.0,2.942857142857136,6214781.0,-1.249825767783297,5273100.0,0.008122618428486383,-504521.0,46583.205559183676,41203.45152011111,5306.479348540311,17.85014735722894,11.593344218498977,352063589.5884628,927.5018408143226,691.1481725815985,30192.717437062303,0.007880334477947448,-0.02688611593719037,42.560001373291016,13.619600122469933
2011-09-14,220.29,224.99,216.72,222.57,5877010,1.3847765681228141,217.62714285714284,203.34866666666667,3.3104205125340953,5.405241658869544,2011,9,257,2,1402,2.280000000000001,8.27000000000001,3.754142267011671,1.3714444033986029,74.14601473543202,4.749457734609649,0.2160139474100209,26405.220829401987,219.2965059273,-0.2902539153316404,3.5637479880316505,1173.3199462890625,36.59000015258789,1.3714444033986029,4833012.0,-2.701831906471508,4568102.0,1.7207882320288581,5293058.0,-1.1950691634515787,4228989.0,-0.09447951808339372,1043998.0,47361.57330816326,41350.68023511111,5497.631501146902,22.55734877284342,10.958883969806502,435756870.06028134,1057.0868079920697,673.1695973297916,36565.331080664335,0.009229376464795935,0.007880334477947448,38.68000030517578,13.241682050136376
2011-09-15,223.8,227.2,221.25,226.78,5602779,1.891539740306425,219.14142857142855,203.90933333333334,3.3180394830137554,5.423980384543694,2011,9,258,3,1403,2.9799999999999898,5.949999999999989,2.658623771224302,1.3847765681228141,77.92061706572392,5.442117537374429,-0.04666165277921941,24705.789752182733,221.34878201964386,4.314887277721071,1.1163307026350537,1189.43994140625,33.43000030517578,1.3847765681228141,5877010.0,2.4457164482709848,5337533.0,-1.200545702592093,4396625.0,2.942857142857136,6214781.0,0.007618970479660092,-274231.0,48022.96571632652,41579.01622044444,6071.622563903185,29.61664329059832,11.00938601083819,436571996.9628796,1234.163415125773,676.5792189550128,46731.98313190886,0.013738788953661984,0.009229376464795935,36.59000015258789,13.272157932054995
2011-09-16,227.34,240.44,226.74,239.3,11744615,5.520769027251093,221.91285714285715,205.17,3.3448998619073174,5.477717994914328,2011,9,259,4,1404,11.960000000000008,13.699999999999989,6.026216239992957,1.891539740306425,79.64745963560954,6.921527724299835,1.0962124331514773,49079.04304220643,221.6646684369679,-0.6136750441326643,18.249006607164773,1209.2099609375,31.809999465942383,1.891539740306425,5602779.0,1.3714444033986029,4833012.0,-2.701831906471508,4568102.0,1.7207882320288581,5293058.0,0.026860378893561965,6141836.0,49245.316165306125,42094.728899999995,6343.71782640605,47.90754603825126,11.18835508618759,935428749.1482743,1656.3215844249507,686.2731046675243,270954.0607145365,0.016621284390262225,0.013738788953661984,33.43000030517578,13.379599447629289
2011-09-19,237.02,244.0,232.88,241.69,8202463,0.9987463435018773,225.40285714285716,206.46966666666668,3.3455758006410576,5.487655913249886,2011,9,262,0,1407,4.6699999999999875,11.120000000000005,4.6915872078305645,5.520769027251093,78.06513409961684,8.192387241414622,-0.30159796638714853,33937.94943936448,222.26109792806014,3.101954668699269,16.32694740324058,1214.989990234375,34.79999923706055,5.520769027251093,11744615.0,1.3847765681228141,5877010.0,2.4457164482709848,5337533.0,-1.200545702592093,4396625.0,0.0006759387337402778,-3542152.0,50806.44800816327,42629.72325344445,6094.16516199116,67.11520871329307,11.192877437835055,640326374.0421455,1980.0180723775,690.7599203664257,33895.40290851686,0.004780004700253748,0.016621284390262225,31.809999465942383,13.38230320256423
2011-09-20,240.81,241.05,231.03,233.25,7371417,-3.492076627084284,228.52571428571426,207.788,3.300088247880552,5.452110839727453,2011,9,263,1,1408,-7.560000000000002,10.02000000000001,4.160956770898223,0.9987463435018773,66.74164042585096,8.421438005633718,-0.10131664111133454,31603.073954983924,222.932698729698,-5.397587200462644,15.714888470764663,1204.5,32.41999816894531,0.9987463435018773,8202463.0,1.891539740306425,5602779.0,1.3714444033986029,4833012.0,-2.701831906471508,4568102.0,-0.04548755276050542,-831046.0,52224.002089795904,43175.852944000006,4454.4465667335835,70.920618082732,10.890582443799333,491980462.843005,1964.3004148140647,685.7187368506043,-110360.35590221544,-0.008633807947957983,0.004780004700253748,34.79999923706055,13.200352991522209
2011-09-21,234.83,240.52,231.81,231.87,5874839,-0.5916398713826321,230.71285714285713,208.68066666666667,3.1563927723263596,5.446176869786889,2011,9,264,2,1409,-2.960000000000008,8.710000000000008,3.7090661329472416,-3.492076627084284,63.048933500627356,8.394837459017538,-0.20302446598801827,25336.7792297408,223.47708488339524,-1.2842487053461056,9.67716382195087,1203.6300048828125,33.0,-3.492076627084284,7371417.0,5.520769027251093,11744615.0,1.3847765681228141,5877010.0,2.4457164482709848,5337533.0,-0.1436954755541926,-1496578.0,53228.4224510204,43547.620640444446,3975.1680155665304,70.47329596332403,9.962815333194083,370402333.43789214,1946.5109616223965,658.678147990913,-14990.248804733992,-0.000722287353414286,-0.008633807947957983,32.41999816894531,12.625571089305424
2011-09-22,224.82,228.79,219.0,223.23,8243864,-3.726225902445346,231.24142857142857,209.65066666666664,3.0663898514734957,5.408202630077279,2011,9,265,3,1410,-1.5900000000000034,9.789999999999992,4.354594786940661,-0.5916398713826321,57.667479558169546,7.589098142335132,0.40324934862044737,36929.91085427586,223.76414040986367,0.4250956681257627,-0.9592360779894307,1164.550048828125,41.0,-0.5916398713826321,5874839.0,0.9987463435018773,8202463.0,1.891539740306425,5602779.0,1.3714444033986029,4833012.0,-0.09000292085286388,2369025.0,53472.5982877551,43953.40203377776,3325.5381985919025,57.594410613994555,9.402746721219648,475402858.70032984,1694.1143783134714,642.8706766213193,-137609.19040020026,-0.032468412964241744,-0.000722287353414286,33.0,12.26555940589401
2011-09-23,220.7,224.49,219.06,223.61,6464173,0.1702280159476821,231.39000000000001,210.49233333333333,3.050619636566597,5.409903463000054,2011,9,266,4,1411,2.910000000000025,5.430000000000007,2.460353420933397,-3.726225902445346,60.0740192450037,6.901648841318007,-0.21588068410638506,28908.246500603727,224.9348818642211,0.023033262968865265,-1.3479151271899354,1128.8199462890625,42.16999816894531,-3.726225902445346,8243864.0,-3.492076627084284,7371417.0,5.520769027251093,11744615.0,1.3847765681228141,5877010.0,-0.015770214906898783,-1779691.0,53541.33210000001,44307.02239211111,3608.8877882490747,47.63275672886619,9.306280167005717,388328853.2050333,1543.2776974071196,642.1320454133884,4920.993446324297,-0.030681465837399946,-0.032468412964241744,41.0,12.202478546266377
2011-09-26,227.48,230.24,221.4,229.85,5787763,2.7905728724117784,231.82857142857142,211.41066666666666,3.068117938486556,5.437426922252237,2011,9,269,0,1414,2.3700000000000045,8.840000000000003,3.8860559170036946,0.1702280159476821,60.10945126460581,6.782175470534611,-0.10463983559845935,25180.609092886665,225.10220730279497,4.836449710820509,-0.08865701361548872,1136.9100341796875,40.9900016784668,0.1702280159476821,6464173.0,-0.5916398713826321,5874839.0,0.9987463435018773,8202463.0,1.891539740306425,5602779.0,0.017498301919959047,-676410.0,53744.486530612245,44694.46998044444,3613.146131332021,45.99790411312137,9.413347684462995,347899257.9795887,1558.8830319023803,648.6328587874018,70268.32464541489,0.007166854126932076,-0.030681465837399946,42.16999816894531,12.272471753946206
2011-09-27,234.42,234.75,222.4,224.21,7833910,-2.453774200565584,229.67285714285714,212.11933333333334,3.1142911558772197,5.41258311267638,2011,9,270,1,1415,-10.20999999999998,12.349999999999994,5.268321815544747,2.7905728724117784,53.09938156191572,6.161366698889083,0.35352985255270464,34940.05619731502,225.23339818438802,-3.3712908411295546,2.34789265674155,1163.3199462890625,36.59000015258789,2.7905728724117784,5787763.0,-3.726225902445346,8243864.0,-3.492076627084284,7371417.0,5.520769027251093,11744615.0,0.04617321739066371,2046147.0,52749.62130816327,44994.61157377778,2819.544322257915,37.96243959817935,9.69880940357507,415975776.2117072,1381.4400275579212,660.601363790572,-85735.00846328323,0.023229553188375718,0.007166854126932076,40.9900016784668,12.457164623508902
2011-09-28,226.68,235.81,225.6,229.71,14421030,2.4530574015432016,227.96142857142857,213.18699999999998,3.0842294221289897,5.436817643793142,2011,9,271,2,1416,3.030000000000001,10.210000000000008,4.504146814893245,-2.453774200565584,58.59925404061336,6.043509493766379,0.8408470355161088,62779.28692699491,225.47466662210576,4.43743494977579,-0.20210157188154199,1175.3900146484375,37.70000076293945,-2.453774200565584,7833910.0,0.1702280159476821,6464173.0,-0.5916398713826321,5874839.0,0.9987463435018773,8202463.0,-0.03006173374823007,6587120.0,51966.41291632653,45448.69696899999,3433.872574116341,36.52400700124436,9.512471128326121,845061600.4973065,1388.254565813075,657.5176178154129,154001.1944598692,0.010375536324188417,0.023229553188375718,36.59000015258789,12.336917688515939
2011-09-29,234.18,234.3,216.29,222.44,9356452,-3.164860040921169,226.41714285714284,214.07066666666668,3.1481618709445462,5.404657402319363,2011,9,272,3,1417,-11.740000000000009,18.01000000000002,7.690665300196438,2.4530574015432016,57.487464426074006,5.302356304638721,-0.3511939161072406,42062.81244380507,227.1708296848683,-4.398098322096075,-0.33273136277222193,1151.739990234375,38.619998931884766,2.4530574015432016,14421030.0,2.7905728724117784,5787763.0,-3.726225902445346,8243864.0,-3.492076627084284,7371417.0,0.0639324488155566,-5064578.0,51264.72257959183,45826.25032711112,3304.808566139124,28.114982381341992,9.910923165669066,537878701.504269,1179.456136403837,673.9291104876797,-133122.91431216037,-0.020121001641430714,0.010375536324188417,37.70000076293945,12.592647483778194
2011-09-30,218.19,223.0,215.21,216.23,6549941,-2.791764071210212,224.18285714285713,215.19433333333333,2.9006437645347964,5.376342655985804,2011,9,273,4,1418,-1.960000000000008,7.789999999999992,3.5702827810623736,-3.164860040921169,49.77950020045435,4.165870400853379,-0.29995461955023117,30291.546038940018,228.08723970331462,-0.3064216337422204,-11.550818069572415,1159.9300537109375,40.93000030517578,-3.164860040921169,9356452.0,-2.453774200565584,7833910.0,0.1702280159476821,6464173.0,-0.5916398713826321,5874839.0,-0.2475181064097498,-2806511.0,50257.953436734686,46308.60109877778,2477.998640207035,17.35447619670629,8.413734248734595,326052789.32246417,900.7861567765261,624.2021011465558,-84566.84989292276,0.007111035082576045,-0.020121001641430714,38.619998931884766,11.602575058139166
2011-10-03,217.24,221.6,211.39,211.98,6620218,-1.9654996993941687,222.57571428571427,216.29599999999996,2.900600700186048,5.356491930599109,2011,10,276,0,1421,-5.260000000000019,10.210000000000008,4.699871110292767,-2.791764071210212,45.040073577716456,2.8889555713821835,0.010729409623689845,31230.389659401833,229.08600049380138,1.076630418306623,-18.18263091210801,1131.2099609375,44.25,-2.791764071210212,6549941.0,2.4530574015432016,14421030.0,2.7905728724117784,5787763.0,-3.726225902445346,8243864.0,-4.306434874834508e-05,70277.0,49539.94858979591,46783.959615999986,2028.608227886112,8.346064293420158,8.413484421919792,298175105.8205229,612.4008020215953,627.3883290474414,-61383.32148751706,-0.024760193669914776,0.007111035082576045,40.93000030517578,11.602402800744187
2011-10-04,209.81,215.0,200.43,212.5,8706354,0.2453061609585916,220.98857142857145,217.4613333333333,2.8897736783742207,5.358941988364472,2011,10,277,1,1422,2.6899999999999977,14.569999999999993,6.944378246985364,-1.9654996993941687,43.158037776871865,1.8970826357978297,0.31511590705925396,40971.077647058824,230.0060894776863,0.9650884010786549,-18.471177878764934,1097.4200439453125,46.18000030517578,-1.9654996993941687,6620218.0,-3.164860040921169,9356452.0,-2.453774200565584,7833910.0,0.1702280159476821,6464173.0,-0.010827021811827375,2086136.0,48835.94870204083,47289.431495111094,1862.616224749899,3.598922527045641,8.350791912224475,375749154.8308195,403.1300601070388,628.4140371308291,10050.457767936367,-0.029870597111948838,-0.024760193669914776,44.25,11.559094713496904
2011-10-05,212.97,220.17,208.48,219.5,6495949,3.294117647058825,219.51,218.32633333333334,2.4771141466838595,5.391352232515226,2011,10,278,2,1423,6.530000000000001,11.689999999999998,5.48903601446213,0.2453061609585916,45.234354543074105,1.6567595935502766,-0.25388411727802473,29594.300683371297,230.88275257510406,3.012495039560351,-14.395247614664413,1124.030029296875,40.72999954223633,0.2453061609585916,8706354.0,-2.791764071210212,6549941.0,2.4530574015432016,14421030.0,2.7905728724117784,5787763.0,-0.4126595316903612,-2210405.0,48184.6401,47666.387826777776,2046.146830928529,2.7448523508208775,6.136094495701306,293840060.1597277,363.6587307842857,540.8192488936158,97487.10813345845,0.024247766840395535,-0.029870597111948838,46.18000030517578,9.90845658673544
2011-10-06,220.23,223.62,217.55,221.51,6848614,0.9157175398633255,219.1242857142857,219.25233333333333,2.477581572651277,5.4004677351929695,2011,10,279,3,1424,1.2800000000000011,6.069999999999993,2.756209417427232,3.294117647058825,36.496128738424154,1.6099337388714332,0.05428998903778348,30917.854724391676,231.87223187690174,-10.099031834851552,-0.26320004205018677,1144.1099853515625,38.2400016784668,3.294117647058825,6495949.0,-1.9654996993941687,6620218.0,-3.164860040921169,9356452.0,-2.453774200565584,7833910.0,0.0004674259674173342,352665.0,48015.45258979591,48071.585672111105,1331.9674128916295,2.591886643556552,6.138410449141174,249947898.22377402,356.6164224974112,543.215540827462,28312.021866071642,0.01786425231650468,0.024247766840395535,40.72999954223633,9.910326290605099
2011-10-07,222.66,227.9,218.41,224.74,6781980,1.4581734458940954,218.41428571428568,220.34266666666664,2.4702287964510394,5.4149441784797565,2011,10,280,4,1425,2.0800000000000125,9.490000000000009,4.262103655798082,0.9157175398633255,37.295757757457665,1.812563810118803,-0.009729559878830951,30177.004538577912,234.082920305635,6.70869215977016,-16.051612465405157,1165.030029296875,35.66999816894531,0.9157175398633255,6848614.0,0.2453061609585916,8706354.0,-2.791764071210212,6549941.0,2.4530574015432016,14421030.0,-0.007352776200237443,-66634.0,47704.80020408162,48550.89075377777,1390.9735467029636,3.2853875657523925,6.1020303068159505,252939083.19592273,407.35559068609984,544.2968002868125,44003.30669477991,0.018284993762102575,0.01786425231650468,38.2400016784668,9.880915185804156
2011-10-10,226.06,232.8,224.1,231.32,5141289,2.927827712022779,219.68285714285713,221.411,2.4369845895636226,5.443802033290018,2011,10,283,0,1428,5.259999999999991,8.700000000000017,3.8485357869592214,1.4581734458940954,48.51195065535851,2.4755638510092695,-0.24191917404651742,22225.87324917863,234.33303672852253,-3.6369297520479087,0.623893023525369,1158.1500244140625,35.45000076293945,1.4581734458940954,6781980.0,3.294117647058825,6495949.0,-1.9654996993941687,6620218.0,-3.164860040921169,9356452.0,-0.033244206887416805,-1640691.0,48260.557722448975,49022.830921,2353.409356387939,6.128416380423844,5.938893889770578,249413958.2729375,572.6474300154642,539.5751949598713,65073.527622850954,-0.005905431370695879,0.018284993762102575,35.66999816894531,9.747938358254487
2011-10-11,230.86,236.75,229.0,235.48,5000538,1.7983745460833367,222.43285714285713,222.376,2.378203097760144,5.461625984160061,2011,10,284,1,1429,4.619999999999976,7.75,3.357012908256086,2.927827712022779,52.668933905071704,3.298648625484617,-0.02737659758087907,21235.51044674707,234.57557492882344,1.31077679886435,-0.4063517276877917,1194.5999755859375,33.95000076293945,2.927827712022779,5141289.0,0.9157175398633255,6848614.0,0.2453061609585916,8706354.0,-2.791764071210212,6549941.0,-0.05878149180347858,-140751.0,49476.37593673469,49451.085376,2774.016598696812,10.881082754411553,5.655849974195945,263373005.41179946,776.7657783291176,528.8552920675098,38189.40146051672,0.03147256435133783,-0.005905431370695879,35.45000076293945,9.512812391040598
2011-10-12,236.77,241.84,234.33,236.81,6509757,0.5648038049940629,225.98,223.239,2.3576176976256833,5.46725813184793,2011,10,285,2,1430,0.03999999999999204,7.509999999999991,3.171854542382899,1.7983745460833367,61.25663129973476,4.01202104280307,0.30181132510141917,27489.36700308264,234.93521472769018,0.8840320906010942,0.9907531817087261,1196.18994140625,31.56999969482422,1.7983745460833367,5000538.0,1.4581734458940954,6781980.0,3.294117647058825,6495949.0,-1.9654996993941687,6620218.0,-0.020585400134460752,1509219.0,51066.960399999996,49835.651121,3752.374878191644,16.096312847894634,5.5583612081578275,398765784.3998674,950.0867031461951,526.31221720026,15526.099080219316,0.0013309608679110685,0.03147256435133783,33.95000076293945,9.430470790502739
2011-10-13,237.0,239.68,235.23,236.15,4826981,-0.27870444660276217,229.35857142857142,223.93633333333335,2.3403155646694884,5.4644671963421265,2011,10,286,3,1431,-0.8499999999999943,4.450000000000017,1.8776371308016948,0.5648038049940629,60.34653465346535,4.472560446197292,-0.25850058612018856,20440.3175947491,235.20523757093025,1.1871356687743178,-0.2423732397045626,1206.9599609375,31.989999771118164,0.5648038049940629,6509757.0,2.927827712022779,5141289.0,0.9157175398633255,6848614.0,0.2453061609585916,8706354.0,-0.01730213295619487,-1682776.0,52605.3542877551,50147.481386777785,3641.704244681894,20.00379694488852,5.477076942234267,291291576.1881188,1056.1951493694905,524.0816863950148,-5696.807403629251,0.009003603155689932,0.0013309608679110685,31.56999969482422,9.361262258677982
2011-10-14,240.8,246.71,240.18,246.71,5919183,4.47173406733008,233.24571428571429,225.07533333333333,2.437723159182904,5.508213557776617,2011,10,287,4,1432,5.909999999999997,6.530000000000001,2.711794019933555,-0.27870444660276217,62.98521256931609,5.624805728671987,0.22627020906028017,23992.47294394228,235.3515338463111,1.645517031171704,9.712949122517216,1205.6500244140625,29.06999969482422,-0.27870444660276217,4826981.0,1.7983745460833367,5000538.0,1.4581734458940954,6781980.0,3.294117647058825,6495949.0,0.09740759451341541,1092202.0,54403.56323265306,50658.90567511111,3967.1370024019334,31.638439485301202,5.942494200816677,372820999.4916821,1387.695821320666,548.6713526274784,107287.95862292191,-0.0010853189549221431,0.009003603155689932,31.989999771118164,9.750892636731635
2011-10-17,244.34,246.71,240.67,242.33,4755857,-1.7753637874427408,236.22,226.153,2.4541046083148337,5.490300433612623,2011,10,290,0,1435,-2.009999999999991,6.0400000000000205,2.471965294262102,4.47173406733008,64.23185673892553,6.114059944529117,-0.19653489341349983,19625.53955350142,235.3311414192635,-4.864444349381076,11.863302930117584,1224.469970703125,30.350000381469727,4.47173406733008,5919183.0,0.5648038049940629,6509757.0,2.927827712022779,5141289.0,0.9157175398633255,6848614.0,0.01638144913192985,-1163326.0,55799.888399999996,51145.179409,4125.731420129853,37.38172900529539,6.022629428552103,305477525.4948161,1481.620146357741,555.0031194842246,-34842.4722323116,0.015609792151921376,-0.0010853189549221431,29.06999969482422,9.816418433259344
2011-10-18,242.55,244.61,236.62,243.88,4601232,0.6396236536953648,238.95428571428573,227.07633333333334,2.4109363134062525,5.496676301039615,2011,10,291,1,1436,1.329999999999984,7.990000000000009,3.294166151309012,-1.7753637874427408,61.86568414001004,6.551349601459577,-0.03251254190359387,18866.786944398886,235.10743785589872,6.196551440385199,2.576010703716065,1200.75,33.369998931884766,-1.7753637874427408,4755857.0,-0.27870444660276217,4826981.0,1.7983745460833367,5000538.0,1.4581734458940954,6781980.0,-0.043168294908581206,-154625.0,57099.1506612245,51563.661160111114,3827.36287411149,42.920181600544566,5.812613907300932,284658365.5669067,1597.7431408039618,547.466577948476,12067.643198868422,-0.019371623045605912,0.015609792151921376,30.350000381469727,9.643745253625013
2011-10-19,240.67,243.33,229.25,231.53,6710902,-5.06396588486141,238.98428571428573,227.46399999999997,2.5968044913900044,5.444709454763107,2011,10,292,2,1437,-9.139999999999986,14.080000000000013,5.850334482901904,0.6396236536953648,57.01497144621084,5.834111018126322,0.4585011144841207,28985.021379518854,234.77903356484674,-3.5605192712225855,0.3114857063758336,1223.4599609375,32.91999816894531,0.6396236536953648,4601232.0,4.47173406733008,5919183.0,0.5648038049940629,6509757.0,2.927827712022779,5141289.0,0.18586817798375188,2109670.0,57113.488818367354,51739.87129599998,3250.706969012238,34.03685137182295,6.7433935665033,382621885.90831923,1350.7717240267873,590.6795368295359,-146779.15943786208,0.018913146731209585,-0.019371623045605912,33.369998931884766,10.387217965560012
2011-10-20,232.57,234.74,229.8,233.61,4524091,0.8983717012914116,238.71714285714285,228.00900000000001,2.585894701036252,5.453653058257005,2011,10,293,3,1438,1.0400000000000205,4.939999999999998,2.1240916713247615,-5.06396588486141,64.32575008242665,5.371612287388018,-0.3258594746280008,19365.998887033944,234.1331033306844,-1.2374780864957764,0.7143747558113773,1209.9200439453125,34.439998626708984,-5.06396588486141,6710902.0,-1.7753637874427408,4755857.0,-0.27870444660276217,4826981.0,1.7983745460833367,5000538.0,-0.010909790353752502,-2186811.0,56985.87429387755,51988.104081000005,4137.802123666813,28.854218566017934,6.686851404847366,291015547.01615566,1254.862346456715,589.6072648885748,17397.865367352268,-0.01106690649836406,0.018913146731209585,32.91999816894531,10.343578804145011
2011-10-21,236.89,237.0,230.6,234.78,4569632,0.5008347245408995,238.42714285714288,228.78866666666667,2.5241551848337718,5.458648905450376,2011,10,294,4,1439,-2.109999999999985,6.400000000000006,2.7016758833213754,0.8983717012914116,69.79854116012507,5.041374110457582,0.010066331556991326,19463.46366811483,232.64527264377807,0.17495307253116338,1.9597742836907628,1215.3900146484375,32.7599983215332,0.8983717012914116,4524091.0,0.6396236536953648,4601232.0,4.47173406733008,5919183.0,0.5648038049940629,6509757.0,-0.06173951620248008,45541.0,56847.502451020424,52344.25399511111,4871.836348081673,25.415452921591974,6.3713593971232125,318953647.23862463,1183.613813653231,577.4980991978722,9747.978464832097,0.0045209356853768146,-0.01106690649836406,34.439998626708984,10.096620739335094
2011-10-24,236.63,240.47,234.0,237.61,4972556,1.2053837635233045,238.6357142857143,229.49033333333333,2.499209159718606,5.470630674144922,2011,10,297,0,1442,0.9800000000000182,6.469999999999999,2.7342264294468155,0.5008347245408995,70.96343296042747,4.95094392499405,0.08817427749105389,20927.38521106014,230.42601567563136,2.075480864689401,5.108503459679241,1238.719970703125,31.670000076293945,0.5008347245408995,4569632.0,-5.06396588486141,6710902.0,-1.7753637874427408,4755857.0,-0.27870444660276217,4826981.0,-0.02494602511516586,402924.0,56947.00413265307,52665.81309344444,5035.808817529083,24.511845748435487,6.24604642402138,352869644.3479714,1176.3937860178362,573.5443431335427,25225.530346409614,0.01919544818823926,0.0045209356853768146,32.7599983215332,9.996836638874413
2011-10-25,238.56,239.01,225.89,227.15,13452400,-4.402171625773333,235.8414285714286,229.74433333333334,2.6356151835339547,5.4256105922054125,2011,10,298,1,1443,-11.409999999999997,13.120000000000005,5.499664654594234,1.2053837635233045,56.03788476716654,3.9892570967819267,1.705329009869371,59222.540171692715,228.00578364222056,-0.5773340805107954,-0.2784495617097491,1254.18994140625,30.68000030517578,1.2053837635233045,4972556.0,0.8983717012914116,4524091.0,0.6396236536953648,4601232.0,4.47173406733008,5919183.0,0.13640602381534883,8479844.0,55621.179430612254,52782.45869877778,3140.2445291782356,15.914172184224967,6.946467395674722,753844041.0418311,906.1597495340147,605.5176532642195,-260707.78595004702,0.012488674655292575,0.01919544818823926,31.670000076293945,10.54246073413583
2011-10-26,203.89,207.58,196.51,198.4,24125268,-12.656834690733,229.56571428571428,228.93866666666665,3.510056694074198,5.290285194850773,2011,10,299,2,1444,-5.489999999999981,11.070000000000022,5.429398204914426,-4.402171625773333,37.17393717393718,0.896889842806246,0.7933802146828819,121599.13306451612,225.6346321863567,-2.056151895729559,-25.178480290627135,1229.1700439453125,30.440000534057617,-4.402171625773333,13452400.0,0.5008347245408995,4569632.0,-5.06396588486141,6710902.0,-1.7753637874427408,4755857.0,0.8744415105402434,10672868.0,52700.4171755102,52412.9130951111,1381.901605011829,0.8044113901290125,12.320497995615089,896831196.9363972,177.9429448127592,803.5876994657548,-1539060.1257340258,-0.01994904968930311,0.012488674655292575,30.68000030517578,14.040226776296777
2011-10-27,204.27,208.6,201.1,206.78,10765379,4.223790322580645,224.26571428571427,228.27200000000002,3.5857524728662344,5.331655426158547,2011,10,300,3,1445,2.509999999999991,7.5,3.671611102951975,-12.656834690733,40.571188576228465,-0.8676359526767783,-0.5537716306405384,52061.993422961605,223.39236024306206,5.900249442086174,-22.51260968514822,1243.969970703125,24.71999931335449,-12.656834690733,24125268.0,1.2053837635233045,4972556.0,0.8983717012914116,4524091.0,0.6396236536953648,4601232.0,0.07569577879203626,-13359889.0,50295.11060408162,52108.10598400001,1646.0213424878912,0.7527921463773406,12.857620796666316,436764221.50356984,-179.40976229450422,818.5268884861212,219898.94399416243,0.012040585296326123,-0.01994904968930311,30.440000534057617,14.34300989146493
2011-10-28,206.71,218.4,205.75,217.32,9870513,5.097204758680718,222.2357142857143,227.53933333333333,3.5630377628257377,5.381370921683322,2011,10,301,4,1446,10.609999999999985,12.650000000000006,6.119684582265012,4.223790322580645,42.943548387096776,-1.3994138727539962,-0.08312443064011033,45419.25731639978,221.16838131683332,-4.013597331012074,0.1652160141787533,1284.3900146484375,26.020000457763672,4.223790322580645,10765379.0,-4.402171625773333,13452400.0,0.5008347245408995,4569632.0,-5.06396588486141,6710902.0,-0.022714710040496744,-894866.0,49388.712704081634,51774.14821377778,1844.148348074922,1.958359187256338,12.695238099322237,423874852.62096775,-304.12062282689845,810.7312371948598,231511.25452889697,0.03249278109379605,0.012040585296326123,24.71999931335449,14.252151051302974
2011-10-31,215.74,218.89,213.04,213.51,7347390,-1.7531750414135794,219.36428571428573,226.6,3.565018214578581,5.36368366997929,2011,10,304,0,1449,-2.230000000000018,5.849999999999994,2.7115972930379133,5.097204758680718,38.8872028325746,-2.104032882811623,-0.25562227616740896,34412.392862161025,218.9612014545338,-2.917520558991942,-2.5336808955418633,1284.9599609375,27.09000015258789,5.097204758680718,9870513.0,-12.656834690733,24125268.0,1.2053837635233045,4972556.0,0.8983717012914116,4524091.0,0.0019804517528432264,-2523123.0,48120.68984693878,51347.56,1512.2145441417981,4.426954371952589,12.709354870277053,285719445.2200303,-449.2320608091096,807.8331274235064,-60330.948281259516,0.00044374861417662004,0.03249278109379605,26.020000457763672,14.260072858314345
2011-11-01,208.29,216.21,207.43,212.1,8511747,-0.6603906140227656,216.1242857142857,225.89499999999998,3.5160731016502575,5.357057861570636,2011,11,305,1,1450,3.8100000000000023,8.780000000000001,4.215276777569735,-1.7531750414135794,37.51137167694329,-2.744585863536969,0.1584721921661978,40130.82036775106,217.0756900816123,-1.9641261576907787,-3.0115639239215284,1251.0,36.02999877929688,-1.7531750414135794,7347390.0,4.223790322580645,10765379.0,-4.402171625773333,13452400.0,0.5008347245408995,4569632.0,-0.048945112928323375,1164357.0,46709.706875510194,51028.55102499999,1407.1030050857833,7.532751562326969,12.362770056148463,319287305.337107,-582.1266616561911,794.2633332972848,-26502.01710389643,-0.026428808655425295,0.00044374861417662004,27.09000015258789,14.064292406601055
2011-11-02,215.65,216.79,212.72,215.62,6122954,1.6595945308816695,212.98285714285717,225.35333333333332,3.5326097985953666,5.373517599110972,2011,11,306,2,1451,-0.030000000000001137,4.069999999999993,1.8873174124739127,-0.6603906140227656,39.91551232930543,-2.9343685593925954,-0.2806466169635916,28396.966886188664,215.81004661835593,2.569461269775265,-2.7595078881311963,1219.6199951171875,33.529998779296875,-0.6603906140227656,8511747.0,5.097204758680718,9870513.0,-12.656834690733,24125268.0,1.2053837635233045,4972556.0,0.016536696945109064,-2388793.0,45361.69743673471,50784.12484444444,1593.2481245109336,8.610518842351777,12.479331989131996,244400845.87877,-632.7085487762314,796.0853934794611,47127.45093794658,-0.025083936756844505,-0.026428808655425295,36.02999877929688,14.130439194381495
2011-11-03,216.04,218.5,213.02,218.29,5315180,1.238289583526564,211.71714285714285,225.18866666666665,3.476560085760286,5.385824453986271,2011,11,307,3,1452,2.25,5.47999999999999,2.5365673023514117,1.6595945308816695,34.86687965921192,-2.836627155183834,-0.13192553790213024,24349.168537266938,215.12995164685208,2.911229606589411,0.24881874655849856,1238.25,31.3799991607666,1.6595945308816695,6122954.0,-1.7531750414135794,7347390.0,4.223790322580645,10765379.0,-4.402171625773333,13452400.0,-0.056049712835080534,-807774.0,44824.148579591834,50709.93559511111,1215.6992971699658,8.04645361752633,12.086470029901568,185323741.42705,-619.2073417050791,782.8819302989111,30151.32176723039,0.01527525373263705,-0.025083936756844505,33.529998779296875,13.906240343041134
2011-11-04,217.49,218.23,214.33,216.48,4065740,-0.8291722021164571,214.29999999999998,224.951,3.4795230374746833,5.3774981644224775,2011,11,308,4,1453,-1.0100000000000193,3.8999999999999773,1.7931858936042933,1.238289583526564,35.84802365049818,-2.8721103609441343,-0.23507011992068005,18781.134515890615,214.70944797954115,1.7633282837661404,0.007223736692708371,1260.8199462890625,31.459999084472656,1.238289583526564,5315180.0,-0.6603906140227656,8511747.0,5.097204758680718,9870513.0,-12.656834690733,24125268.0,0.0029629517143971995,-1249440.0,45924.48999999999,50602.952400999995,1285.0807996466767,8.249017925442645,12.107080568317047,145748743.67677647,-621.7544509371862,782.7221868029675,-15572.794664786423,0.0182272935910055,0.01527525373263705,31.3799991607666,13.918092149898712
2011-11-07,216.84,220.2,214.0,217.0,3858533,0.24020694752402427,215.76000000000002,224.52266666666668,3.438718183155033,5.37989735354046,2011,11,311,0,1456,0.1599999999999966,6.199999999999989,2.859251060689904,-0.8291722021164571,35.116279069767444,-2.8256985094919855,-0.05096415412692401,17781.25806451613,214.45726079436827,3.0047885752846066,-0.462049369652874,1253.2099609375,31.399999618530277,-0.8291722021164571,4065740.0,1.6595945308816695,6122954.0,-1.7531750414135794,7347390.0,4.223790322580645,10765379.0,-0.0408048543196502,-207207.0,46552.37760000001,50410.42784711112,1233.153055705787,7.984572066545229,11.824782743161052,135497321.62790698,-613.1765765597609,772.0701763971232,4271.181722814359,-0.00603574314791,0.0182272935910055,31.459999084472656,13.754872732620129
2011-11-08,219.2,219.35,215.21,217.99,3911824,0.45622119815669215,215.85571428571424,224.31533333333334,3.411908316255753,5.384449190177324,2011,11,312,1,1457,-1.2099999999999795,4.139999999999986,1.888686131386855,0.24020694752402427,41.42386622751457,-2.6781598964227555,0.013811207523688473,17944.969952750125,214.37913102969804,-4.9010404073250475,8.511909377627006,1261.1199951171875,29.34000015258789,0.24020694752402427,3858533.0,1.238289583526564,5315180.0,-0.6603906140227656,8511747.0,5.097204758680718,9870513.0,-0.02680986689928,53291.0,46593.6893897959,50317.368768444445,1715.9366932350224,7.172540430807144,11.641118358535168,162042874.08158097,-583.8120758211965,765.3433512636814,8186.875692729502,0.006311818790340817,-0.00603574314791,31.399999618530277,13.64763326502299
2011-11-09,214.95,215.7,210.6,211.22,4672212,-3.105647048029736,215.5285714285714,223.699,3.423044075839895,5.352900244318328,2011,11,313,2,1458,-3.7299999999999898,5.099999999999994,2.372644801116536,0.45622119815669215,36.613655386822906,-3.0721036053124067,0.19438195583441376,22120.12120064388,214.26307751749778,-3.971257474023061,0.9281799565252697,1275.1800537109375,31.31999969482422,0.45622119815669215,3911824.0,-0.8291722021164571,4065740.0,1.6595945308816695,6122954.0,-1.7531750414135794,7347390.0,0.011135759584141702,760388.0,46452.56510204081,50041.242601000005,1340.559760785026,9.437820561773487,11.717230745142599,171066760.0621786,-648.8897235140865,765.7315367213087,-68697.28910883964,0.01114886660126535,0.006311818790340817,29.34000015258789,13.692176303359588
2011-11-10,213.34,214.06,208.1,210.79,5044314,-0.20357920651453698,215.34142857142857,223.3106666666667,3.377602792813733,5.350862377211803,2011,11,314,3,1459,-2.5500000000000114,5.960000000000008,2.79366269804069,-3.105647048029736,35.529014356375924,-3.3800412278862098,0.07964150599330688,23930.518525546755,213.93881371000114,-1.857754315139159,-1.2910593948620033,1229.5899658203125,33.09000015258789,-3.105647048029736,4672212.0,0.24020694752402427,3858533.0,1.238289583526564,5315180.0,-0.6603906140227656,8511747.0,-0.045441283026161905,372102.0,46371.930859183674,49867.65384711112,1262.3108611355665,11.424678702210517,11.408200626023127,179219504.52406806,-712.4788904261342,754.25473139843,-4871.755972912236,-0.03575188284819231,0.01114886660126535,31.31999969482422,13.51041117125493
2011-11-11,212.52,217.88,210.31,217.39,5160791,3.131078324398695,215.59428571428572,223.3493333333333,3.389230845016715,5.381692975469088,2011,11,315,4,1460,4.869999999999976,7.569999999999993,3.562017692452472,-0.20357920651453698,38.33371797830602,-3.0562881831461937,0.02309075128947158,23739.781038686233,213.37845015060694,2.519492646668454,1.4920572027245953,1240.1199951171875,29.90999984741211,-0.20357920651453698,5044314.0,0.45622119815669215,3911824.0,-0.8291722021164571,4065740.0,1.6595945308816695,6122954.0,0.011628052202981909,116477.0,46480.896032653065,49884.92470044443,1469.473934040302,9.340897458439061,11.486885720812715,197832306.7389799,-664.406488134151,756.9824497472531,74331.1138362016,0.008563854284423966,-0.03575188284819231,33.09000015258789,13.556923380066848
2011-11-14,215.54,222.35,214.25,218.93,6518535,0.7084042504255095,215.68571428571428,223.58100000000002,3.3687968481328037,5.3887520440192445,2011,11,318,0,1463,3.390000000000015,8.099999999999994,3.7580031548668438,3.131078324398695,44.71314638538719,-2.6449570149522117,0.2630883521537686,29774.516968894168,212.60863565915673,3.89237663569082,2.4289877051524513,1263.8499755859375,31.420000076293945,3.131078324398695,5160791.0,-3.105647048029736,4672212.0,0.24020694752402427,3858533.0,1.238289583526564,5315180.0,-0.02043399688391112,1357744.0,46520.32734693877,49988.463561000004,1999.2654596810637,6.995797610944914,11.348792203989513,291464209.67326987,-579.0604392834878,753.1989681023805,21092.394375131087,0.01913522930215117,0.008563854284423966,29.90999984741211,13.475187392531211
2011-11-15,218.35,220.33,214.26,217.83,5738025,-0.5024437034668594,215.87857142857143,223.75866666666667,3.3709467183987987,5.383714942060265,2011,11,319,1,1464,-0.5199999999999818,6.070000000000022,2.77994046256012,0.7084042504255095,69.39508884008784,-2.380296333148351,-0.11973702680126741,26341.757333700592,211.51712187769147,2.2431635659779223,4.069714556330638,1251.699951171875,31.739999771118164,0.7084042504255095,6518535.0,-0.20357920651453698,5044314.0,0.45622119815669215,3911824.0,-0.8291722021164571,4065740.0,0.002149870265995002,-780510.0,46603.55760204082,50067.94090844445,4815.678355123683,5.665810633599486,11.36328177828363,398190754.641645,-518.4999502497053,754.2785431132907,-13235.25011056983,-0.009613502115573214,0.01913522930215117,31.420000076293945,13.483786873595193
2011-11-16,216.37,216.97,211.23,211.99,5503732,-2.6809897626589585,215.16285714285715,223.50833333333333,3.3546363058117805,5.356539103748161,2011,11,320,2,1465,-4.3799999999999955,5.740000000000009,2.652863151083796,-0.5024437034668594,55.478443743427974,-2.6116841598473286,-0.04083164503465919,25962.224633237416,211.74209679480253,1.1726054781631787,-0.9247022729657033,1257.81005859375,32.65999984741211,-0.5024437034668594,5738025.0,3.131078324398695,5160791.0,-3.105647048029736,4672212.0,0.24020694752402427,3858533.0,-0.016310412587018153,-234293.0,46295.055093877556,49955.975069444445,3077.8577201927023,6.8208941507974465,11.25358474427051,305338486.1409043,-553.6509250460352,749.7891696514813,-69604.45845756175,0.004881447359772251,-0.009613502115573214,31.739999771118164,13.418545223247122
2011-11-17,212.51,212.9,202.1,204.52,7973050,-3.5237511203358607,213.23857142857145,222.942,3.407645599421464,5.320665770211798,2011,11,321,3,1466,-7.989999999999981,10.800000000000011,5.082113782880811,-2.6809897626589585,35.61151079136694,-3.3591055721061025,0.4486624712104441,38984.20692352826,210.96629977341038,-5.183409087149498,-1.2628906862608744,1236.56005859375,33.150001525878906,-2.6809897626589585,5503732.0,0.7084042504255095,6518535.0,-0.20357920651453698,5044314.0,0.45622119815669215,3911824.0,0.05300929360968354,2469318.0,45470.688344897964,49703.135364,1268.179700843644,11.283590244554267,11.61204853125647,283932356.1151082,-687.0042716071401,759.7073252262201,-137370.6428221877,-0.016894442729896597,0.004881447359772251,32.65999984741211,13.630582397685885
2011-11-18,205.19,205.34,197.11,197.14,8435140,-3.6084490514375234,211.22714285714287,222.02200000000002,3.4475811271044527,5.283914136237293,2011,11,322,4,1467,-8.050000000000011,8.22999999999999,4.010916711340704,-3.5237511203358607,32.965660770031235,-4.495129691999921,0.057956490928816384,42787.56213858172,205.46421574524365,-3.097289156981027,-5.226926588262643,1216.18994140625,33.15999984741211,-3.5237511203358607,7973050.0,-0.5024437034668594,5738025.0,3.131078324398695,5160791.0,-3.105647048029736,4672212.0,0.03993552768298869,462090.0,44616.90587959184,49293.76848400001,1086.7347900047764,20.2061909478993,11.885815627966808,278069963.7877213,-886.1698674808644,765.4388570019848,-154396.7380122893,-0.016473212963602823,-0.016894442729896597,33.150001525878906,13.790324508417825
2011-11-21,193.01,193.36,185.05,189.25,11299410,-4.002231916404575,208.15000000000003,220.61966666666666,3.4507407443023577,5.243068892317559,2011,11,325,0,1470,-3.759999999999991,8.310000000000002,4.305476400186521,-3.6084490514375234,29.048230331927414,-5.963352239586271,0.3395640143494951,59706.261558784674,203.37838179806846,-0.6512895534425996,-13.477092244625851,1215.6199951171875,34.59000015258789,-3.6084490514375234,8435140.0,-2.6809897626589585,5503732.0,0.7084042504255095,6518535.0,-0.20357920651453698,5044314.0,0.003159617197904918,2864270.0,43326.422500000015,48673.03732011111,843.7996854167078,35.5615699333786,11.907611684388389,328227864.29488397,-1128.5644113417018,761.3012727610713,-238958.3056197676,-0.00046863262855434407,-0.016473212963602823,33.15999984741211,13.802962977209404
2011-11-22,187.11,194.04,183.58,192.34,9911977,1.6327608982827035,204.57142857142858,219.18166666666667,3.4468901233205873,5.259264639284336,2011,11,326,1,1471,5.22999999999999,10.45999999999998,5.590294479183357,-4.002231916404575,28.484288354898354,-6.799214893796773,-0.12278809247562483,51533.62275137777,201.42140430124314,2.522188930203111,-11.60359323144624,1192.97998046875,33.119998931884766,-4.002231916404575,11299410.0,-3.5237511203358607,7973050.0,-0.5024437034668594,5738025.0,3.131078324398695,5160791.0,-0.0038506209817703585,-1387433.0,41849.4693877551,48040.60300277778,811.354683084998,46.22932317202786,11.881051522245013,282335611.0351203,-1307.7609926728712,755.4951220462785,84142.08417530154,-0.01862425325297068,-0.00046863262855434407,34.59000015258789,13.787560493282342
2011-11-23,193.09,194.6,187.89,188.99,8010200,-1.741707393157943,200.2942857142857,217.58766666666668,3.4454451567953894,5.241694103606946,2011,11,327,2,1472,-4.099999999999994,6.710000000000008,3.47506344191828,1.6327608982827035,23.256663015699203,-7.643845578505335,-0.19186656708343852,42384.25313508651,199.50366137181697,3.3226692362624197,-13.836330608079379,1187.47998046875,32.90999984741211,1.6327608982827035,9911977.0,-3.6084490514375234,8435140.0,-2.6809897626589585,5503732.0,0.7084042504255095,6518535.0,-0.0014449665251978772,-1901777.0,40117.800889795915,47344.39268544445,540.8723746257912,58.428375228035556,11.871092328484806,186290522.08835375,-1444.6103758817233,749.6863722950764,-73820.9670388579,-0.004610303684927652,-0.01862425325297068,33.119998931884766,13.781780627181547
2011-11-25,190.27,190.83,181.51,182.4,4971977,-3.486956981850897,195.23285714285717,215.796,3.4818523464540108,5.206202077640231,2011,11,329,4,1474,-7.8700000000000045,9.320000000000022,4.898302412361392,-1.741707393157943,21.390194761584993,-8.744181920331101,-0.3792942747996305,27258.645833333332,197.40572783075743,0.8754663359062133,-15.881194166663647,1161.4100341796875,34.61000061035156,-1.741707393157943,8010200.0,-4.002231916404575,11299410.0,-3.5237511203358607,7973050.0,-0.5024437034668594,5738025.0,0.03640718965862133,-3038223.0,38115.86850816328,46567.913616,457.5404319385381,76.46071745584531,12.1232957625073,106351556.38012107,-1594.938782268393,751.3698089553897,-95049.72540434253,-0.021954009093080873,-0.004610303684927652,32.90999984741211,13.92740938581602
2011-11-28,191.92,194.62,190.54,194.15,7166570,6.441885964912286,192.68428571428572,214.044,3.601177565292099,5.268631056177676,2011,11,332,0,1477,2.230000000000018,4.0800000000000125,2.1258857857440665,-3.486956981850897,33.86071479022462,-8.5692980636951,0.44139242800197986,36912.541849085756,194.31108346539514,0.7228597346226378,-0.883943200017768,1158.6700439453125,31.93000030517578,-3.486956981850897,4971977.0,1.6327608982827035,9911977.0,-3.6084490514375234,8435140.0,-2.6809897626589585,5503732.0,0.11932521883808844,2194593.0,37127.23396122449,45814.833936,1146.5480061049363,73.4328693044486,12.968479856763132,242665182.79418007,-1663.7292190664039,770.8104507853822,237786.38526686293,-0.0023591928377907356,-0.021954009093080873,34.61000061035156,14.404710261168418
2011-11-29,195.13,195.5,187.3,188.39,6573777,-2.9667782642286977,190.38000000000002,212.246,3.6196168148343206,5.238514282177283,2011,11,333,1,1478,-6.740000000000009,8.199999999999989,4.202326654025516,6.441885964912286,30.412916887241934,-8.794112158197464,-0.08271641803540608,34894.51138595467,194.0249515481706,-4.657796080706698,-0.9771554674639162,1192.56005859375,31.76000022888184,6.441885964912286,7166570.0,-1.741707393157943,8010200.0,-4.002231916404575,11299410.0,-3.5237511203358607,7973050.0,0.018439249542221425,-592793.0,36244.544400000006,45048.364516,924.9455135902856,77.33640865095646,13.101625886231352,199927733.53626263,-1656.7227894828202,768.2491904813253,-103524.27792073113,0.02924906432640717,-0.0023591928377907356,31.93000030517578,14.478467259337265
2011-11-30,194.99,195.3,188.75,192.29,7710360,2.0701735760921602,189.68714285714285,210.52633333333333,3.6481448939357373,5.259004649162495,2011,11,334,2,1479,-2.700000000000017,6.550000000000011,3.359146622903744,-2.9667782642286977,36.97895171275278,-8.558919643540321,0.17289649466357004,40097.560975609755,193.9980827891264,-1.419918382870949,-0.28816440625547557,1196.719970703125,27.71999931335449,-2.9667782642286977,6573777.0,-3.486956981850897,4971977.0,1.6327608982827035,9911977.0,-3.6084490514375234,8435140.0,0.028528079101416637,1136583.0,35981.21216530612,44321.33702677777,1367.4428697741018,73.25510546458038,13.308961167149391,285121030.12794054,-1645.7946582563682,768.030567989013,83008.9111974515,0.003488220219517002,0.02924906432640717,31.76000022888184,14.592579575742946
2011-12-01,191.78,198.07,191.59,197.13,7323228,2.5170315669041488,190.81285714285715,209.37966666666668,3.5993053256758456,5.2838634095778865,2011,12,335,3,1480,5.349999999999994,6.47999999999999,3.378871623735525,2.0701735760921602,41.1413748378729,-7.891017591959496,-0.05020932874729589,37149.23147161771,193.9742797406122,0.5138308439728891,2.6418894154149086,1246.9100341796875,27.6299991607666,2.0701735760921602,7710360.0,6.441885964912286,7166570.0,-1.741707393157943,8010200.0,-4.002231916404575,11299410.0,-0.048839568259891664,-387132.0,36409.54645102041,43839.84481344445,1692.6127235503616,62.268158636614245,12.954998827438505,301287668.1712063,-1555.5562979029755,753.6213493215668,93505.78830029085,0.041939689071181396,0.003488220219517002,27.71999931335449,14.397221302703372
2011-12-02,197.42,199.66,195.18,196.03,7524821,-0.5580074062801144,191.34,208.12699999999998,3.590021002041826,5.278267708742333,2011,12,336,4,1481,-1.3899999999999864,4.47999999999999,2.2692736298247342,2.5170315669041488,35.08379888268158,-7.365555670157306,0.02752788797508421,38386.06845890935,193.9667102566779,2.1920129779729627,-0.1287232346508631,1246.030029296875,26.26000022888184,2.5170315669041488,7323228.0,-2.9667782642286977,6573777.0,-3.486956981850897,4971977.0,1.6327608982827035,9911977.0,-0.009284323634019653,201593.0,36610.9956,43316.84812899999,1230.872944040449,54.251410330186445,12.888250795101396,263999306.59217888,-1443.8698780209368,747.180301091959,-21419.710498046912,-0.0007057484972373684,0.041939689071181396,27.6299991607666,14.360084008167291
2011-12-05,198.9,199.0,193.67,196.24,5918786,0.10712646023567363,192.3757142857143,206.84233333333336,3.5868839382684046,5.279338399950234,2011,12,339,0,1484,-2.6599999999999966,5.3300000000000125,2.6797385620915093,-0.5580074062801144,33.855130212039285,-6.853178886179421,-0.2134316550519939,30160.95597227884,193.79690911770027,1.919230145406741,0.5238607368929991,1244.3299560546875,26.739999771118164,-0.5580074062801144,7524821.0,2.0701735760921602,7710360.0,6.441885964912286,7166570.0,-1.741707393157943,8010200.0,-0.003137063773421378,-1606035.0,37008.41544693879,42783.750858777785,1146.1698416741351,46.96606084597541,12.86573638660786,200381270.72719514,-1344.8678246238496,741.9194431872928,3231.036450634232,-0.0013643918703523106,-0.0007057484972373684,26.26000022888184,14.3475357530736
2011-12-06,195.91,198.32,190.11,191.99,5201317,-2.165715450468808,193.74571428571429,205.3216666666667,3.5833889363405773,5.257443287338065,2011,12,340,1,1485,-3.9199999999999875,8.20999999999998,4.1906998111377565,0.10712646023567363,32.4026150912558,-6.712676518263123,-0.12121894591221916,27091.603729360904,193.4459565928986,-0.5509762936249651,-0.9049802992736318,1257.18994140625,27.90999984741211,0.10712646023567363,5918786.0,2.5170315669041488,7323228.0,-2.9667782642286977,6573777.0,-3.486956981850897,4971977.0,-0.003495001927827257,-717469.0,37537.40180408163,42156.986802777785,1049.9294647520778,45.06002603884112,12.840676269088053,168536272.71860534,-1288.766764741337,735.7473887243414,-58672.70477465529,0.010334867604037123,-0.0013643918703523106,26.739999771118164,14.333555745362332
2011-12-07,191.27,196.71,189.12,195.32,6424177,1.7344653367362906,193.91285714285715,204.26066666666665,3.5363107109362875,5.274639239193459,2011,12,341,2,1486,4.049999999999983,7.590000000000003,3.968212474512471,-2.165715450468808,38.24566351713439,-6.260457551738796,0.235105839540255,32890.52324390743,192.7373373194514,0.08824553374216289,2.494417146806427,1258.1400146484375,28.61000061035156,-2.165715450468808,5201317.0,-0.5580074062801144,7524821.0,2.0701735760921602,7710360.0,6.441885964912286,7166570.0,-0.04707822540428985,1222860.0,37602.19616530612,41722.419947111106,1462.7307778658644,39.19332875712332,12.505493444282711,245696911.91651386,-1222.7925690056215,722.32918335632,57047.472473676695,0.0007557117750438547,0.010334867604037123,27.90999984741211,14.145242843745166
2011-12-08,193.55,195.89,190.08,190.48,4358296,-2.477984845381942,194.21142857142857,203.9966666666667,2.7171206381670894,5.249547202178607,2011,12,342,3,1487,-3.0700000000000216,5.809999999999974,3.001808318264001,1.7344653367362906,39.71880492091387,-6.220907563131561,-0.3215790909870634,22880.59638807224,191.50608537339937,-3.071653784365972,2.045568410966581,1260.8699951171875,29.6299991607666,1.7344653367362906,6424177.0,0.10712646023567363,5918786.0,2.5170315669041488,7323228.0,-2.9667782642286977,6573777.0,-0.8191900727691981,-2065881.0,37718.0789877551,41614.64001111112,1577.5834643456117,38.69969090902746,7.382744562353531,173106308.61159924,-1184.9584726252997,554.2835531172924,-56697.771102943814,0.002169854258639692,0.0007557117750438547,28.61000061035156,10.868482552668354
2011-12-09,191.77,193.95,188.4,193.03,5156847,1.3387232255354986,194.31714285714287,203.53833333333333,2.6076493450396927,5.262845617239784,2011,12,343,4,1488,1.259999999999991,5.549999999999983,2.894091880898985,-2.477984845381942,46.76122931442082,-5.915608767919224,0.18322550831792972,26715.26187639227,190.00221948855022,0.3086699984125908,2.7191105130371795,1234.47998046875,29.61000061035156,-2.477984845381942,4358296.0,-2.165715450468808,5201317.0,-0.5580074062801144,7524821.0,2.0701735760921602,7710360.0,-0.10947129312739667,798551.0,37759.15200816327,41427.85313611111,2186.6125669958487,34.9944270950828,6.799835106685938,241140505.10638306,-1141.889960471448,530.7566016071373,35764.3415501894,-0.02093000448153637,0.002169854258639692,29.6299991607666,10.430597380158758
2011-12-12,190.03,191.15,187.63,189.52,4340029,-1.8183702015230785,193.23000000000002,202.61166666666665,2.422657030101509,5.24449455985053,2011,12,346,0,1491,-0.5099999999999909,3.5200000000000102,1.8523391043519497,1.3387232255354986,50.22854240731336,-5.889000210212487,-0.15839484863522224,22900.11080624736,188.5397809353704,0.7837195525837777,0.1964995120458184,1255.050048828125,26.780000686645508,1.3387232255354986,5156847.0,1.7344653367362906,6424177.0,0.10712646023567363,5918786.0,2.5170315669041488,7323228.0,-0.1849923149381838,-816818.0,37337.83290000001,41051.48746944444,2522.906472363277,34.680323475882716,5.8692670855002635,217993330.67546982,-1116.0833198394705,490.8585786305835,-41640.87910165684,0.016662942036179684,-0.02093000448153637,29.61000061035156,9.690628120406018
2011-12-13,188.55,189.68,178.5,180.51,9280074,-4.754115660616298,191.01285714285714,201.51166666666666,2.5384890251627286,5.19578617790037,2011,12,347,1,1492,-8.04000000000002,11.180000000000007,5.92946168125166,-1.8183702015230785,40.89859978458223,-6.519788374855807,1.1382516107611265,51410.30413827489,187.085817395216,1.6155314136095542,-8.191348808825552,1236.8299560546875,24.71999931335449,-1.8183702015230785,4340029.0,-2.477984845381942,4358296.0,-2.165715450468808,5201317.0,-0.5580074062801144,7524821.0,0.11583199506121966,4940045.0,36485.91159387755,40606.951802777774,1672.6954643394297,42.50764045290492,6.44392653087162,379542032.4973072,-1176.8869995452217,511.53515427558335,-244410.53202081955,-0.014517423261685924,0.016662942036179684,26.780000686645508,10.15395610065093
2011-12-14,178.58,180.75,170.25,180.21,11594628,-0.16619577862720947,188.72285714285712,200.44866666666667,2.539197035125633,5.19412283753018,2011,12,348,2,1493,1.6299999999999955,10.5,5.8797177735468695,-4.754115660616298,42.91249596383597,-6.963627667669158,0.2494111577127509,64339.53720659231,185.492564441959,0.6647751673015155,-5.947339609260496,1225.72998046875,26.15999984741211,-4.754115660616298,9280074.0,1.3387232255354986,5156847.0,1.7344653367362906,6424177.0,0.10712646023567363,5918786.0,0.0007080099629046543,2314554.0,35616.31680816326,40179.667968444446,1841.4823098462386,48.4921102939274,6.447521583190806,497554427.25217956,-1254.915341990659,508.9786600948863,-10692.959482563921,-0.008974536500833796,-0.014517423261685924,24.71999931335449,10.156788140502556
2011-12-15,182.34,184.8,179.53,181.26,7241809,0.5826535708340241,187.19,199.30333333333334,2.5149556716592314,5.199932464626635,2011,12,349,3,1494,-1.0800000000000125,5.27000000000001,2.890205111330487,-0.16619577862720947,48.98936170212765,-7.148246741324442,-0.37541687409031144,39952.60399426239,183.79904273919638,-1.0339252013205342,-1.5051175378758614,1212.1199951171875,24.3799991607666,-0.16619577862720947,11594628.0,-1.8183702015230785,4340029.0,-2.477984845381942,4358296.0,-2.165715450468808,5201317.0,-0.024241363466401822,-4352819.0,35040.0961,39721.81867777778,2399.957559981892,51.097431474855505,6.325002030410936,354771600.47872335,-1295.6912043324683,501.239048547257,23278.52738137468,-0.01110357547618901,-0.008974536500833796,26.15999984741211,10.059822686636949
2011-12-16,182.42,184.41,180.31,181.26,6661379,0.0,185.18142857142857,198.06900000000002,2.4947344143385517,5.199932464626635,2011,12,350,4,1495,-1.1599999999999966,4.099999999999994,2.2475605744984075,0.5826535708340241,35.56550951847703,-7.2114298133754176,-0.08014986310740868,36750.40825333775,182.15483482845795,-0.17664272743477494,-0.7181921010231918,1216.0899658203125,24.15999984741211,0.5826535708340241,7241809.0,-4.754115660616298,9280074.0,1.3387232255354986,5156847.0,1.7344653367362906,6424177.0,-0.020221257320679698,-580430.0,34292.161487755104,39231.328761000004,1264.9054673088801,52.00471995323981,6.223699798085117,236915338.230683,-1307.1437679724281,494.1295507136226,0.0,0.0032752291185009774,-0.01110357547618901,24.3799991607666,9.978937657354209
2011-12-19,182.12,183.17,179.0,179.33,4502173,-1.0647688403398359,183.5885714285714,196.83066666666667,2.4958912724871536,5.189227683960333,2011,12,353,0,1498,-2.789999999999992,4.1699999999999875,2.2896990994948316,0.0,38.90249877511026,-7.33271079787832,-0.32413799004680566,25105.520548709083,180.7129032086307,-1.7098805292168398,0.3269773205861384,1219.739990234375,25.13999938964844,0.0,6661379.0,-0.16619577862720947,11594628.0,-1.8183702015230785,4340029.0,-2.477984845381942,4358296.0,0.0011568581486018914,-2159206.0,33704.763559183666,38742.311340444445,1513.4044109474553,53.768647645321316,6.229473244077543,175145779.61783448,-1314.9750273835193,491.26794309116144,-26731.57600077689,0.0030014427523052944,0.0032752291185009774,24.15999984741211,9.983565089948627
2011-12-20,182.73,183.17,180.54,182.52,4567147,1.7788434729270053,182.08714285714285,195.68133333333333,2.529243533321716,5.206859756059202,2011,12,354,1,1499,-0.20999999999997954,2.6299999999999955,1.4392820007661553,-1.0647688403398359,37.82099227125406,-7.08969492194322,0.014431697760170392,25022.720797720795,179.58495864559222,0.7241048699734909,2.210936484434285,1205.719970703125,23.559999465942383,-1.0647688403398359,4502173.0,0.5826535708340241,7241809.0,-4.754115660616298,9280074.0,1.3387232255354986,5156847.0,0.03335226083456222,64974.0,33155.72759387755,38291.18421511111,1430.4274563822596,50.263774086227485,6.397072850849717,172734031.38868117,-1294.0111171530766,494.9257469251044,44511.503565900464,-0.01149426897822381,0.0030014427523052944,25.13999938964844,10.116974133286874
2011-12-21,182.14,183.5,172.49,174.35,8062630,-4.476221783914102,179.92000000000002,194.22666666666666,2.6206299222528053,5.161064773121661,2011,12,355,2,1500,-7.789999999999992,11.009999999999991,6.044800702756118,1.7788434729270053,23.779926335174935,-7.470241515761103,0.7653537317717165,46243.93461428162,178.6474369222011,-0.27203685490599444,-4.025400067295124,1241.25,22.520000457763672,1.7788434729270053,4567147.0,0.0,6661379.0,-0.16619577862720947,11594628.0,-1.8183702015230785,4340029.0,0.09138638893108952,3495483.0,32371.206400000006,37723.998044444445,565.4848965063464,55.80450830380074,6.867701189406745,191728747.46777147,-1302.4366082729482,508.99621436608817,-206998.10749434677,0.029467894834781072,-0.01149426897822381,23.559999465942383,10.482519689011212
2011-12-22,175.09,179.67,174.21,179.03,4693172,2.684255807284197,179.70857142857145,193.15366666666665,2.65104147595248,5.187553389563182,2011,12,356,3,1501,3.9399999999999977,5.4599999999999795,3.1183962533554053,-4.476221783914102,31.922586133560188,-7.309926265723675,-0.4179105329154382,26214.44450650729,177.7524080551638,0.9988003421671234,0.27879160266905956,1243.719970703125,21.07999992370605,-4.476221783914102,8062630.0,-1.0647688403398359,4502173.0,0.5826535708340241,7241809.0,-4.754115660616298,9280074.0,0.03041155369967452,-3369458.0,32295.170644897964,37308.338946777774,1019.0515054545692,53.43502201031687,7.028020907220303,149818187.40961292,-1308.6960993525095,512.0583815656332,70366.2749013215,0.0019899059038268607,0.029467894834781072,22.520000457763672,10.604165903809928
2011-12-23,179.22,179.68,175.6,177.28,3495273,-0.9774898061777337,179.29,192.03666666666666,2.651664923488027,5.177730403558919,2011,12,357,4,1502,-1.9399999999999977,4.0800000000000125,2.2765316370940814,2.684255807284197,30.477759472817112,-7.2406202861704685,-0.25524293590774005,19716.115749097473,177.01133485548428,0.01578136640677899,0.25288377810895213,1254.0,21.100000381469727,2.684255807284197,4693172.0,1.7788434729270053,4567147.0,0.0,6661379.0,-0.16619577862720947,11594628.0,0.0006234475355473279,-1197899.0,32144.904099999996,36878.08134444444,928.8938224828933,52.42658212850332,7.031326866456765,106528089.78583188,-1283.6171643323007,509.2168930235624,-19272.30216216305,0.008265549753183832,0.0019899059038268607,21.07999992370605,10.60665969395211
2011-12-27,177.4,178.59,176.16,176.27,2949434,-0.5697202166064952,178.57714285714286,190.66600000000003,2.559397619164581,5.1720169104318625,2011,12,361,1,1506,-1.1299999999999955,2.430000000000007,1.3697857948139835,-0.9774898061777337,32.65666372462488,-7.1843763388149,-0.15616491186811443,16732.47858399047,176.54237099284947,1.0088796485516007,-1.2812506414010727,1265.02001953125,22.57999992370605,-0.9774898061777337,3495273.0,-4.476221783914102,8062630.0,-1.0647688403398359,4502173.0,0.5826535708340241,7241809.0,-0.0922673043234461,-545839.0,31889.79595102041,36353.52355600001,1066.4576856232304,51.61526337772339,6.550516172985326,96318674.31597525,-1266.3900172429026,487.9901064556341,-9532.831323234592,0.008787894363038173,0.008265549753183832,21.100000381469727,10.23759047665834
2011-12-28,176.5,176.65,172.28,173.89,3652801,-1.3502013955863257,177.52428571428572,189.16466666666668,2.5488846529395435,5.158422915393977,2011,12,362,2,1507,-2.6100000000000136,4.3700000000000045,2.475920679886688,-0.5697202166064952,25.850800090150997,-7.248294883321904,0.23847524643711293,21006.389096555296,176.35280745260567,-0.6851057650941343,-1.777701687511552,1265.3800048828125,22.1200008392334,-0.5697202166064952,2949434.0,2.684255807284197,4693172.0,1.7788434729270053,4567147.0,0.0,6661379.0,-0.010512966225037612,703367.0,31514.87201836735,35783.271115111114,668.2638653009508,52.5377787155905,6.496812973990737,94427828.42010365,-1260.4059972608459,482.1589157450911,-28362.855874398338,0.0002845688969379534,0.008787894363038173,22.57999992370605,10.195538611758195
2011-12-29,169.57,174.55,166.97,173.86,8203509,-0.017252285927871203,176.74285714285716,187.699,2.551938590117745,5.158250377650918,2011,12,363,3,1508,4.2900000000000205,7.5800000000000125,4.470130329657376,-1.3502013955863257,28.993933265925193,-7.218165026359316,1.245813281369557,47184.56804325319,176.415987082449,-0.49638231774958286,-2.059604764699401,1249.75,23.520000457763672,-1.3502013955863257,3652801.0,-0.9774898061777337,3495273.0,-4.476221783914102,8062630.0,-1.0647688403398359,4502173.0,0.003053937178201682,4550708.0,31238.037551020414,35230.914601000004,840.6481662289235,52.10190634775678,6.512390567732145,237851992.4924167,-1254.9501714828307,478.9963214265107,-814.0416592652982,-0.012352024547961804,0.0002845688969379534,22.1200008392334,10.207754360470972
2011-12-30,173.66,175.17,172.49,173.1,4280263,-0.4371333256643406,175.39714285714288,186.4026666666667,2.525141927517342,5.153869462182164,2011,12,364,4,1509,-0.5600000000000023,2.6799999999999784,1.5432454220891272,-0.017252285927871203,23.616626952607874,-7.1729275027976485,-0.47823998242703214,24727.111496244946,176.64083604267276,0.10742708000009116,-3.6482631226728586,1262.8199462890625,22.86000061035156,-0.017252285927871203,8203509.0,-0.5697202166064952,2949434.0,2.684255807284197,4693172.0,1.7788434729270053,4567147.0,-0.02679666260040303,-3923246.0,30764.15772244899,34745.95414044446,557.7450686186446,51.45088896039091,6.376341754105998,101085374.53005023,-1241.633750734273,470.6931890010394,-10809.044482426503,0.010458048640978213,-0.012352024547961804,23.520000457763672,10.100567710069356
2012-01-03,175.89,179.48,175.55,179.03,5110970,3.4257654534950888,176.06571428571428,185.553,2.5700750584833574,5.187553389563182,2012,1,3,1,1513,3.140000000000015,3.9299999999999784,2.2343510148388077,-0.4371333256643406,36.94948992286637,-6.582693801969583,0.19407849470932037,28548.12042674412,176.92845981679477,-1.5643237628128008,3.665863946018021,1258.8599853515625,22.950000762939453,-0.4371333256643406,4280263.0,-1.3502013955863257,3652801.0,-0.9774898061777337,3495273.0,-4.476221783914102,8062630.0,0.044933130966015256,830707.0,30999.135746938773,34429.915809,1365.2648055600034,43.33185769048877,6.605285806238233,188847734.51107234,-1178.4996713666144,476.8851373267624,97799.16472015748,-0.0031358080375090136,0.010458048640978213,22.86000061035156,10.280300233933417
2012-01-04,179.14,180.5,176.07,177.51,4205374,-0.8490197173658065,175.84857142857143,184.89866666666666,2.500116187545034,5.179026945356712,2012,1,4,2,1514,-1.6299999999999955,4.430000000000007,2.4729262029697483,3.4257654534950888,45.41284403669724,-6.166497098449355,-0.17718671798112684,23690.91318798941,177.34108473690117,-0.15792066783376027,0.3268359309325888,1277.030029296875,23.440000534057617,3.4257654534950888,5110970.0,-0.017252285927871203,8203509.0,-0.5697202166064952,2949434.0,2.684255807284197,4693172.0,-0.06995887093832343,-905596.0,30922.72007346939,34187.51693511111,2062.3264035013876,38.025686465184314,6.250580951224715,190977993.57798162,-1094.614899945745,462.2681495888267,-20114.052419004627,0.014433729053861422,-0.0031358080375090136,22.950000762939453,10.000464750180129
2012-01-05,175.94,178.25,174.05,177.61,3809838,0.056334854374417986,175.8957142857143,184.51066666666665,2.4018055639143845,5.179590135279236,2012,1,5,3,1515,1.670000000000016,4.199999999999989,2.3871774468568767,-0.8490197173658065,46.000000000000014,-5.7621663808942,-0.09405489262072764,21450.582737458473,177.85760500145742,-0.10031569429094,-0.14728930716646005,1277.300048828125,22.75,-0.8490197173658065,4205374.0,-0.4371333256643406,4280263.0,-1.3502013955863257,3652801.0,-0.9774898061777337,3495273.0,-0.09831062363064946,-395536.0,30939.302304081633,34044.186113777774,2116.0000000000014,33.20256140110737,5.768669966850094,175252548.00000006,-1023.418370910619,443.1587458015523,1208.4154547611274,0.00021144336864087343,0.014433729053861422,23.440000534057617,9.607222255657518
2012-01-06,178.07,184.65,177.5,182.61,7009839,2.815156804233987,176.8014285714286,184.18633333333335,2.442004352522355,5.207352731173943,2012,1,6,4,1516,4.5400000000000205,7.150000000000006,4.015274891896448,0.056334854374417986,51.85185185185188,-4.980856942571563,0.8399309891916664,38386.939379004434,178.37155161385658,2.9675116500161858,1.270936736127254,1280.9300537109375,21.239999771118164,0.056334854374417986,3809838.0,3.4257654534950888,5110970.0,-0.017252285927871203,8203509.0,-0.5697202166064952,2949434.0,0.04019878860797066,3200001.0,31258.74514489797,33924.60538677778,2688.6145404663957,24.80893588236334,5.9633852577381266,363473133.33333355,-909.5542862829932,449.7838276751334,108065.25358652191,0.002841935914856375,0.00021144336864087343,22.75,9.768017410089442
2012-01-09,182.62,184.37,177.0,178.56,5056842,-2.217841301133572,177.46857142857144,183.83866666666665,2.4542615907646725,5.184924679192946,2012,1,9,0,1519,-4.060000000000002,7.3700000000000045,4.035702551746799,2.815156804233987,46.666666666666686,-4.635034938842182,-0.2786079680289376,28320.127688172044,178.84243849768018,-0.2174780691673895,-0.06496042851279071,1277.8299560546875,21.670000076293945,2.815156804233987,7009839.0,-0.8490197173658065,4205374.0,-0.4371333256643406,4280263.0,-1.3502013955863257,3652801.0,0.012257238242317392,-1952997.0,31495.09384489796,33796.655361777775,2177.7777777777796,21.48354888428775,6.023399955902741,235985960.0000001,-827.63183867966,451.1881784973897,-62809.54884020438,-0.0024201927710797433,0.002841935914856375,21.239999771118164,9.817046363058694
2012-01-10,181.19,182.4,177.1,179.34,3985802,0.4368279569892497,178.25142857142856,183.73666666666668,2.3740937410429415,5.189283445523902,2012,1,10,1,1520,-1.8499999999999943,5.300000000000011,2.9251062420663456,-2.217841301133572,50.01270648030494,-4.24904864032095,-0.211800170936723,22224.83550797368,179.32876624377818,0.9364630925383965,-0.925229336316562,1280.77001953125,20.13999938964844,-2.217841301133572,5056842.0,0.056334854374417986,3809838.0,3.4257654534950888,5110970.0,-0.017252285927871203,8203509.0,-0.08016784972173108,-1071040.0,31773.5717877551,33759.162677777786,2501.270809485136,18.054414347813317,5.636321091259269,199340745.5146124,-762.0243831551592,436.20807033342663,9708.429489370275,0.0023008252879279656,-0.0024201927710797433,21.670000076293945,9.496374964171764
2012-01-11,179.5,180.77,178.19,178.9,3102777,-0.24534403925504655,179.07999999999998,183.22833333333332,2.035323752653868,5.186826990514674,2012,1,11,2,1521,-0.5999999999999943,2.5800000000000125,1.437325905292486,0.4368279569892497,45.05464480874317,-3.933315231048539,-0.22154261551376608,17343.638904415875,179.9170930865942,-1.4101486858878265,0.393055599293632,1292.02001953125,21.18000030517578,0.4368279569892497,3985802.0,2.815156804233987,7009839.0,-0.8490197173658065,4205374.0,-0.4371333256643406,4280263.0,-0.33876998838907335,-883025.0,32069.646399999994,33572.62213611111,2029.921018842008,15.47096870679842,4.142542778117024,139794515.6557377,-703.6700948345837,372.9289789925138,-4255.158424190361,0.008783778374291895,0.0023008252879279656,20.13999938964844,8.141295010615465
2012-01-12,179.42,179.49,175.75,175.93,5386885,-1.6601453325880366,178.63714285714286,182.81300000000002,1.9886757115218536,5.170086188650955,2012,1,12,3,1522,-3.4899999999999807,3.740000000000009,2.084494482220493,-0.24534403925504655,52.515923566878996,-3.8780447225753107,0.7361495847107284,30619.479338373214,180.76348148728192,-2.4053140100009673,-2.4281674772809367,1292.47998046875,21.01000022888184,-0.24534403925504655,3102777.0,-2.217841301133572,5056842.0,0.056334854374417986,3809838.0,3.4257654534950888,5110970.0,-0.046648041132014484,2284108.0,31911.22880816327,33420.592969000005,2757.922228082277,15.039230870294219,3.954831085596951,282897240.92356694,-682.2644080426744,363.55577285044467,-50832.785709876116,0.00035600140133040803,0.008783778374291895,21.18000030517578,7.9547028460874
2012-01-13,176.02,178.8,173.5,178.42,4753389,1.4153356448587395,178.76714285714283,182.35066666666668,1.966268637604948,5.184140321485637,2012,1,13,4,1523,2.3999999999999773,5.300000000000011,3.0110214748324116,-1.6601453325880366,48.95583704210885,-3.591914897160933,-0.11759968887399674,26641.57045174308,181.80862652937557,-1.2042030053961366,-2.1844235239794614,1294.8199462890625,21.40999984741211,-1.6601453325880366,5386885.0,0.4368279569892497,3985802.0,2.815156804233987,7009839.0,-0.8490197173658065,4205374.0,-0.02240707391690555,-633496.0,31957.691365306113,33251.76563377778,2396.673980493517,12.901852628446637,3.866212355228819,232706137.28175274,-640.8694559514537,358.55039691302073,37706.76429536733,0.0018104464716457436,0.00035600140133040803,21.01000022888184,7.86507455041982
2012-01-17,180.39,183.3,178.51,181.66,5644453,1.8159399170496693,179.3457142857143,181.835,1.9364280460531618,5.2021368080740675,2012,1,17,1,1527,1.2700000000000102,4.7900000000000205,2.6553578358002223,1.4153356448587395,57.133550488599326,-3.0683440664555235,0.18745867422169749,31071.52372564131,182.95790098903746,-0.031475171137698134,-1.2664258178997727,1290.219970703125,20.899999618530277,1.4153356448587395,4753389.0,-0.24534403925504655,3102777.0,-2.217841301133572,5056842.0,0.056334854374417986,3809838.0,-0.02984059155178631,891064.0,32164.88523265307,33063.967225,3264.2425914333285,9.414735310152818,3.749753577541266,322487640.45602596,-557.3953831123104,352.1103937540767,56424.02021694791,-0.0035525986444068236,0.0018104464716457436,21.40999984741211,7.745712184212664
2012-01-18,181.9,190.25,181.12,189.44,7474537,4.2827259715952914,180.32142857142858,181.61533333333333,2.1045871199376402,5.244072351695641,2012,1,18,2,1528,7.539999999999992,9.129999999999995,5.019241341396369,1.8159399170496693,67.57405924739788,-2.0025453350885414,0.3242269888685405,39455.95967060811,184.16762157726646,3.763571403124704,1.5088070196088381,1293.6500244140625,23.200000762939453,1.8159399170496693,5644453.0,-1.6601453325880366,5386885.0,0.4368279569892497,3985802.0,2.815156804233987,7009839.0,0.16815907388447848,1830084.0,32515.81760204082,32984.12930177777,4566.253483170839,4.010187819084878,4.429286945407411,505084806.08486766,-379.36218827917327,382.2252913165145,168979.06321552975,0.002658503037329618,-0.0035525986444068236,20.899999618530277,8.418348479750534
2012-01-19,190.84,195.94,190.36,194.45,7096902,2.64463682432432,182.59142857142857,181.55566666666667,2.1630636018473663,5.270175060601757,2012,1,19,3,1529,3.609999999999985,5.579999999999984,2.923915321735477,4.2827259715952914,75.63591022443889,-0.7450386898854902,-0.05052286181739418,36497.310362561075,185.47849788112933,0.446891755037277,8.524610363833375,1308.0699462890625,20.489999771118164,4.2827259715952914,7474537.0,1.4153356448587395,4753389.0,-0.24534403925504655,3102777.0,-2.217841301133572,5056842.0,0.0584764819097261,-377635.0,33339.6297877551,32962.46009877778,5720.790915479379,0.5550826494262876,4.678844145636901,536780642.5436408,-144.87277324823356,392.71645427579983,96522.13097362262,0.011146694703253468,0.002658503037329618,23.200000762939453,8.652254407389478
2012-01-20,190.79,192.9,189.04,190.93,5610242,-1.8102339933144695,184.24714285714285,181.52033333333333,2.15177938525429,5.251906868725373,2012,1,20,4,1530,0.14000000000001478,3.8600000000000136,2.0231668326432275,2.64463682432432,69.58017894012386,-0.032119937206346094,-0.20948013654408637,29383.76368302519,186.84832480957522,2.2017197720397834,1.8799554183850091,1314.489990234375,19.90999984741211,2.64463682432432,7096902.0,1.8159399170496693,5644453.0,-1.6601453325880366,5386885.0,0.4368279569892497,3985802.0,-0.011284216593076213,-1486660.0,33947.0096510204,32949.63141344444,4841.401301339655,0.001031690366139616,4.630154522805331,390361642.25739837,-6.13265961080766,390.5917112711538,-53191.487870531375,0.004908028017558186,0.011146694703253468,20.489999771118164,8.607117541017146
2012-01-23,190.8,191.73,185.23,186.09,4586384,-2.5349604567118877,185.27428571428572,181.21266666666668,2.1744486802848573,5.226230427653136,2012,1,23,0,1533,-4.710000000000008,6.5,3.4067085953878404,-1.8102339933144695,63.62492133417244,0.1407038141771011,-0.1824980098897695,24646.05298511473,188.16838072325572,-1.0463830990263345,-1.0319976242293762,1315.2900390625,19.21999931335449,-1.8102339933144695,5610242.0,4.2827259715952914,7474537.0,1.4153356448587395,4753389.0,-0.24534403925504655,3102777.0,0.022669295030567138,-1023858.0,34326.56094693878,32838.03056044445,4048.1306147796313,0.019797563323984194,4.728227063192557,291808321.20830715,26.183572780216743,394.0376438842331,-62476.76973129182,0.0006086382049834693,0.004908028017558186,19.90999984741211,8.697794721139417
2012-01-24,185.0,188.41,183.82,187.0,4678993,0.4890106937503358,186.85571428571424,181.09666666666666,2.131412847612698,5.231108616854587,2012,1,24,1,1534,2.0,4.590000000000003,2.4810810810810833,-2.5349604567118877,59.34349355216881,0.34709616851824876,0.020192160098238654,25021.352941176472,189.3149257359386,-3.9985685104208257,1.683642774482223,1315.9599609375,19.76000022888184,-2.5349604567118877,4586384.0,2.64463682432432,7096902.0,1.8159399170496693,5644453.0,-1.6601453325880366,5386885.0,-0.04303583267215938,92609.0,34915.05796122448,32796.002677777775,3521.650226976301,0.12047575020004854,4.54292072696847,277667790.926143,64.90698351291252,385.99176199316753,12235.709160336712,0.0005093339530477525,0.0006086382049834693,19.21999931335449,8.525651390450776
2012-01-25,187.0,188.17,184.61,187.8,4306783,0.42780748663102663,188.1957142857143,180.92233333333334,2.117546177125062,5.235377566774162,2012,1,25,2,1535,0.8000000000000114,3.559999999999974,1.9037433155080072,0.4890106937503358,62.270450751252106,0.5686617319647951,-0.07954916795130917,22932.816826411075,190.16858815512884,-1.2788270390547902,-1.089761116074044,1314.4000244140625,19.350000381469727,0.4890106937503358,4678993.0,-1.8102339933144695,5610242.0,4.2827259715952914,7474537.0,1.4153356448587395,4753389.0,-0.01386667048763579,-372210.0,35417.626875510214,32732.89069877778,3877.609036764114,0.32337616540120045,4.484001812256965,268185318.6978298,106.79467326298852,383.1113953065462,9810.830727876639,-0.001185398165401752,0.0005093339530477525,19.76000022888184,8.470184708500256
2012-01-26,189.3,194.85,188.73,193.32,5874242,2.939297124600637,189.86142857142858,181.049,2.1598101618309977,5.264346846976883,2012,1,26,3,1536,4.019999999999982,6.1200000000000045,3.232963549920763,0.42780748663102663,66.58922914466737,1.1761143901412936,0.3639512369209221,30386.105938340577,190.5283272815905,-0.19853452057346613,2.9902072389829755,1326.280029296875,17.959999084472656,0.42780748663102663,4306783.0,-2.5349604567118877,4586384.0,2.64463682432432,7096902.0,1.8159399170496693,5644453.0,0.04226398470593562,1567459.0,36047.36205918367,32778.740401,4434.125438081019,1.383245058697427,4.664779935148441,391161246.58922917,227.36643390211486,391.03146998934034,89313.7938123748,0.0090383480387628,-0.001185398165401752,19.350000381469727,8.639240647324016
2012-01-27,193.08,196.5,192.33,195.37,4659131,1.0604179598593166,190.70857142857145,181.54433333333333,1.9620704031065928,5.274895196603544,2012,1,27,4,1537,2.289999999999992,4.1699999999999875,2.159726538222492,2.939297124600637,64.36936936936937,1.8021685879702432,-0.20685409283444567,23847.72994830322,190.4269156891333,2.674159695786606,2.2689246150800955,1318.25,19.15999984741211,2.939297124600637,5874242.0,0.4890106937503358,4678993.0,-1.8102339933144695,5610242.0,4.2827259715952914,7474537.0,-0.19773975872440497,-1215111.0,36369.759216326536,32958.34496544444,4143.415713010308,3.24781161946666,3.8497202667468673,299905324.2792793,352.0896770317464,356.202763285051,25288.561139055626,-0.006054550411297432,0.0090383480387628,17.959999084472656,7.848281612426376
2012-01-30,193.68,195.0,190.13,192.15,5426638,-1.6481547832318144,190.38000000000002,181.94233333333335,1.9921840805761293,5.258276317010853,2012,1,30,0,1540,-1.5300000000000011,4.8700000000000045,2.5144568360181765,1.0604179598593166,65.59559329814094,2.0152632604804523,0.1647317922591145,28241.67577413479,190.01422611889686,1.0671662780619973,1.0686076030411584,1316.1600341796875,20.32999992370605,1.0604179598593166,4659131.0,0.42780748663102663,4306783.0,-2.5349604567118877,4586384.0,2.64463682432432,7096902.0,0.030113677469536526,767507.0,36244.544400000006,33103.012658777785,4302.781860135113,4.061286009042304,3.9687974109009576,355963539.22423697,387.2328355013189,362.46262004954235,-46546.65301362231,-0.0015854093080315268,-0.006054550411297432,19.15999984741211,7.968736322304494
2012-01-31,194.25,195.63,189.7,194.44,12745930,1.1917772573510232,190.8814285714286,182.38166666666666,1.9989608381893218,5.270123632177254,2012,1,31,1,1541,0.18999999999999773,5.930000000000007,3.0527670527670563,-1.6481547832318144,66.7480035492458,2.341929875575545,1.3487710070212904,65551.99547418227,189.38446900053,2.603373475919254,2.4521575235507385,1313.530029296875,19.06999969482422,-1.6481547832318144,5426638.0,2.939297124600637,5874242.0,0.4890106937503358,4678993.0,-1.8102339933144695,5610242.0,0.006776757613192519,7319292.0,36435.71977346939,33263.07233611111,4455.295977810129,5.4846355421132875,3.995844432614556,850765380.8784385,455.3648450069089,364.5738092703655,78123.37738010763,-0.001998240954377284,-0.0015854093080315268,20.32999992370605,7.9958433527572765
2012-02-01,173.81,179.95,172.0,179.46,21337323,-7.704176095453608,189.93428571428572,182.32166666666666,2.4716439402969654,5.189952341869912,2012,2,32,2,1542,5.650000000000006,7.949999999999989,4.573960071342264,1.1917772573510232,50.469641060046975,1.3761908432361452,0.6740499124034103,118897.37545971246,188.58345152736143,-0.3973208608540526,-8.726130666507373,1312.449951171875,18.68000030517578,1.1917772573510232,12745930.0,1.0604179598593166,4659131.0,0.42780748663102663,4306783.0,-2.5349604567118877,4586384.0,0.47268310210764364,8591393.0,36075.03288979592,33241.19013611111,2547.1846687299794,1.8939012370070123,6.109023767606709,1076887032.9922848,246.97120872715863,450.63424260150987,-916006.3178288892,-0.0008222713610728238,-0.001998240954377284,19.06999969482422,9.886575761187885
2012-02-02,179.95,181.94,176.8,181.72,8738156,1.2593335562242292,189.18,182.40133333333333,2.4736479794508,5.202467040891203,2012,2,33,3,1543,1.7700000000000102,5.139999999999986,2.8563489858293893,-7.704176095453608,54.91427601425903,0.7841595119931526,-0.5904755249756495,48085.82434514638,187.6622946587363,-3.987506979014548,-1.9547876797217612,1324.239990234375,18.3799991607666,-7.704176095453608,21337323.0,-1.6481547832318144,5426638.0,2.939297124600637,5874242.0,0.4890106937503358,4678993.0,0.0020040391538347357,-12599167.0,35789.072400000005,33270.246401777775,3015.5777101702247,0.6149061402493392,6.1189343262410265,479849510.43965364,142.4974665193957,451.1966896491319,60556.0921765468,0.008983229457224517,-0.0008222713610728238,18.68000030517578,9.894591917803211
2012-02-03,182.71,187.9,181.89,187.68,8122016,3.2797710763812438,189.16285714285712,182.57333333333335,2.5239809963564905,5.234738384905166,2012,2,34,4,1544,4.969999999999999,6.010000000000019,3.2893656614306934,1.2593335562242292,57.42225072138508,0.7868226056119454,-0.07051144429099232,43275.873827791984,186.65820404566034,-0.9730631988700487,1.9948591532097169,1326.2099609375,16.84000015258789,1.2593335562242292,8738156.0,1.1917772573510232,12745930.0,1.0604179598593166,4659131.0,0.42780748663102663,4306783.0,0.050333016905690364,-616140.0,35782.58652244897,33333.02204444445,3297.3148779096095,0.6190898127019709,6.3704800699687025,466384439.11510116,147.67086662124993,460.8116237747924,141934.9592855162,0.0014876236314056435,0.008983229457224517,18.3799991607666,10.09592398542594
2012-02-06,186.5,186.52,182.92,183.14,5082036,-2.419011082693956,187.70857142857145,182.86633333333333,2.4205073917173667,5.210250887679586,2012,2,37,0,1547,-3.3600000000000136,3.6000000000000227,1.930294906166232,3.2797710763812438,51.16206030150753,0.4177771934259624,-0.374288846512984,27749.459429944305,185.66895737535015,-0.01107875354562185,-2.5178786218045275,1344.3199462890625,17.979999542236328,3.2797710763812438,8122016.0,-7.704176095453608,21337323.0,-1.6481547832318144,5426638.0,2.939297124600637,5874242.0,-0.1034736046391238,-3039980.0,35234.50778775511,33440.095866777774,2617.556414295093,0.17453778334687403,5.85885603335841,260007432.28643212,76.51171520403075,442.6293115295852,-67126.24989980158,0.01365544362128035,0.0014876236314056435,16.84000015258789,9.68202956686946
2012-02-07,182.45,184.94,182.06,184.19,5103838,0.5733318772523921,186.1114285714286,183.03833333333336,2.375853410204525,5.215967833531011,2012,2,38,1,1548,1.740000000000009,2.8799999999999955,1.5785146615511076,-2.419011082693956,45.39069359086918,0.20763874007883487,0.004290012900341589,27709.636788099247,184.85049376069026,1.4188175713521003,-2.0793113320423515,1344.3299560546875,17.93000030517578,-2.419011082693956,5082036.0,1.2593335562242292,8738156.0,1.1917772573510232,12745930.0,1.0604179598593166,4659131.0,-0.044653981512841945,21802.0,34637.463844897975,33503.03146944445,2060.315064660173,0.04311384638152595,5.64467942678047,231666746.7954346,38.24497953512059,434.8722484481526,15886.818077702887,7.445969728125945e-06,0.01365544362128035,17.979999542236328,9.50341364081811
2012-02-08,184.95,186.49,182.91,185.48,5477158,0.7003637548183894,185.15857142857143,183.31166666666667,2.368806335155331,5.22294705952326,2012,2,39,2,1549,0.5300000000000011,3.5800000000000125,1.9356582860232563,0.5733318772523921,41.574300206650385,0.14354008016206876,0.07314495483594885,29529.642009920208,184.37075269228762,1.1791349164390925,-0.06988760872673083,1347.0400390625,17.790000915527344,0.5733318772523921,5103838.0,3.2797710763812438,8122016.0,-7.704176095453608,21337323.0,-1.6481547832318144,5426638.0,-0.007047075049193996,373320.0,34283.69657346939,33603.167136111115,1728.4224376726902,0.020603754612933126,5.61124345347203,227709010.97125682,26.62381406846051,434.2298373078823,20681.49095651057,0.0020159358910412095,7.445969728125945e-06,17.93000030517578,9.475225340621307
2012-02-09,184.5,185.69,181.76,184.98,7189245,-0.2695708432175925,183.80714285714285,183.602,2.3661701806500792,5.220247711126114,2012,2,40,3,1550,0.47999999999998977,3.930000000000007,2.130081300813012,0.7003637548183894,44.07488548097986,0.05179850808869446,0.31258674663027786,38864.98540382744,183.98076503713062,2.055444160980511,-1.0562091981111337,1349.969970703125,18.1200008392334,0.7003637548183894,5477158.0,-2.419011082693956,5082036.0,1.2593335562242292,8738156.0,1.1917772573510232,12745930.0,-0.0026361545052515645,1712087.0,33785.06576530612,33709.694404,1942.5955301614893,0.0026830854402145454,5.598761323797628,316865150.06970704,9.5816880262467,434.4335775077159,-10476.866886949188,0.0021750887543507957,0.0020159358910412095,17.790000915527344,9.464680722600292
2012-02-10,183.15,187.63,182.52,185.54,5797010,0.30273543085739263,184.6757142857143,183.99033333333333,2.34828563125779,5.223270492225125,2012,2,41,4,1551,2.3899999999999864,5.109999999999985,2.790062790062782,-0.2695708432175925,49.401262791204,0.024003276315113453,-0.1936552447440587,31243.990514174842,183.5417928596855,0.04685074670118803,1.9513563936133096,1351.2099609375,20.100000381469727,-0.2695708432175925,7189245.0,0.5733318772523921,5103838.0,3.2797710763812438,8122016.0,-7.704176095453608,21337323.0,-0.017884549392289006,-1392235.0,34105.11944693878,33852.44276011111,2440.4847653655966,0.0005761572738596864,5.514445405971799,286379614.4132375,4.45356788750615,432.0618560569979,9458.66293001301,0.0009185317164714935,0.0021750887543507957,18.1200008392334,9.39314252503118
2012-02-13,187.17,192.5,185.68,191.59,6072118,3.260752398404665,186.08571428571426,184.58133333333333,2.4111582438113346,5.255357672107901,2012,2,44,0,1554,4.420000000000016,6.819999999999993,3.6437463268686185,0.30273543085739263,54.49383199530057,0.4845739263350879,0.047456878632260446,31693.292969361657,183.1418142182039,-3.2756798862004057,11.723865667996506,1343.06005859375,19.63999938964844,0.30273543085739263,5797010.0,0.7003637548183894,5477158.0,-2.419011082693956,5082036.0,1.2593335562242292,8738156.0,0.06287261255354437,275108.0,34627.89306122448,34070.26861511111,2969.577725532044,0.23481189008380318,5.813684076699359,330892978.14764047,92.8395185465395,445.05480352035454,103343.98106318773,-0.0060315588097762385,0.0009185317164714935,20.100000381469727,9.644632975245315
2012-02-14,190.64,193.57,186.1,191.3,9532219,-0.15136489378360096,186.60285714285715,185.188,2.408493211256422,5.253842876446207,2012,2,45,1,1555,0.660000000000025,7.469999999999999,3.9183801930339905,3.260752398404665,53.461234177215196,0.8167637640848113,0.5698342818766038,49828.640878201775,182.83321521385562,-0.6142306826852006,9.081015468829577,1351.300048828125,19.450000762939453,3.260752398404665,6072118.0,-0.2695708432175925,7189245.0,0.5733318772523921,5103838.0,3.2797710763812438,8122016.0,-0.002665032554912461,3460101.0,34820.626293877554,34294.595343999994,2858.103559751042,0.6671030463219894,5.8008395486682724,509604192.18750006,156.24690806942442,446.0240408061543,-7542.3069339102085,0.006135235860563526,-0.0060315588097762385,19.63999938964844,9.63397284502571
2012-02-15,191.54,191.54,183.26,184.47,7797587,-3.570308416100376,186.79285714285714,185.36933333333334,2.4401295456669096,5.217486848633488,2012,2,46,2,1556,-7.069999999999993,8.280000000000001,4.322856844523338,-0.15136489378360096,41.46905725853096,0.5228753034717499,-0.18197567638762813,42270.21737951971,182.54888698683985,-0.13206129712590664,2.0531743102860673,1350.52001953125,19.739999771118164,-0.15136489378360096,9532219.0,0.30273543085739263,5797010.0,0.7003637548183894,5477158.0,-2.419011082693956,5082036.0,0.03163633441048752,-1734632.0,34891.57147959184,34361.78974044445,1719.6827099113193,0.2733985829806746,5.954232199636599,323358581.78137666,96.4548072314337,452.32518712724465,-150917.7128604916,-0.0005772435940866183,0.006135235860563526,19.450000762939453,9.760518182667624
2012-02-16,177.65,181.68,175.14,179.93,12563763,-2.4611047866861746,186.18428571428572,185.45,2.479838565160935,5.192567886364428,2012,2,47,3,1557,2.280000000000001,6.5400000000000205,3.6813960033774387,-3.570308416100376,35.79838116261958,-0.07550312354382527,0.6112372968714552,69825.83782582115,182.1968425970679,1.3305365851449094,-3.5973791822127907,1342.6099853515625,21.59000015258789,-3.570308416100376,7797587.0,3.260752398404665,6072118.0,-0.2695708432175925,7189245.0,0.5733318772523921,5103838.0,0.03970901949402528,4766176.0,34664.58824693878,34391.7025,1281.5240938641962,0.005700721664874142,6.149599309259444,449762376.7108168,-13.58527701924048,459.88606190909536,-171848.70370750097,-0.005857028452220137,-0.0005772435940866183,19.739999771118164,9.919354260643729
2012-02-17,180.09,183.41,179.36,182.5,7418012,1.4283332407047045,185.75857142857143,185.613,2.4920974555177735,5.206750173022546,2012,2,48,4,1558,2.4099999999999966,4.049999999999983,2.248875562218881,-2.4611047866861746,41.01657047104821,-0.33844345099430484,-0.40957084274830713,40646.64109589041,181.73432322186196,0.6693297452418094,0.09634703289623303,1358.06005859375,18.729999542236328,-2.4611047866861746,12563763.0,-0.15136489378360096,9532219.0,0.30273543085739263,5797010.0,0.7003637548183894,5477158.0,0.012258890356838581,-5145751.0,34506.24685918367,34452.185769,1682.359053206464,0.11454396952093442,6.210549727798161,304261411.9530813,-61.76592980646063,462.5656850110205,58056.94860025417,0.01150749168466958,-0.005857028452220137,21.59000015258789,9.968389822071117
2012-02-21,182.65,184.75,180.58,182.26,6756486,-0.13150684931507728,185.37000000000003,185.60133333333334,2.4397714449373322,5.205434239067981,2012,2,52,1,1562,-0.3900000000000148,4.1699999999999875,2.283055023268539,1.4283332407047045,38.21138211382113,-0.5597392237717713,-0.0891783405041674,37070.59146274553,181.2289266779546,0.8589029878166606,0.1721703342287242,1361.219970703125,18.40999984741211,1.4283332407047045,7418012.0,-3.570308416100376,7797587.0,3.260752398404665,6072118.0,-0.2695708432175925,7189245.0,-0.052326010580441285,-661526.0,34362.036900000014,34447.854935111114,1460.1097230484495,0.3133079986286251,5.9524847035315975,258174668.2926829,-102.01807092464304,452.82483320896216,-4875.0366855120665,0.0023267837746785425,0.01150749168466958,18.729999542236328,9.759085779749341
2012-02-22,181.94,182.99,180.29,180.58,5786428,-0.9217601229013384,184.6614285714286,185.66866666666664,2.410020204697183,5.196173892879333,2012,2,53,2,1563,-1.3599999999999852,2.700000000000017,1.4840057161701754,-0.13150684931507728,51.45985401459855,-0.8607574021726805,-0.14357433731084468,32043.570716579907,180.85668717774152,0.28393314746305753,-0.5606203252045532,1362.1099853515625,18.850000381469727,-0.13150684931507728,6756486.0,-2.4611047866861746,12563763.0,-0.15136489378360096,9532219.0,0.30273543085739263,5797010.0,-0.02975124024014919,-970058.0,34099.84320204082,34472.85378177777,2648.116575203794,0.7409033053950617,5.808197387048652,297768740.1459854,-155.43557168434265,447.46523804585297,-29536.48568191242,0.0006538360203294236,0.0023267837746785425,18.40999984741211,9.64008081878876
2012-02-23,179.33,180.75,176.96,178.89,5156505,-0.9358732971536332,182.84714285714287,185.65366666666665,2.4157616054092266,5.1867710918031245,2012,2,54,3,1564,-0.44000000000002615,3.789999999999992,2.1134221825684447,-0.9217601229013384,46.25562318073563,-1.2216034689862454,-0.10886215122697462,28825.004192520544,180.58220463124275,-2.4792464218245267,0.7870417905817533,1357.530029296875,18.729999542236328,-0.9217601229013384,5786428.0,1.4283332407047045,7418012.0,-3.570308416100376,7797587.0,3.260752398404665,6072118.0,0.005741400712043543,-629923.0,33433.077651020416,34467.283946777774,2139.5826758382077,1.4923150354392285,5.835904134169364,238517352.2095792,-218.53264456694941,448.49499983677606,-26976.551714121502,-0.0033623981205198605,0.0006538360203294236,18.850000381469727,9.66304642163692
2012-02-24,179.71,180.74,178.37,179.13,3311754,0.13416065738722782,181.10857142857142,185.66133333333335,2.4153163603308023,5.188111799227011,2012,2,55,4,1565,-0.5800000000000125,2.3700000000000045,1.318791386122088,-0.9358732971536332,36.66978484565014,-1.471250917697887,-0.3577521984367319,18487.991961145537,180.38316212441038,-0.6237672780584901,-0.6293948463518859,1363.4599609375,16.68000030517578,-0.9358732971536332,5156505.0,-0.13150684931507728,6756486.0,-2.4611047866861746,12563763.0,-0.15136489378360096,9532219.0,-0.0004452450784242501,-1844751.0,32800.31464489796,34470.13069511112,1344.6731206262727,2.1645792628268747,5.833753120481634,121441306.64172123,-263.5451768872225,448.43085588083056,2480.3611552770685,0.004368177139842944,-0.0033623981205198605,18.729999542236328,9.661265441323224
2012-02-27,177.78,179.19,176.5,178.53,3706636,-0.3349522693016249,180.26,185.748,2.395319904720747,5.18475665432487,2012,2,58,0,1568,0.75,2.6899999999999977,1.5131060861739214,0.13416065738722782,41.80590117312481,-1.6979405038087236,0.1192365133400608,20761.978378983924,180.29137853117064,-0.04148568701824651,-1.7198928441523833,1365.199951171875,19.100000381469727,0.13416065738722782,3311754.0,-0.9217601229013384,5786428.0,1.4283332407047045,7418012.0,-3.570308416100376,7797587.0,-0.019996455610055364,394882.0,32493.667599999997,34502.319504,1747.7333728970782,2.883001954474222,5.737557445951408,154959258.30074665,-303.13331814497144,444.9258816620693,-6954.271773231937,0.0012761579248565802,0.004368177139842944,16.68000030517578,9.581279618883002
2012-02-28,178.9,184.29,177.95,183.8,5764607,2.9518848372822593,180.81285714285715,185.92733333333334,2.4409156352116397,5.213848209921586,2012,2,59,1,1569,4.900000000000006,6.340000000000003,3.5438792621576316,-0.3349522693016249,49.39721792890265,-1.4357976951627052,0.5552125970826378,31363.47660500544,180.30446483863795,1.8782715817054678,1.6172635796565942,1367.56005859375,18.670000076293945,-0.3349522693016249,3706636.0,-0.9358732971536332,5156505.0,-0.13150684931507728,6756486.0,-2.4611047866861746,12563763.0,0.045595730490892716,2057971.0,32693.28930816327,34568.97328044444,2440.085139115501,2.0615150214345364,5.958069138220642,284755548.2534777,-263.8996163709052,453.83293494653964,92581.37103477243,0.0017287631894866706,0.0012761579248565802,19.100000381469727,9.763662540846553
2012-02-29,183.89,184.0,179.01,179.69,5301548,-2.236126224156698,180.41142857142856,185.86166666666668,2.4563721603673296,5.191233143938362,2012,2,60,2,1570,-4.199999999999989,4.990000000000009,2.7135787699168032,2.9518848372822593,41.768552743815775,-1.5419160337430355,-0.08032793909454716,29503.856641994545,180.4834612224261,0.6914713319576176,-1.484932554383704,1372.199951171875,17.799999237060547,2.9518848372822593,5764607.0,0.13416065738722782,3311754.0,-0.9217601229013384,5786428.0,1.4283332407047045,7418012.0,0.01545652515568996,-463059.0,32548.28355918367,34544.559136111115,1744.6119983129204,2.377505055113854,6.033764190227662,221437987.26187104,-277.0668921032861,456.54542367947255,-65974.34755092378,0.003392825455063475,0.0017287631894866706,18.670000076293945,9.825488641469292
2012-03-01,179.93,180.49,176.58,180.04,4937075,0.1947798987144589,180.0942857142857,185.54833333333335,2.3198027289089156,5.1931790484247315,2012,3,61,3,1571,0.10999999999998522,3.9099999999999966,2.1730673039515347,-2.236126224156698,42.94688749286124,-1.5795652615909432,-0.06874841084151273,27422.100644301267,180.83103432594962,0.1692801000758738,-0.9603144260254908,1365.9000244140625,18.020000457763672,-2.236126224156698,5301548.0,-0.3349522693016249,3706636.0,-0.9358732971536332,5156505.0,-0.13150684931507728,6756486.0,-0.13656943145841405,-364473.0,32433.95174693877,34428.18400277778,1844.4351453244808,2.495026415624865,5.381484701053251,212032004.56881788,-284.3849296968334,430.4355300111678,5341.273986034698,-0.004591114255930617,0.003392825455063475,17.799999237060547,9.279210915635645
2012-03-02,179.35,181.84,178.92,179.3,3657711,-0.4110197733836807,179.9114285714286,185.04333333333332,2.2594826433157977,5.189060380611087,2012,3,62,4,1572,-0.04999999999998295,2.920000000000016,1.6281014775578566,0.1947798987144589,41.136363636363676,-1.6500931151858538,-0.25913400140771614,20399.94980479643,181.27124693812573,-0.31273397411284587,-1.658512964012857,1374.0899658203125,17.649999618530273,0.1947798987144589,4937075.0,2.9518848372822593,5764607.0,0.13416065738722782,3311754.0,-0.9217601229013384,5786428.0,-0.060320085593117856,-1279364.0,32368.12213061225,34241.035211111106,1692.2004132231436,2.722807288783755,5.105261815445345,150464929.77272743,-295.8616955528236,418.10219992796624,-8384.78274580589,0.005996003557993346,-0.004591114255930617,18.020000457763672,9.037930573263168
2012-03-05,179.0,181.82,178.18,180.26,4683857,0.535415504740655,180.10714285714286,184.68766666666667,2.243978248369381,5.194400253128264,2012,3,65,0,1575,1.259999999999991,3.6399999999999864,2.033519553072618,-0.4110197733836807,31.185652607107244,-1.6099643040116405,0.2805432140483488,25983.895484300458,181.751156959106,-1.578160993388471,0.08700403428247228,1369.5899658203125,18.270000457763672,-0.4110197733836807,3657711.0,-2.236126224156698,5301548.0,-0.3349522693016249,3706636.0,-0.9358732971536332,5156505.0,-0.015504394946416866,1026146.0,32438.582908163266,34109.53421877778,972.5449285311748,2.591985060191686,5.035438379154915,146069137.2633675,-290.2121654411383,414.4351067420948,13912.180515855156,-0.0032748947390163208,0.005996003557993346,17.649999618530273,8.97591299347755
2012-03-06,178.68,183.5,178.04,181.09,5612185,0.46044602241208654,180.38714285714286,184.52100000000002,2.201200527089942,5.198994145253251,2012,3,66,1,1576,2.4099999999999966,5.460000000000008,3.055742108797855,0.535415504740655,33.344208809135395,-1.4939663544704729,0.19819734035432757,30991.137003699816,182.2455665921709,-1.1657945540665193,0.010227961895623139,1363.6300048828125,20.56999969482422,0.535415504740655,4683857.0,0.1947798987144589,4937075.0,2.9518848372822593,5764607.0,0.13416065738722782,3311754.0,-0.04277772127943891,928328.0,32539.52130816327,34047.99944100001,1111.8362611072225,2.2319354682897945,4.845283760461038,187133868.51549754,-270.5423671310579,406.1677224591632,14269.74576338161,-0.004351638874581232,-0.0032748947390163208,18.270000457763672,8.804802108359752
2012-03-07,182.65,185.5,182.4,183.77,3761317,1.4799271080678134,181.1357142857143,184.41333333333333,2.2172056376191196,5.213684975707333,2012,3,67,2,1577,1.1200000000000045,3.0999999999999943,1.6972351491924416,0.46044602241208654,48.67924528301889,-1.1722703386821536,-0.3297945452617831,20467.524623170266,182.7432262733228,-0.5440831831583545,1.5708569098355838,1343.3900146484375,20.43000030517578,0.46044602241208654,5612185.0,-0.4110197733836807,3657711.0,-2.236126224156698,5301548.0,-0.3349522693016249,3706636.0,0.016005110529177635,-1850868.0,32810.146989795925,34008.27751111111,2369.668921324317,1.3742177469539711,4.916000839490007,183098072.83018878,-215.42812013961938,408.88228231880055,30290.444524875133,-0.014842728718127862,-0.004351638874581232,20.56999969482422,8.868822550476466
2012-03-08,184.17,188.38,183.8,187.64,4222585,2.1058932361103455,181.68428571428575,184.408,2.2501755364267644,5.234525233460257,2012,3,68,3,1578,3.469999999999999,4.579999999999984,2.4868328175055567,1.4799271080678134,64.92450638792099,-0.5981521458145664,0.12263470481217076,22503.650607546366,183.27574738167647,2.3068155242239397,2.0574370940995834,1352.6500244140625,18.07999992370605,1.4799271080678134,3761317.0,0.535415504740655,4683857.0,0.1947798987144589,4937075.0,2.9518848372822593,5764607.0,0.03296989880764478,461268.0,33009.17967551022,34006.310463999995,4215.191529715193,0.35778598954257035,5.0632899447334765,274149246.80603933,-112.23726864064524,414.95037032138674,47390.28560222236,0.006893016670254326,-0.014842728718127862,20.43000030517578,9.000702145707066
2012-03-09,186.79,187.2,183.44,184.32,4510556,-1.769345555318691,182.3457142857143,184.108,2.203412867833362,5.216673377507527,2012,3,69,4,1579,-2.469999999999999,3.759999999999991,2.0129557256812416,2.1058932361103455,53.42362678705793,-0.4063712010230063,0.06819779826812256,24471.332465277777,183.78395571724718,1.366781957863501,-0.8307376751106972,1365.969970703125,17.15999984741211,2.1058932361103455,4222585.0,0.46044602241208654,5612185.0,-0.4110197733836807,3657711.0,-2.236126224156698,5301548.0,-0.04676266859340217,287971.0,33249.95951836735,33895.755664000004,2854.0838990828533,0.16513755302088057,4.855028266133642,240970260.34612486,-74.90233977256051,405.66593627106465,-43298.24333016522,0.009847296823753293,0.006893016670254326,18.07999992370605,8.813651471333458
2012-03-12,184.32,185.4,182.2,183.39,2588002,-0.5045572916666741,182.8242857142857,183.7086666666667,2.1926385987095327,5.211615032708743,2012,3,72,0,1582,-0.9300000000000068,3.200000000000017,1.7361111111111205,-1.769345555318691,52.071873854052065,-0.3256724983968695,-0.42623437110635587,14112.012650635259,184.21580264494747,0.10672855651269106,-0.932531201460165,1370.780029296875,15.789999961853027,-1.769345555318691,4510556.0,1.4799271080678134,3761317.0,0.535415504740655,4683857.0,0.1947798987144589,4937075.0,-0.010774269123829505,-1922554.0,33424.719446938776,33748.87420844445,2711.480046672311,0.10606257621205897,4.8076640245509035,134762113.67803445,-59.7250794810019,402.8067134507967,-7120.318882970369,0.0035213501738065034,0.009847296823753293,17.15999984741211,8.770554394838143
2012-03-13,183.99,184.87,180.77,184.59,4404299,0.6543432030099883,183.57999999999998,183.45666666666665,2.1799906195419254,5.218137149420508,2012,3,73,1,1583,0.5999999999999943,4.099999999999994,2.2283819772813707,-0.5045572916666741,57.48413587159385,-0.16300915590178988,0.7018143726318604,23859.900319627282,184.6568142655533,-0.7422142298733936,0.6753999643200927,1371.9200439453125,14.0,-0.5045572916666741,2588002.0,2.1058932361103455,4222585.0,0.46044602241208654,5612185.0,-0.4110197733836807,3657711.0,-0.012647979167607293,1816297.0,33701.61639999999,33656.34854444444,3304.425876903863,0.02657198490781404,4.7523591012907875,253177322.13512492,-30.089860087911394,399.9338124257631,15612.56359864396,0.0008316539664079414,0.0035213501738065034,15.789999961853027,8.719962478167702
2012-03-14,183.75,184.32,181.14,182.26,3699734,-1.2622568936562217,183.8657142857143,183.05066666666667,2.1754866895953002,5.205434239067981,2012,3,74,2,1584,-1.490000000000009,3.180000000000007,1.7306122448979628,0.6543432030099883,56.14290922347794,-0.21957765786831374,-0.15997210906888926,20299.209919894656,185.25177601641155,-1.0822081606020757,-1.9095678558094846,1395.949951171875,14.420000076293944,0.6543432030099883,4404299.0,-1.769345555318691,4510556.0,1.4799271080678134,3761317.0,0.535415504740655,4683857.0,-0.004503929946625185,-704565.0,33806.60088979592,33507.546567111116,3152.0262560756846,0.048214347834934244,4.732742336606318,207713830.11301494,-40.02022392307886,398.22428885487943,-25622.81765716179,0.01751553039305276,0.0008316539664079414,14.0,8.701946758381212
2012-03-15,182.02,184.43,180.3,184.43,4160618,1.1906068254142532,184.34285714285716,183.21633333333332,1.6618640160628773,5.217269987694714,2012,3,75,3,1585,2.4099999999999966,4.1299999999999955,2.268981430612018,-1.2622568936562217,59.02588555858312,-0.08828998666976418,0.12457219897430472,22559.334164723743,186.07050410575897,-1.6371066127609832,-0.0033974929979763147,1394.1700439453125,15.31999969482422,-1.2622568936562217,3699734.0,-0.5045572916666741,2588002.0,2.1058932361103455,4222585.0,0.46044602241208654,5612185.0,-0.513622673532423,460884.0,33982.28897959184,33568.22480011111,3484.0551659749513,0.007795121746147136,2.761792007884635,245584161.920981,-16.283322241504607,304.48063152164815,26859.29723332104,-0.0012750508892301893,0.01751553039305276,14.420000076293944,6.647456064251514
2012-03-16,183.26,185.68,182.35,185.05,4934824,0.3361709049503947,184.5257142857143,183.3273333333333,1.6482329940500466,5.220626058832165,2012,3,76,4,1586,1.7900000000000205,3.3300000000000125,1.8170904725526644,1.1906068254142532,61.09598366235535,0.06503556753614248,0.18607956798725578,26667.516887327747,187.11825566762914,-0.8133959049236259,-1.2548597627055074,1402.550048828125,14.43000030517578,1.1906068254142532,4160618.0,0.6543432030099883,4404299.0,-1.769345555318691,4510556.0,1.4799271080678134,3761317.0,-0.013631022012830618,774206.0,34049.73923265306,33608.9111471111,3732.719219670792,0.0042296250447481495,2.716672002675181,301497926.4805991,12.034831772563166,302.1661595112109,8964.843284792902,0.006010748057029058,-0.0012750508892301893,15.31999969482422,6.592931976200191
2012-03-19,183.45,186.68,183.0,185.52,3904019,0.2539854093488225,184.22285714285712,183.25533333333334,1.5338901407215386,5.223162692947276,2012,3,79,0,1589,2.0700000000000216,3.680000000000007,2.0059961842463925,0.3361709049503947,53.49877949552481,0.22191415766857858,-0.20888384266591875,21043.655670547647,188.3428181176434,1.7432062083500115,-4.566024325993396,1404.1700439453125,15.420000076293944,0.3361709049503947,4934824.0,-1.2622568936562217,3699734.0,-0.5045572916666741,2588002.0,2.1058932361103455,4222585.0,-0.11434285332850802,-1030805.0,33938.06109387754,33582.51719511111,2862.1194075107855,0.049245893373754755,2.3528189638027417,208860251.62733927,41.169514530674704,281.0935490346391,5344.781499679714,0.0011550355144480662,0.006010748057029058,14.43000030517578,6.135560562886155
2012-03-20,184.81,194.41,182.88,192.33,9167308,3.6707632600258666,185.36714285714285,183.56166666666667,1.6076282868542155,5.259212646667276,2012,3,80,1,1590,7.52000000000001,11.530000000000001,6.238839889616363,0.2539854093488225,73.16715542521996,0.8855436609612752,1.3481719735482844,47664.47252118754,189.74263165143148,2.9199733453941197,-0.3326049968255802,1409.5899658203125,15.81999969482422,0.2539854093488225,3904019.0,1.1906068254142532,4160618.0,0.6543432030099883,4404299.0,-1.769345555318691,4510556.0,0.07373814613267693,5263289.0,34360.9776510204,33694.885469444445,5353.432633018295,0.784187575468698,2.58446870869382,670745849.2668624,170.31661231268208,295.0989277154379,174964.99453928773,0.003859875731127005,0.0011550355144480662,15.420000076293944,6.430513147416889
2012-03-21,192.5,194.28,191.26,191.73,3927684,-0.3119638121978019,186.55857142857144,183.813,1.608204805368401,5.2560881323303,2012,3,81,2,1591,-0.7700000000000102,3.0200000000000102,1.568831168831174,3.6707632600258666,71.23138394478748,1.3475263924759702,-0.5715553573633612,20485.495227663905,191.3590619503703,0.10718900458489332,0.26374904504481833,1405.52001953125,14.720000267028809,3.6707632600258666,9167308.0,0.3361709049503947,4934824.0,-1.2622568936562217,3699734.0,-0.5045572916666741,2588002.0,0.0005765185141854978,-5239624.0,34804.10057346939,33787.218968999994,5073.9100586897275,1.8158273784193024,2.5863226960100167,279774367.01779866,258.36123522941773,295.6089498891819,-6390.73318598191,-0.002887326376996402,0.003859875731127005,15.81999969482422,6.432819221473608
2012-03-22,190.54,194.06,190.26,192.4,3740279,0.34944974704012033,187.67428571428573,184.04366666666667,1.6053094360424498,5.259576538231606,2012,3,82,3,1592,1.8600000000000136,3.8000000000000114,1.9943318988139034,-0.3119638121978019,73.85287691187175,1.7475695423239301,-0.04771386903834418,19440.11954261954,193.07810834559297,-0.6889049597191218,0.010796614126149962,1402.8900146484375,16.040000915527344,-0.3119638121978019,3927684.0,0.2539854093488225,3904019.0,1.1906068254142532,4160618.0,0.6543432030099883,4404299.0,-0.002895369325951247,-187405.0,35221.63751836735,33872.07124011111,5454.247428160079,3.053999305258271,2.5770183854469284,276230364.60305876,336.23237994312416,295.4470347438513,6793.344856598098,-0.0018711970276237277,-0.002887326376996402,14.720000267028809,6.421237744169787
2012-03-23,191.89,196.2,191.8,195.04,5984094,1.3721413721413667,189.5,184.379,1.618980671806717,5.273204665732961,2012,3,83,4,1593,3.1500000000000057,4.399999999999977,2.292980353327416,0.34944974704012033,75.36032944406308,2.251676630753792,0.5999057824295995,30681.367924528302,194.71840964414815,-0.527985333979621,0.8495756898314539,1392.780029296875,15.649999618530272,0.34944974704012033,3740279.0,3.6707632600258666,9167308.0,0.3361709049503947,4934824.0,-1.2622568936562217,3699734.0,0.013671235764267209,2243815.0,35910.25,33995.615641,5679.179253917721,5.070047649482749,2.6210984156837287,450963295.2642412,439.1670100622196,298.5060372870507,42099.17428313638,-0.0072065416718331,-0.0018711970276237277,16.040000915527344,6.475922687226841
2012-03-26,196.27,202.97,195.5,202.87,7619046,4.01456111566858,192.1342857142857,184.95666666666665,1.7633451116180627,5.312565379813238,2012,3,86,0,1596,6.599999999999994,7.469999999999999,3.8059815560197676,1.3721413721413667,80.13281682346425,3.245587578888319,0.27321629640176104,37556.297136097004,196.12893507046198,-2.1713208255689813,8.91238575510701,1397.1099853515625,14.510000228881836,1.3721413721413667,5984094.0,-0.3119638121978019,3927684.0,0.2539854093488225,3904019.0,1.1906068254142532,4160618.0,0.14436443981134572,1634952.0,36915.58374693878,34208.96854444444,6421.268332062876,10.533838732234141,3.1093859826673182,610535617.487548,658.4323521290733,326.14243402783814,150772.05013107028,0.003108858515779689,-0.0072065416718331,15.649999618530272,7.053380446472261
2012-03-27,203.8,209.85,202.88,205.44,9598624,1.2668211169714505,195.04714285714286,185.41833333333335,1.684210596121933,5.325154020501596,2012,3,87,1,1597,1.6399999999999864,6.969999999999999,3.4200196270853773,4.01456111566858,80.07216208714954,4.192320229661647,0.2598196677116793,46722.27414330218,197.2606539705658,-0.8527934427179247,9.032139472152124,1416.550048828125,14.520000457763672,4.01456111566858,7619046.0,0.34944974704012033,3740279.0,3.6707632600258666,9167308.0,0.3361709049503947,4934824.0,-0.07913451549612982,1979578.0,38043.387936734696,34379.958336111114,6411.551141310748,17.57554890803028,2.8365653320893967,768582576.7416036,861.2702679816887,312.28352171526865,59188.76351766439,0.013914483240681008,0.003108858515779689,14.510000228881836,6.736842384487716
2012-03-28,206.14,207.0,200.31,201.16,6246002,-2.083333333333337,197.28142857142856,185.74699999999999,1.736088869798796,5.304100611303764,2012,3,88,2,1598,-4.97999999999999,6.689999999999998,3.2453672261569797,1.2668211169714505,68.55104281009876,4.544862104430905,-0.349281522018156,31049.92046132432,198.10220129037918,0.7269636093689347,2.330835100251875,1412.52001953125,15.579999923706056,1.2668211169714505,9598624.0,1.3721413721413667,5984094.0,-0.3119638121978019,3927684.0,0.2539854093488225,3904019.0,0.05187827367686304,-3352622.0,38919.96205918367,34501.94800899999,4699.245470351993,20.655771548292115,3.0140045638392605,428169950.4939625,914.2444609273208,322.4732992985169,-64687.33429442578,-0.002844960755328696,0.013914483240681008,14.520000457763672,6.944355479195167
2012-03-29,201.28,205.31,200.63,204.61,5711125,1.715052694372643,199.03571428571428,186.41833333333335,1.605415748734351,5.321105728178468,2012,3,89,3,1599,3.3300000000000125,4.680000000000007,2.325119236883946,-2.083333333333337,77.74131802023511,5.044490500852049,-0.08563509906016675,27912.247690728702,198.7745551658939,3.2567232458249182,2.5787215882811836,1405.3900146484375,16.84000015258789,-2.083333333333337,6246002.0,4.01456111566858,7619046.0,0.34944974704012033,3740279.0,3.6707632600258666,9167308.0,-0.13067312106444495,-534877.0,39615.21556122449,34751.795002777784,6043.712527523333,25.44688441318656,2.5773597262842767,443990384.87831527,1032.1532013793378,299.27892818614316,47870.97560798084,-0.005047719525545946,-0.002844960755328696,15.579999923706056,6.421662994937378
2012-03-30,205.02,206.85,201.87,202.51,4438924,-1.026342798494706,200.57571428571427,187.17099999999996,1.5385037643016342,5.310789268043357,2012,3,90,4,1600,-2.5100000000000193,4.97999999999999,2.4290313140181397,1.715052694372643,75.33121356650761,5.210928811428687,-0.2227583882334917,21919.52989975804,199.199249833625,-0.10752780796061082,3.4182779743356093,1403.31005859375,14.880000114440918,1.715052694372643,5711125.0,1.2668211169714505,9598624.0,1.3721413721413667,5984094.0,-0.3119638121978019,3927684.0,-0.06691198443271684,-1272201.0,40230.61716122448,35032.98324099999,5674.791737402781,27.15377907777759,2.3669938327702984,334389531.84949625,1055.2651936024233,287.9632880681011,-22496.95165900605,-0.001479984938706047,-0.005047719525545946,16.84000015258789,6.15401505720655
2012-04-02,198.02,199.9,197.0,198.05,6430261,-2.202360377265311,201.38285714285712,187.6893333333333,1.5970142512780787,5.288519524067926,2012,4,93,0,1603,0.030000000000001137,2.9000000000000057,1.4644985355014672,-1.026342798494706,66.41463414634144,4.926161917305819,0.4486080410477855,32467.8667003282,198.83514284161805,-0.6354912243204421,-0.14965161729759302,1408.469970703125,16.350000381469727,-1.026342798494706,4438924.0,-2.083333333333337,6246002.0,4.01456111566858,7619046.0,0.34944974704012033,3740279.0,0.058510486976444565,1991337.0,40555.0551510204,35227.2858471111,4410.903628792383,24.267071235514145,2.5504545187852825,427063431.78048766,975.6263677224176,299.74254014621505,-71505.94315513465,0.003676957973596906,-0.001479984938706047,14.880000114440918,6.38805700511233
2012-04-03,198.5,202.39,197.5,199.66,5001070,0.8129260287806028,202.04285714285714,188.26933333333332,1.5978257006103356,5.296615919908279,2012,4,94,1,1604,1.1599999999999966,4.889999999999986,2.4634760705289604,-2.202360377265311,71.59880834160872,4.775348402909771,-0.2222601850842446,25047.93148352199,197.61042200576668,-0.0824543929410937,2.132032387174405,1418.97998046875,15.609999656677246,-2.202360377265311,6430261.0,1.715052694372643,5711125.0,1.2668211169714505,9598624.0,1.3721413721413667,5984094.0,0.0008114493322568528,-1429191.0,40821.31612244898,35445.341873777776,5126.389355938418,22.803952369172897,2.55304696953091,358070652.4329691,953.4460621249648,300.82157943677413,20362.11547006816,0.007462004859342786,0.003676957973596906,16.350000381469727,6.3913028024413165
2012-04-04,196.95,197.68,192.36,193.99,5457982,-2.8398277071020717,200.77428571428572,188.71633333333335,1.6850807122073672,5.267806611343015,2012,4,95,2,1605,-2.9599999999999795,5.319999999999993,2.7011931962426976,0.8129260287806028,60.91822750114206,4.150462049432406,0.09136284835045294,28135.378112273826,196.23650862895835,-2.186528346232274,-0.05998028272605893,1413.0899658203125,17.06999969482422,0.8129260287806028,5001070.0,-1.026342798494706,4438924.0,-2.083333333333337,6246002.0,4.01456111566858,7619046.0,0.08725501159703164,456912.0,40310.313804081634,35613.85446677778,3711.030441880901,17.226335223778648,2.839497006653288,332490589.1731384,805.1481329693925,318.0022533784963,-79899.62631302839,-0.004150879314373301,0.007462004859342786,15.609999656677246,6.740322848829464
2012-04-05,193.55,196.03,193.55,194.77,2455059,0.40208258157636845,199.25,189.24566666666666,1.670177752602868,5.271819375241808,2012,4,96,3,1606,1.2199999999999989,2.4799999999999898,1.281322655644531,-2.8398277071020717,61.06053709604004,3.6758022334666123,-0.5501892457688574,12604.913487703445,194.918085169162,-0.4901847082965357,0.3420995391345514,1398.7900390625,17.020000457763672,-2.8398277071020717,5457982.0,-2.202360377265311,6430261.0,1.715052694372643,5711125.0,1.2668211169714505,9598624.0,-0.014902959604499166,-3002923.0,39700.5625,35813.92235211111,3728.3891904568823,13.511522059558136,2.7894937252895673,149907221.14246696,715.9360010122921,316.0739022431648,5068.216155682588,-0.010119615242976554,-0.004150879314373301,17.06999969482422,6.680711010411471
2012-04-09,192.02,194.2,190.5,191.87,2787440,-1.4889356677106336,197.92285714285714,189.67033333333333,1.7016377703818457,5.256818059370008,2012,4,100,0,1610,-0.15000000000000568,3.6999999999999886,1.9268826163941197,0.40208258157636845,56.847099417726966,3.0306892467872046,0.13538615568913004,14527.753166206285,193.59349609228357,0.6945820788523835,-2.41807817113596,1397.449951171875,18.940000534057617,0.40208258157636845,2455059.0,0.8129260287806028,5001070.0,-1.026342798494706,4438924.0,-2.083333333333337,6246002.0,0.03146001777897767,332381.0,39173.45737959183,35974.83534677778,3231.5927122089333,9.185077310591593,2.895571101590099,158457878.80094886,581.498345781061,322.7502031209148,-21630.889860860625,-0.0009580336242051013,-0.010119615242976554,17.020000457763672,6.806551081527402
2012-04-10,192.75,193.52,186.57,186.98,4455291,-2.548600614999752,195.40428571428575,189.95200000000003,1.7740285840393637,5.231001659263169,2012,4,101,1,1611,-5.77000000000001,6.950000000000017,3.605706874189373,-1.4889356677106336,43.98200224971877,2.100635604838544,0.5983450764859513,23827.63397154776,192.32917742691015,2.8897046609509647,-8.238882087861128,1382.1800537109375,19.100000381469727,-1.4889356677106336,2787440.0,-2.8398277071020717,5457982.0,-2.202360377265311,6430261.0,1.715052694372643,5711125.0,0.07239081365751798,1667851.0,38182.83487551022,36081.76230400001,1934.4165218942667,4.412669944315397,3.14717741698871,195952618.78515178,392.776845392711,336.9802775954453,-60727.1225938756,-0.010926972696326254,-0.0009580336242051013,18.940000534057617,7.096114336157427
2012-04-11,189.63,191.97,186.79,187.97,4338008,0.5294683923414256,193.32714285714286,190.091,1.6964472296619661,5.236282375628504,2012,4,102,2,1612,-1.6599999999999966,5.180000000000007,2.7316352897748284,-2.548600614999752,45.80731489741304,1.4269965907210462,-0.026324430884537064,23078.193328722668,191.24642496494496,-0.423098998481219,-2.853325966463757,1358.97998046875,19.21999931335449,-2.548600614999752,4455291.0,0.40208258157636845,2455059.0,0.8129260287806028,5001070.0,-1.026342798494706,4438924.0,-0.07758135437739755,-117283.0,37375.384165306124,36134.588281000004,2098.310098110759,2.036319269929489,2.8779332030277596,198712498.48349696,268.2325491578351,322.4793503336728,12219.173919903405,-0.016785130981957774,-0.010926972696326254,19.100000381469727,6.7857889186478815
2012-04-12,188.06,192.26,185.61,190.69,4027825,1.4470394211842263,192.27571428571426,190.45766666666668,1.6551731524836606,5.250649072846535,2012,4,103,3,1613,2.6299999999999955,6.649999999999977,3.536105498245229,0.5294683923414256,48.17658349328215,1.099934723925628,-0.07150355647108075,21122.37138811684,190.36443656806253,-1.1287161219002793,1.4542795538377504,1368.77001953125,19.6299991607666,0.5294683923414256,4338008.0,-1.4889356677106336,2787440.0,-2.8398277071020717,5457982.0,-2.202360377265311,6430261.0,-0.04127407717830556,-310183.0,36969.95030408162,36274.12279211112,2320.9831970851865,1.2098563968973477,2.739598164702699,194046847.40882918,209.74655250537802,315.2404165513489,30564.904067498857,0.007203961208555265,-0.016785130981957774,19.21999931335449,6.620692609934622
2012-04-13,189.9,189.94,186.26,188.46,3432003,-1.169437306623311,190.6757142857143,190.73833333333332,1.6742766517583234,5.238885782778611,2012,4,104,4,1614,-1.4399999999999977,3.680000000000007,1.9378620326487659,1.4470394211842263,42.92168674698797,0.6532630650525562,-0.1479264863791252,18210.77682266794,189.72866160007402,-0.20042468048254225,-1.0682369195914703,1387.6099853515625,17.950000762939453,1.4470394211842263,4027825.0,-2.548600614999752,4455291.0,0.40208258157636845,2455059.0,0.8129260287806028,5001070.0,0.019103499274662816,-595822.0,36357.22801836735,36381.11180277777,1842.271193206563,0.4267526321618602,2.8032023066230622,147307357.68072295,123.11395723980473,319.3487380952963,-21296.361799019014,0.013764157273669975,0.007203961208555265,19.6299991607666,6.697106607033277
2012-04-16,189.01,189.47,183.65,185.5,4044271,-1.5706250663270804,189.46285714285713,190.94500000000002,1.7012256260773488,5.22305488204749,2012,4,107,0,1617,-3.509999999999991,5.819999999999993,3.079202158615943,-1.169437306623311,29.127613554434035,0.059736687701274604,0.17839961095605106,21802.0,189.37740800073868,-1.4559663587927212,-2.421441641945961,1370.27001953125,18.8700008392334,-1.169437306623311,3432003.0,0.5294683923414256,4338008.0,-1.4889356677106336,2787440.0,-2.8398277071020717,5457982.0,0.02694897431902543,612268.0,35896.17423673469,36459.99302500001,848.4178713764493,0.0035684718575196128,2.8941686308222674,117799962.79740448,11.08115556858644,324.84052717133943,-34242.767696063005,-0.012496282098978462,0.013764157273669975,17.950000762939453,6.804902504309382
2012-04-17,187.21,190.04,186.87,188.39,2829185,1.5579514824797691,188.5514285714286,191.216,1.719825657112104,5.238514282177283,2012,4,108,1,1618,1.1799999999999784,3.1699999999999875,1.6932856150846574,-1.5706250663270804,29.6684951108991,-0.1754163052400486,-0.3004462361696335,15017.702638144276,189.33384093823148,0.5170146817676848,-1.4608556199991654,1369.5699462890625,18.65999984741211,-1.5706250663270804,4044271.0,1.4470394211842263,4027825.0,-2.548600614999752,4455291.0,0.40208258157636845,2455059.0,0.01860003103475516,-1215086.0,35551.64121632654,36563.558656,880.2196021454439,0.0307708801440699,2.9578002908610803,83937661.34032908,-33.046677744172754,328.8581828503481,23396.852088537213,-0.0005109016706261738,-0.012496282098978462,18.8700008392334,6.879302628448443
2012-04-18,188.82,193.45,188.74,191.07,4001845,1.4225808163915277,188.43714285714285,191.54866666666666,1.7345027847051462,5.2526398530513845,2012,4,109,2,1619,2.25,4.7099999999999795,2.4944391483952866,1.5579514824797691,37.4907017108852,-0.14386476061869757,0.41448685752257286,20944.392107604544,189.52681043724425,0.3545411422411646,1.1886484205145678,1390.780029296875,19.020000457763672,1.5579514824797691,2829185.0,-1.169437306623311,3432003.0,0.5294683923414256,4338008.0,-1.4889356677106336,2787440.0,0.014677127593042183,1172660.0,35508.55680816326,36690.89170177778,1405.5527147745702,0.020697069347875158,3.0084999101499066,150031977.18819737,-27.488239811414545,332.24169573989116,29795.090423260343,0.015486673802446171,-0.0005109016706261738,18.65999984741211,6.9380111388205705
2012-04-19,192.93,194.55,189.75,191.1,4002787,0.01570105197048477,189.02571428571426,191.79300000000003,1.7175731644302081,5.252796851246227,2012,4,110,3,1620,-1.8300000000000125,4.800000000000011,2.4879489970455664,1.4225808163915277,31.698726632348937,-0.11511224263196596,0.00023539142570494498,20946.033490319205,189.91474833370083,1.6003216540890914,-0.4150699877899342,1385.0799560546875,18.51000022888184,1.4225808163915277,4001845.0,-1.5706250663270804,4044271.0,1.4470394211842263,4027825.0,-2.548600614999752,4455291.0,-0.01692962027493805,942.0,35730.72066122448,36784.554849000015,1004.8092701123877,0.0132508284037606,2.9500575751707987,126883250.8805201,-21.997949566968693,329.41850992556294,328.8747604070163,-0.00409847216821857,0.015486673802446171,19.020000457763672,6.8702926577208245
2012-04-20,192.34,193.48,189.8,189.98,3243595,-0.586080586080584,189.31285714285715,191.871,1.6815190747451298,5.246918803462036,2012,4,111,4,1621,-2.3600000000000136,3.6799999999999784,1.913278569200363,0.01570105197048477,32.563317561925956,-0.18061824999128362,-0.18966585031879035,17073.349826297504,190.49135095708192,-0.333058651332946,-0.17829230574898247,1376.9599609375,17.920000076293945,0.01570105197048477,4002787.0,1.5579514824797691,2829185.0,-1.169437306623311,3432003.0,0.5294683923414256,4338008.0,-0.03605408968507828,-759192.0,35839.357879591844,36814.480641,1060.3696506388353,0.03262295222991383,2.8275063987317175,105622214.02727522,-34.31385513334406,322.63474639042283,-10006.358872555278,-0.005862473918341049,-0.00409847216821857,18.51000022888184,6.726076298980502
2012-04-23,188.99,188.99,185.51,188.24,3481256,-0.9158858827244876,188.96285714285713,192.00166666666667,1.656626229853594,5.237717744419107,2012,4,114,0,1624,-0.75,3.480000000000018,1.8413672681094333,-0.586080586080584,35.23035230352302,-0.3686857115976636,0.07327086149781348,18493.710157246067,191.25847234880095,-0.6689661019354971,-2.3495062468654453,1378.530029296875,20.21999931335449,-0.586080586080584,3243595.0,1.4225808163915277,4001845.0,-1.5706250663270804,4044271.0,1.4470394211842263,4027825.0,-0.02489284489153576,237661.0,35706.961379591834,36864.64000277778,1241.1777234303497,0.13592915393627558,2.744410465438933,122645875.33875333,-69.4013983511442,318.0749971756065,-16938.128052220134,0.0011402425661717341,-0.005862473918341049,17.920000076293945,6.626504919414401
2012-04-24,188.68,190.7,186.51,190.33,3378578,1.11028474288144,189.23000000000002,192.233,1.6630864396124478,5.248759407699692,2012,4,115,1,1625,1.6500000000000057,4.189999999999998,2.2206911172355297,-0.9158858827244876,36.153161175422994,-0.34510682013146265,-0.029494527262574177,17751.158514159615,191.16081594483182,-0.5829947182340394,-0.24782122659777883,1366.969970703125,19.21999931335449,-0.9158858827244876,3481256.0,0.01570105197048477,4002787.0,1.5579514824797691,2829185.0,-1.169437306623311,3432003.0,0.006460209758853752,-102678.0,35807.992900000005,36953.526289,1307.0510629761125,0.11909871730124971,2.765856505622808,122146274.97773828,-65.6841810756213,319.70009554601967,19708.840466741392,-0.008385786561099673,0.0011402425661717341,20.21999931335449,6.652345758449769
2012-04-25,191.67,194.8,191.6,194.42,3956735,2.148899280197547,190.50428571428571,192.56066666666666,1.701063065775838,5.270020767392923,2012,4,116,2,1626,2.75,3.200000000000017,1.669536181979453,1.11028474288144,50.669573341638085,0.0035673178563513375,0.17112436060378067,20351.481329081373,191.52334719407045,-0.36553540919779776,3.2621882151273383,1372.1099853515625,17.049999237060547,1.11028474288144,3378578.0,-0.586080586080584,3243595.0,1.4225808163915277,4001845.0,-1.5706250663270804,4044271.0,0.03797662616339026,578157.0,36291.88287551021,37079.61034711111,2567.4056626236406,1.2725756688243102e-05,2.8936155537466934,200486074.27592638,0.6935579376318269,327.5578379878392,43733.28357901678,0.003760151838444248,-0.008385786561099673,19.21999931335449,6.804252263103365
2012-04-26,193.57,196.36,193.02,195.99,10165271,0.8075300894969661,191.58999999999997,193.01833333333332,1.6821235257266214,5.278063637520769,2012,4,117,3,1627,2.420000000000016,3.3400000000000034,1.7254739887379262,2.148899280197547,51.854103343465034,0.4019465733413199,1.5691058410532928,51866.273789479055,192.3067829656938,1.132856325905789,2.550360708400433,1390.6400146484375,16.969999313354492,2.148899280197547,3956735.0,-0.9158858827244876,3481256.0,0.01570105197048477,4002787.0,1.5579514824797691,2829185.0,-0.01893954004921672,6208536.0,36706.72809999999,37256.07700277777,2688.8480335547515,0.16156104782082906,2.8295395558029597,527111012.94832814,78.77750890916529,324.68067939654287,41883.57671509217,0.013504769657461058,0.003760151838444248,17.049999237060547,6.728494102906495
2012-04-27,224.83,228.69,220.22,226.85,22116989,15.745701311291382,196.70142857142855,194.43233333333333,3.2908006923174544,5.424289006109973,2012,4,118,4,1628,2.019999999999982,8.469999999999999,3.7672908419694875,0.8075300894969661,78.73808741373644,3.1712528666888886,1.1757402237480927,97496.09433546396,201.70207990093198,-0.13041025509407356,25.27833035416208,1400.18994140625,15.829999923706056,0.8075300894969661,10165271.0,1.11028474288144,3378578.0,-0.586080586080584,3243595.0,1.4225808163915277,4001845.0,1.608677166590833,11951718.0,38691.45200204081,37803.93224544444,6199.686409573201,10.056844744482493,10.829369196557037,1741449413.2106473,719.3987128083744,639.8380571422314,1535144.3804237032,0.006867288915332059,0.013504769657461058,16.969999313354492,13.163202769269844
2012-04-30,223.95,233.84,223.05,231.9,9761255,2.2261406215561053,202.53,195.994,3.300855041636543,5.446306244261486,2012,4,121,0,1631,7.950000000000017,10.789999999999992,4.818039741013616,15.745701311291382,86.80760406424126,5.707646653594395,-0.558653531002796,42092.51832686503,205.60065265283825,-0.3968698759583215,26.696217223120073,1403.260009765625,17.040000915527344,15.745701311291382,22116989.0,2.148899280197547,3956735.0,-0.9158858827244876,3481256.0,0.01570105197048477,4002787.0,0.010054349319088551,-12355734.0,41018.4009,38413.648036,7535.560123374076,32.5772303222873,10.895644005897385,847351159.2100953,1323.6032589685403,646.9477830305126,93703.86491102907,0.002192608494453019,0.006867288915332059,15.829999923706056,13.203420166546152
2012-05-01,229.4,232.97,228.4,230.04,6755059,-0.8020698576972851,208.25285714285715,197.478,3.3125354693258084,5.438253206845554,2012,5,122,1,1632,0.6399999999999864,4.569999999999993,1.9921534437663442,2.2261406215561053,83.98772014865084,7.481429288308448,-0.30797228430155754,29364.714832203095,208.86188037965664,0.26306620023825167,20.915053420105096,1397.8599853515625,17.270000457763672,2.2261406215561053,9761255.0,0.8075300894969661,10165271.0,1.11028474288144,3378578.0,-0.586080586080584,3243595.0,0.011680427689265471,-3006196.0,43369.25250816327,38997.560484,7053.937135768089,55.971784195959444,10.972891235541555,567342004.8796252,1721.0279934824753,654.152879411522,-23552.552646786495,-0.0038481994615983117,0.002192608494453019,17.040000915527344,13.250141877303236
2012-05-02,227.82,231.44,227.4,230.25,4593424,0.09128847157016118,214.25428571428571,198.74200000000002,3.2685847034668374,5.439165675135416,2012,5,123,2,1633,2.430000000000007,4.039999999999992,1.7733298217891282,-0.8020698576972851,83.31087908386662,8.802638711080931,-0.32000238635961575,19949.72421281216,212.21289482976545,-0.4022721294916475,18.439377299726203,1405.5,17.25,-0.8020698576972851,6755059.0,15.745701311291382,22116989.0,2.148899280197547,3956735.0,-0.9158858827244876,3481256.0,-0.043950765858971064,-2161635.0,45904.898946938774,39498.38256400001,6940.702573726645,77.48644827782056,10.683645963737392,382682191.444931,2026.8075632263844,649.6050611364062,1821.179831633859,0.005465507796559521,-0.0038481994615983117,17.270000457763672,13.07433881386737
2012-05-03,229.74,232.53,228.03,229.45,4057390,-0.3474484256243304,219.84285714285713,199.99933333333334,3.268951095498326,5.435685140840842,2012,5,124,3,1634,-0.29000000000002046,4.5,1.9587359623922693,0.09128847157016118,85.3666954270923,9.673641663839078,-0.11669595491293638,17683.1117890608,216.42855102845698,-0.36436266248476634,13.385811634027789,1402.3199462890625,16.899999618530273,0.09128847157016118,4593424.0,2.2261406215561053,9761255.0,0.8075300894969661,10165271.0,1.11028474288144,3378578.0,0.0003663920314886937,-536034.0,48330.88183673469,39999.73333377778,7287.472688141941,93.57934304036328,10.686041264759707,346365976.35893,2219.6170797678765,653.788039798935,-6143.969351248212,-0.002262578236170376,0.005465507796559521,17.25,13.075804381993294
2012-05-04,227.8,229.72,223.74,223.99,4586463,-2.3796033994334165,224.06714285714287,201.05233333333334,3.3152045683692206,5.411601408001375,2012,5,125,4,1635,-3.8100000000000023,5.97999999999999,2.625109745390689,-0.3474484256243304,81.83622828784121,9.81025489846337,0.13039737368111037,20476.195365864547,224.05569707869873,0.7065184262745976,-0.7722155049733033,1391.510009765625,18.030000686645508,-0.3474484256243304,4057390.0,-0.8020698576972851,6755059.0,15.745701311291382,22116989.0,2.148899280197547,3956735.0,0.04625347287089454,529073.0,50206.08450816327,40422.04073877778,6697.168260379662,96.24110117282454,10.99058133013615,375338833.1017371,2197.3989947068103,666.529613947958,-48725.22410007405,-0.007708609259993504,-0.002262578236170376,16.899999618530273,13.2608182734769
2012-05-07,222.36,226.87,222.29,225.16,3313252,0.5223447475333654,228.23428571428573,202.05633333333333,3.311632669487216,5.416811260595826,2012,5,128,0,1638,2.799999999999983,4.5800000000000125,2.0597229717575156,-2.3796033994334165,81.3042737953346,9.89882361620647,-0.277601934213794,14715.10037306804,224.4539625432086,1.5052736475380937,-0.7992361907467114,1368.7900390625,19.799999237060547,-2.3796033994334165,4586463.0,0.09128847157016118,4593424.0,2.2261406215561053,9761255.0,0.8075300894969661,10165271.0,-0.0035718988820048203,-1273211.0,52090.889175510216,40826.76184011111,6610.3849373867315,97.98670898476695,10.966910937615022,269381547.76093996,2228.819125425049,669.1363545434654,7686.3553892983555,-0.016327565410005018,-0.007708609259993504,18.030000686645508,13.24653067794884
2012-05-08,223.15,225.39,218.2,223.9,4522739,-0.559602060756792,227.81285714285713,202.75733333333332,3.2503616707355834,5.411199523604709,2012,5,129,1,1639,0.75,7.189999999999998,3.2220479498095442,0.5223447475333654,78.64247077298904,9.754895134481444,0.36504527877746695,20199.816882536845,224.45268393933085,-0.39859736598803985,-0.15408657334279496,1369.1600341796875,19.440000534057617,0.5223447475333654,3313252.0,-0.3474484256243304,4057390.0,-0.8020698576972851,6755059.0,15.745701311291382,22116989.0,-0.061270998751632444,1209487.0,51898.697879591826,41110.53622044444,6184.638209280436,95.15797908472975,10.564850990587013,355679369.6213577,2184.1210206103956,659.0346647272249,-11303.859154377456,0.00027030816022066695,-0.016327565410005018,19.799999237060547,13.001446682942344
2012-05-09,220.59,225.78,220.16,222.98,3713131,-0.41089772219741194,226.53857142857143,203.342,3.248951673928789,5.407082081339426,2012,5,130,2,1640,2.3899999999999864,5.6200000000000045,2.5477129516297223,-0.559602060756792,77.38831615120276,9.457573444987702,-0.17900833985777198,16652.305139474392,224.35138598386578,-2.155805427785807,0.784419443920001,1363.199951171875,20.649999618530277,-0.559602060756792,4522739.0,-2.3796033994334165,4586463.0,0.09128847157016118,4593424.0,2.2261406215561053,9761255.0,-0.0014099968067942115,-809608.0,51319.72434489796,41347.96896400001,5988.95147671851,89.44569546733655,10.555686979524681,287352955.73883164,2108.8497267633575,660.6483312800278,-6842.394251146284,-0.004353094495183285,0.00027030816022066695,19.440000534057617,12.995806695715146
2012-05-10,223.91,229.08,221.95,226.69,4648258,1.6638263521392194,226.06,204.193,3.2252813813148555,5.423583445380434,2012,5,131,3,1641,2.780000000000001,7.130000000000024,3.1843151266133822,-0.41089772219741194,80.19411087349894,9.412804902563977,0.25184325573215705,20504.909788698224,224.1149766512121,0.9133714317185828,1.661651917069321,1354.5799560546875,19.25,-0.41089772219741194,3713131.0,0.5223447475333654,3313252.0,-0.3474484256243304,4057390.0,-0.8020698576972851,6755059.0,-0.023670292613933608,935127.0,51103.1236,41694.78124900001,6431.095418791041,88.60089613373243,10.402439988656262,372762917.4206284,2133.7887433622277,658.5798810948244,34116.60925467354,-0.006323353452130975,-0.004353094495183285,20.649999618530277,12.901125525259431
2012-05-11,225.95,230.68,225.73,227.68,4193941,0.436719749437553,225.69285714285715,204.962,3.2163650582877406,5.427941134341542,2012,5,132,4,1642,1.7300000000000182,4.950000000000017,2.190750165965929,1.6638263521392194,82.84477015323117,9.349435760749827,-0.09773919606011539,18420.331166549542,223.61641722184117,-0.46268366803713523,4.526266446195962,1358.1099853515625,19.93000030517578,1.6638263521392194,4648258.0,-0.559602060756792,4522739.0,-2.3796033994334165,4586463.0,0.09128847157016118,4593424.0,-0.00891632302711498,-454317.0,50937.265765306125,42009.42144399999,6863.2559417417015,87.4119490443877,10.3450041881743,347446078.1812125,2128.679534007521,659.2326150767718,8044.5224116122645,0.002605995519937121,-0.006323353452130975,19.25,12.865460233150941
2012-05-14,225.6,227.29,222.51,222.93,3187212,-2.086261419536195,224.76142857142855,205.64266666666668,3.23835457910503,5.406857820837487,2012,5,135,0,1645,-2.6699999999999875,4.780000000000001,2.1187943262411353,0.436719749437553,75.99681020733651,8.814323917325623,-0.24004367252662828,14296.918315166195,222.9245115007749,0.27055880399763094,-0.2650703047725358,1351.9300537109375,21.46999931335449,0.436719749437553,4193941.0,-0.41089772219741194,3713131.0,0.5223447475333654,3313252.0,-0.3474484256243304,4057390.0,0.021989520817289332,-1006729.0,50517.69977346938,42288.906353777784,5775.515161689927,77.69230611953853,10.486940380010516,242217945.4545454,1964.9772308894012,665.9438712593693,-29827.10909919165,-0.004550391137154719,0.002605995519937121,19.93000030517578,12.95341831642014
2012-05-15,226.5,230.61,223.0,224.39,5714638,0.6549140985959712,224.81857142857143,206.52066666666667,3.201971733522286,5.413385609375712,2012,5,136,1,1646,-2.1100000000000136,7.610000000000014,3.359823399558505,-2.086261419536195,74.94589645413683,8.411095847208884,0.792989609727875,25467.436160256697,222.0589348401855,0.8393582486645237,1.4917069111499757,1338.3599853515625,21.43000030517578,-2.086261419536195,3187212.0,1.6638263521392194,4648258.0,-0.559602060756792,4522739.0,-2.3796033994334165,4586463.0,-0.03638284558274396,2527426.0,50543.39005918367,42650.78576044444,5616.887395314199,70.74653335093453,10.252622982275712,428288667.8208756,1887.3657971552013,661.2733370548449,16678.982996444956,-0.010037552107171721,-0.004550391137154719,21.46999931335449,12.80788693408914
2012-05-16,225.0,228.0,222.5,224.06,5408780,-0.14706537724497037,224.66142857142856,207.334,3.2031508543731877,5.411913873130577,2012,5,137,2,1647,-0.9399999999999977,5.5,2.4444444444444446,0.6549140985959712,73.8568757436682,7.972998688602274,-0.05352185037792423,24139.87324823708,221.05248349949184,1.3223374448549763,1.6851790556531796,1330.780029296875,21.540000915527344,0.6549140985959712,5714638.0,0.436719749437553,4193941.0,-0.41089772219741194,3713131.0,0.5223447475333654,3313252.0,0.0011791208509017714,-305858.0,50472.757487755094,42987.387556,5454.838094615644,63.56870808845358,10.260175395871682,399475592.3848377,1786.4300861682257,664.1220792406106,-3550.1395658977544,-0.0056636152736563306,-0.010037552107171721,21.43000030517578,12.812603417492767
2012-05-17,225.05,226.0,218.09,218.36,3857326,-2.5439614389002885,223.87000000000003,208.1463333333333,3.193172931010448,5.386145076913557,2012,5,138,3,1648,-6.689999999999998,7.909999999999997,3.514774494556763,-0.14706537724497037,37.39233739233742,7.084198935407869,-0.2868399158405408,17664.984429382668,219.93557303656837,-0.27548805295044354,-1.3000849836179214,1324.8199462890625,21.989999771118164,-0.14706537724497037,5408780.0,-2.086261419536195,3187212.0,1.6638263521392194,4648258.0,-0.559602060756792,4522739.0,-0.009977923362739727,-1551454.0,50117.77690000001,43324.896080111095,1398.186895662395,50.18587455643399,10.196353367337855,144234435.22423533,1546.9056795356623,664.6472372890776,-44939.039207123526,-0.004478638750659347,-0.0056636152736563306,21.540000915527344,12.772691724041806
2012-05-18,219.41,219.63,212.81,213.85,5231607,-2.0653965927825646,222.56571428571428,208.78233333333336,3.2258179944078003,5.365274834672918,2012,5,139,4,1649,-5.560000000000002,6.819999999999993,3.1083359919784845,-2.5439614389002885,22.758828856021722,5.947342160849217,0.35627815745933833,24463.909282207154,218.74567698533298,-2.9108067712399723,-1.9848702140930072,1305.050048828125,23.270000457763672,-2.5439614389002885,3857326.0,0.6549140985959712,5714638.0,0.436719749437553,4193941.0,-0.41089772219741194,3713131.0,0.03264506339735229,1374281.0,49535.4971755102,43590.06271211112,517.964290897687,35.37087877821464,10.405901733045162,119065248.35496524,1271.8391210976051,673.4938077811142,-50527.674877612415,-0.014922705169343797,-0.004478638750659347,21.989999771118164,12.90327197763122
2012-05-21,214.03,219.98,212.82,218.11,3579721,1.9920505026888025,221.34,209.657,3.219669577417448,5.384999522683761,2012,5,142,0,1652,4.0800000000000125,7.159999999999997,3.3453254216698576,-2.0653965927825646,33.21137067267101,5.328695489490144,-0.31575116403047854,16412.45701710146,217.57188369153448,0.9472795932590766,-0.40916328479355,1295.72998046875,24.8799991607666,-2.0653965927825646,5231607.0,-0.14706537724497037,5408780.0,-2.086261419536195,3187212.0,1.6638263521392194,4648258.0,-0.006148416990352068,-1651886.0,48991.3956,43956.057649,1102.995141957552,28.394995619712606,10.36627218774745,118887441.03574453,1162.2417732126953,675.02626459261,32694.443251275326,-0.007141540945302394,-0.014922705169343797,23.270000457763672,12.878678309669795
2012-05-22,218.31,218.87,213.96,215.33,3733744,-1.2745862179634138,219.57571428571427,210.60199999999998,3.1866508864792427,5.372171735118517,2012,5,143,1,1653,-2.9799999999999898,4.909999999999997,2.249095323164306,1.9920505026888025,30.419947506561684,4.56150854766193,0.04302653754300967,17339.636836483536,216.45748543781212,-0.3647791806331999,-0.7627062571789054,1316.0899658203125,21.76000022888184,1.9920505026888025,3579721.0,-2.5439614389002885,3857326.0,0.6549140985959712,5714638.0,0.436719749437553,4193941.0,-0.03301869093820553,154023.0,48213.49430408163,44353.20240399999,925.3732063019684,20.80736023039285,10.154743872298942,113580296.48293965,982.2296355680435,671.1150499943013,-22100.862136272644,0.01571313904784155,-0.007141540945302394,24.8799991607666,12.746603545916969
2012-05-23,214.71,217.55,211.18,217.28,4332662,0.9055867737890688,218.76857142857145,211.579,3.1874409406754176,5.3811868443703315,2012,5,144,2,1654,2.569999999999993,6.3700000000000045,2.966792417679663,-1.2745862179634138,34.4968152866242,4.064008709504094,0.16040681953556546,19940.45471281296,215.43874379328264,0.5193720707577798,1.3218841359595785,1316.02001953125,23.31999969482422,-1.2745862179634138,3733744.0,-2.0653965927825646,5231607.0,-0.14706537724497037,5408780.0,-2.086261419536195,3187212.0,0.0007900541961749497,598918.0,47859.68784489797,44765.673241000004,1190.030264919469,16.51616679092513,10.159779750293792,149463040.71337578,883.0278124010496,674.3955667871642,18057.81205126332,-5.314704228365219e-05,0.01571313904784155,21.76000022888184,12.749763762701662
2012-05-24,217.0,217.59,212.7,215.24,2692874,-0.9388807069219407,217.46142857142857,212.39733333333334,3.193521783088745,5.371753684621219,2012,5,145,3,1655,-1.759999999999991,4.890000000000015,2.2534562211981637,0.9055867737890688,37.78956181970415,3.4651811017222656,-0.37847124931508624,12511.029548411076,214.58418185904458,0.007998874744732924,0.6478192662106892,1318.719970703125,22.0,0.9055867737890688,4332662.0,1.9920505026888025,3579721.0,-2.5439614389002885,3857326.0,0.6549140985959712,5714638.0,0.006080842413327403,-1639788.0,47289.47291632653,45112.62720711111,1428.0509825252414,12.007480067733134,10.198581379062317,101762528.49567398,745.8455803347005,678.2955106699612,-11746.364266733479,0.002051603419252368,-5.314704228365219e-05,23.31999969482422,12.774087132354964
2012-05-25,214.99,215.98,212.22,212.89,2171364,-1.0918044973053487,215.8657142857143,213.21166666666667,3.1921953518822734,5.3607756003876466,2012,5,146,4,1656,-2.1000000000000227,3.759999999999991,1.748918554351361,-0.9388807069219407,33.423399081329364,2.769060541759586,-0.19366297866145987,10199.464512189394,213.9692653829165,1.148866127866174,-2.2281315107826742,1320.81005859375,22.049999237060547,-0.9388807069219407,2692874.0,-1.2745862179634138,3733744.0,-2.0653965927825646,5231607.0,-0.14706537724497037,5408780.0,-0.0013264312064715789,-521510.0,46598.00660408163,45459.21480277778,1117.1236061498087,7.667696283929893,10.190111164578791,72574365.52283165,589.5052987351983,680.613291300406,-11135.821224514684,0.0015849368607883108,0.002051603419252368,22.0,12.768781407529104
2012-05-29,214.3,216.55,212.29,214.75,2694188,0.8736906383578491,215.34999999999997,214.18666666666667,3.169887409182236,5.369474560864365,2012,5,150,1,1660,0.44999999999998863,4.260000000000019,1.987867475501642,-1.0918044973053487,37.83568199946823,2.3404867635351536,0.24078137060391525,12545.69499417928,213.5847056508217,1.013858213429279,0.15143613574903725,1318.9000244140625,21.700000762939453,-1.0918044973053487,2171364.0,0.9055867737890688,4332662.0,1.9920505026888025,3579721.0,-2.5439614389002885,3857326.0,-0.02230794270003722,522824.0,46375.62249999998,45875.92817777778,1431.538832364884,5.477878290283258,10.04818618689207,101936440.41478331,502.61953246917426,678.9476178813792,10961.056268107366,-0.0014461081419391286,0.0015849368607883108,22.049999237060547,12.67954963672895
2012-05-30,212.14,212.98,207.75,209.23,4079504,-2.5704307334109444,214.69,214.88133333333332,3.2132261934981305,5.34343412535116,2012,5,151,2,1661,-2.9099999999999966,5.22999999999999,2.4653530687281937,0.8736906383578491,33.71239042880836,1.5376954926922508,0.5141868347717382,19497.70109448932,213.4209405159042,-1.5105244866623013,-2.6804160292419112,1331.25,22.68000030517578,0.8736906383578491,2694188.0,-0.9388807069219407,2692874.0,-1.2745862179634138,3733744.0,-2.0653965927825646,5231607.0,0.04333878431589433,1385316.0,46091.7961,46173.98741511111,1136.5252684244097,2.364507428246064,10.324822570582485,137529831.60388544,321.7320279359996,690.4623287604695,-50117.490124135555,0.009363845141654448,-0.0014461081419391286,21.700000762939453,12.85290477399252
2012-05-31,209.48,213.79,207.11,212.91,4944724,1.7588299956985187,213.94714285714284,215.60933333333332,3.217512080901657,5.360869541205001,2012,5,152,3,1662,3.430000000000007,6.679999999999978,3.188848577429816,-2.5704307334109444,33.66524419156001,1.1847656310040406,0.21208950892069223,23224.479827157014,213.47122005067314,0.47316231623104393,-1.0343823669041967,1313.0899658203125,23.82999992370605,-2.5704307334109444,4079504.0,-1.0918044973053487,2171364.0,0.9055867737890688,4332662.0,1.9920505026888025,3579721.0,0.004285887403526534,865220.0,45773.37993673469,46487.38462044444,1133.3486664773648,1.4036696004084026,10.35238399074811,166465340.91986737,252.24845049707028,693.7256347551523,40847.911754498906,-0.0136413402288732,0.009363845141654448,22.68000030517578,12.870048323606625
2012-06-01,208.44,211.23,207.3,208.22,3953591,-2.202808698511105,212.93142857142857,216.18,3.252142760003828,5.338595213046607,2012,6,153,4,1663,-0.21999999999999886,3.9299999999999784,1.8854346574553724,1.7588299956985187,28.792502179598955,0.5206209743423074,-0.20044253228289388,18987.56603592354,213.73389674819896,-1.4446436020801523,-4.069253146118797,1309.8699951171875,25.8700008392334,1.7588299956985187,4944724.0,0.8736906383578491,2694188.0,-0.9388807069219407,2692874.0,-1.2745862179634138,3733744.0,0.03463067910217088,-991133.0,45339.79327346939,46733.792400000006,829.0081817622106,0.2710461989251335,10.576432531445315,113833777.4847428,108.40369927755523,703.0482218576276,-41825.9756274864,-0.002452208749545548,-0.0136413402288732,23.82999992370605,13.00857104001534
2012-06-04,207.4,215.35,206.37,214.57,4299571,3.0496590145038915,212.5442857142857,216.99966666666666,3.2842643908611846,5.36863602545699,2012,6,156,0,1666,7.1699999999999875,8.97999999999999,4.329797492767594,-2.202808698511105,41.19629317607412,0.5008994231190798,0.08751031657042918,20038.08081278837,214.1766726780288,-0.007766593880857597,0.40109391585204435,1278.2900390625,26.350000381469727,-2.202808698511105,3953591.0,-2.5704307334109444,4079504.0,-1.0918044973053487,2171364.0,0.9055867737890688,4332662.0,0.03212163085735664,345980.0,45175.073389795914,47088.85533344444,1697.1345714490512,0.2509002320810269,10.786392589078789,177126387.44734618,107.47798921866094,712.6842780620801,61109.313784077516,-0.024109229291768175,-0.002452208749545548,25.8700008392334,13.137057563444728
2012-06-05,213.85,216.86,211.16,213.21,3543891,-0.6338257911171152,212.25428571428571,217.832,3.2806061902999097,5.362277595506914,2012,6,157,1,1667,-0.6399999999999864,5.700000000000017,2.6654196866962905,3.0496590145038915,38.20177289995782,0.3712497812989568,-0.17575706971695548,16621.598424088927,214.74084014859704,-1.1856777464218253,-0.34516240217521954,1277.8199462890625,25.899999618530277,3.0496590145038915,4299571.0,1.7588299956985187,4944724.0,0.8736906383578491,2694188.0,-0.9388807069219407,2692874.0,-0.0036582005612748603,-755680.0,45051.88180408163,47450.780223999995,1459.3754526999514,0.13782640011452327,10.762376975834087,135382919.16420442,79.15416587075059,714.6210076454099,-10535.19777077916,-0.0003677512607250799,-0.024109229291768175,26.350000381469727,13.122424761199625
2012-06-06,214.52,218.4,214.52,217.64,2480530,2.0777637071431876,212.9328571428571,218.74233333333333,3.2919099058565973,5.382842321617725,2012,6,158,2,1668,3.119999999999976,3.8799999999999955,1.8086891665112788,-0.6338257911171152,43.76456876456876,0.6188319732484615,-0.3000546574372631,11397.39937511487,215.32319261119193,0.906803319162312,1.410004069645737,1285.6099853515625,23.76000022888184,-0.6338257911171152,3543891.0,-2.202808698511105,3953591.0,-2.5704307334109444,4079504.0,-1.0918044973053487,2171364.0,0.011303715556687521,-1063361.0,45340.40165102039,47848.20839211111,1915.3374791486674,0.3829530111145846,10.836670828276791,108559325.75757574,134.68259065779515,720.0800539301857,23681.102777430122,0.0060963511213947275,-0.0003677512607250799,25.899999618530277,13.167639623426396
2012-06-07,219.65,221.49,218.11,218.8,3503616,0.5329902591435509,213.51142857142855,219.555,3.277130234594646,5.388158070547826,2012,6,159,3,1669,-0.8499999999999943,3.3799999999999955,1.538811745959479,2.0777637071431876,50.46868342564976,0.8982900213770222,0.41244653360370576,16012.870201096892,215.8735086077315,2.0124018432297093,0.9140895490388061,1316.1500244140625,21.0,2.0777637071431876,2480530.0,3.0496590145038915,4299571.0,1.7588299956985187,4944724.0,0.8736906383578491,2694188.0,-0.014779671261951233,1023086.0,45587.13013061224,48204.398025,2547.0880067184544,0.806924962505531,10.73958257449436,176822886.7490413,196.54585667729248,719.5103286564275,8534.703838114676,0.023755290803959106,0.0060963511213947275,23.76000022888184,13.108520938378604
2012-06-08,218.61,219.42,216.66,218.48,2876904,-0.1462522851919612,214.83285714285716,220.3046666666667,3.2780963297703156,5.38669447716545,2012,6,160,4,1670,-0.13000000000002387,2.759999999999991,1.2625222999862729,0.5329902591435509,55.415204678362564,1.0814746457355398,-0.1788757672073652,13167.81398755035,216.3402773195201,-0.1600346365950667,2.299757317074949,1314.989990234375,22.540000915527344,0.5329902591435509,3503616.0,-0.6338257911171152,3543891.0,-2.202808698511105,3953591.0,-2.5704307334109444,4079504.0,0.0009660951756695901,-626712.0,46153.15650816327,48534.14615511112,3070.8449095448163,1.1695874093688112,10.745915547253613,159424223.99999997,236.2805806003007,722.1799192312728,-1925.8228866619097,-0.0008813844608663857,0.023755290803959106,21.0,13.112385319081284
2012-06-11,217.49,220.87,215.2,216.5,3749085,-0.9062614426949778,215.3457142857143,219.95966666666666,1.5421817706472636,5.377590547442544,2012,6,163,0,1673,-0.9900000000000091,5.670000000000016,2.6070164145478025,-0.1462522851919612,48.010872251050145,1.0547221474894855,0.3031665290186951,17316.789838337183,216.7801690260042,0.7466028502827396,-1.0267718762869151,1325.719970703125,19.8700008392334,-0.1462522851919612,2876904.0,2.0777637071431876,2480530.0,3.0496590145038915,4299571.0,1.7588299956985187,4944724.0,-1.735914559123052,872181.0,46373.776661224496,48382.25496011111,2305.0438543066566,1.112438808404832,2.378324613716729,179996840.99332833,228.3473449314736,339.2177882109819,-15693.538941737186,0.008159743076703974,-0.0008813844608663857,22.540000915527344,6.168727082589044
2012-06-12,217.65,218.0,214.52,216.42,2833455,-0.03695150115473611,216.51714285714283,219.44366666666667,1.4761831390564477,5.377220964143502,2012,6,164,1,1674,-1.2300000000000182,3.4799999999999898,1.598897312198479,-0.9062614426949778,51.44294413555728,1.0153608209720915,-0.24422759153233387,13092.389797615748,217.26331652163057,-1.565915947477199,0.7225994258466244,1309.4000244140625,23.149999618530277,-0.9062614426949778,3749085.0,0.5329902591435509,3503616.0,-0.6338257911171152,3543891.0,-2.202808698511105,3953591.0,-0.06599863159081587,-915630.0,46879.6731510204,48155.522840111116,2646.3765013340676,1.0309575967651197,2.1791166600345475,145761267.27561545,219.74438887478001,323.93904070605674,-483.7834567248536,-0.01231025152348486,0.008159743076703974,19.8700008392334,5.904732556225781
2012-06-13,215.52,217.38,213.52,214.73,2326029,-0.7808890121060896,216.54,218.93333333333334,1.4758999286845393,5.369381424979041,2012,6,165,2,1675,-0.7900000000000205,3.859999999999985,1.7910170749814331,-0.03695150115473611,46.60090642495334,0.8381362965385506,-0.17908383934101657,10832.342942299632,217.8124129431329,-0.48169354225190225,-2.600719400881019,1324.02001953125,22.93000030517578,-0.03695150115473611,2833455.0,-0.1462522851919612,2876904.0,2.0777637071431876,2480530.0,3.0496590145038915,4299571.0,-0.00028321037190837117,-507426.0,46889.571599999996,47931.804444444446,2171.644479627257,0.7024724515753572,2.1782805994910284,108395059.77072778,179.97300695572295,323.12369105333516,-8458.857579006732,0.011165415338776796,-0.01231025152348486,23.149999618530277,5.903599714738164
2012-06-14,215.26,216.5,212.56,214.45,3060973,-0.13039631164718513,216.71714285714285,218.4066666666667,1.474848566054309,5.3680766109628895,2012,6,166,3,1676,-0.8100000000000023,3.9399999999999977,1.8303446994332426,-0.7808890121060896,48.895104895104865,0.6673975802839038,0.3159651061960105,14273.597575192352,218.390864834402,-2.354518737592169,-1.586346096809848,1314.8800048828125,24.190000534057617,-0.7808890121060896,2326029.0,-0.9062614426949778,3749085.0,0.5329902591435509,3503616.0,-0.6338257911171152,3543891.0,-0.0010513626302304235,734944.0,46966.32000816326,47701.472044444454,2390.731282703308,0.44541953016880986,2.175178292792451,149666595.9160838,143.12341109188316,322.1167591500348,-1861.224477741288,-0.006903229946382039,0.011165415338776796,22.93000030517578,5.8993942642172215
2012-06-15,215.29,219.33,214.46,218.35,3786230,1.8186057356027074,216.81857142857143,218.03666666666666,1.5210041470335682,5.38609927993157,2012,6,167,4,1677,3.0600000000000023,4.8700000000000045,2.2620651214640737,-0.13039631164718513,57.31903485254692,0.8371333714771652,0.23693675181061713,17340.18777192581,219.00336734771534,1.0466470415829672,-1.7000143892983033,1329.18994140625,22.46999931335449,-0.13039631164718513,3060973.0,-0.03695150115473611,2833455.0,-0.1462522851919612,2876904.0,2.0777637071431876,2480530.0,0.046155580979259314,725257.0,47010.29291632653,47539.98801111111,3285.4717564274883,0.7007922816407254,2.3134536152933123,217023049.32975873,182.78807166203902,331.63467420537575,31534.964938452205,0.010883074098242851,-0.006903229946382039,24.190000534057617,6.084016588134261
2012-06-18,217.28,223.76,216.73,222.66,3371346,1.973895122509739,217.36999999999998,217.9923333333333,1.5089696864128344,5.405645944300561,2012,6,170,0,1680,5.3799999999999955,7.030000000000001,3.2354565537555233,1.8186057356027074,59.94968553459118,1.304394935842538,-0.10957707270820838,15141.228779304769,219.6766141968138,2.3341304063477426,0.6492553968384414,1342.4200439453125,21.76000022888184,1.8186057356027074,3786230.0,-0.7808890121060896,2326029.0,-0.9062614426949778,3749085.0,0.5329902591435509,3503616.0,-0.012034460620733878,-414884.0,47249.71689999999,47520.6573921111,3593.9647956963713,1.7014461486516588,2.276989514512848,202111132.52830184,290.4365764146995,328.943822870402,29887.197636273773,0.009953507867404898,0.010883074098242851,22.46999931335449,6.03587874565136
2012-06-19,223.26,225.2,221.66,224.03,2716519,0.615287882870752,218.16285714285712,217.95466666666667,1.5101928120841337,5.411779971458838,2012,6,171,1,1681,0.7700000000000102,3.539999999999992,1.5855952700886824,1.973895122509739,70.78651685393258,1.76490590580579,-0.19423310452264464,12125.69298754631,220.44146746996702,0.10327448791372888,3.4852580421192556,1344.8299560546875,17.65999984741211,1.973895122509739,3371346.0,-0.13039631164718513,3060973.0,-0.03695150115473611,2833455.0,-0.1462522851919612,2876904.0,0.001223125671299341,-654827.0,47595.03223673468,47504.23672177778,5010.730968312081,3.1148928563481566,2.2806823296705834,192292917.9775281,395.3918700776712,329.15357096019335,7460.791966648093,0.001795199736657871,0.009953507867404898,21.76000022888184,6.040771248336512
2012-06-20,224.51,224.74,220.84,223.02,2444332,-0.4508324777931505,219.0942857142857,217.9253333333333,1.5089473284186528,5.407261453537216,2012,6,172,2,1682,-1.4899999999999807,3.9000000000000057,1.737116386797918,0.615287882870752,65.35074400242942,2.0250224104116796,-0.10019698003216615,10960.147072011478,221.23472885838524,1.2047969718932299,0.5804741697215547,1358.0400390625,17.959999084472656,0.615287882870752,2716519.0,1.8186057356027074,3786230.0,-0.7808890121060896,2326029.0,-0.9062614426949778,3749085.0,-0.0012454836654809398,-272187.0,48002.30603265305,47491.45090844443,4270.719741671065,4.100715762669529,2.2769220399417893,159738914.7889463,451.6204979700128,328.83784952807764,-4941.190261452278,0.009822864926779973,0.001795199736657871,17.65999984741211,6.035789313674627
2012-06-21,223.84,226.03,220.52,220.57,2843130,-1.0985561833019575,219.68714285714285,217.845,1.5205494241473214,5.396215104824496,2012,6,173,3,1683,-3.2700000000000102,5.509999999999991,2.461579699785557,-0.4508324777931505,70.12056044314106,2.0102986187449403,0.16315214136213907,12889.921566849527,221.96729135921927,-1.1058670202674346,-0.29142433895185604,1355.4300537109375,16.889999389648438,-0.4508324777931505,2444332.0,1.973895122509739,3371346.0,-0.13039631164718513,3060973.0,-0.03695150115473611,2833455.0,0.01160209572866866,398798.0,48262.44073673469,47456.444025,4916.892996860199,4.041300536527815,2.3120705512747506,199361869.01270765,443.41156633657147,331.24408930337324,-14160.303039539804,-0.0019218765842605734,0.009822864926779973,17.959999084472656,6.082197696589276
2012-06-22,221.83,222.51,219.35,222.16,2187763,0.7208595910595195,220.74857142857144,217.69400000000002,1.4939474928800356,5.403397842998544,2012,6,174,4,1684,0.3299999999999841,3.1599999999999966,1.424514267682458,-1.0985561833019575,64.6355572695719,2.1026911054021014,-0.23050898129877984,9847.690853438962,222.5895889682734,-0.6571924686796713,0.22760350040627486,1325.9200439453125,18.649999618530277,-1.0985561833019575,2843130.0,0.615287882870752,2716519.0,1.8186057356027074,3786230.0,-0.7808890121060896,2326029.0,-0.026601931267285828,-655367.0,48729.93178775511,47390.67763600001,4177.75526354811,4.421309884737111,2.231879111482544,141407280.67875043,467.1338559761308,325.2234055150265,7098.80240149058,-0.021771695031279292,-0.0019218765842605734,16.889999389648438,5.9757899715201575
2012-06-25,220.3,221.59,218.0,220.07,2216774,-0.9407634137558518,221.55142857142854,217.44033333333334,1.4994247772653455,5.393945677561444,2012,6,177,0,1687,-0.2300000000000182,3.5900000000000034,1.629596005447119,0.7208595910595195,62.86571642910722,1.9843924427499644,0.013260577128326956,10073.04039623756,223.13818028930737,-2.713318483066817,-0.35486180624056374,1334.9000244140625,20.46999931335449,0.7208595910595195,2187763.0,-0.4508324777931505,2444332.0,1.973895122509739,3371346.0,-0.13039631164718513,3060973.0,0.005477284385309922,29011.0,49085.0355020408,47280.298560111114,3952.098302144922,3.9378133668431707,2.248274662677231,139359085.67141774,436.70524487598465,326.0354233768358,-9476.347870065045,0.0067726410123718495,-0.021771695031279292,18.649999618530277,5.9976991090613865
2012-06-26,221.45,226.39,221.45,225.61,3754080,2.5173808333712078,222.58857142857144,217.52966666666666,1.5247497901660305,5.41880784488266,2012,6,178,1,1688,4.160000000000025,4.939999999999998,2.230751862722961,-0.9407634137558518,64.35001800504142,2.3110314683900413,0.6934879243441145,16639.6879570941,223.71781014863183,0.8622148168302003,1.0299750345379834,1314.0899658203125,20.01000022888184,-0.9407634137558518,2216774.0,-1.0985561833019575,2843130.0,0.615287882870752,2716519.0,1.8186057356027074,3786230.0,0.025325012900685007,1537306.0,49545.67213061225,47319.15588011111,4140.924817249155,5.34086644788903,2.3248619226113543,241575115.5923659,521.3918095834772,331.67831360488657,41888.43153646639,-0.015589226318940441,0.0067726410123718495,20.46999931335449,6.098999160664107
2012-06-27,225.01,227.5,223.3,225.62,2795230,0.00443242764061047,223.01142857142855,217.57066666666668,1.5204857224441624,5.418852168176774,2012,6,179,2,1689,0.6100000000000136,4.199999999999989,1.8665837073907776,2.5173808333712078,62.80991735537185,2.5414064147645945,-0.25541544133316285,12389.105575746831,224.40685891881668,2.3530098804253083,-1.139868799241981,1320.7099609375,19.549999237060547,2.5173808333712078,3754080.0,0.7208595910595195,2187763.0,-0.4508324777931505,2444332.0,1.973895122509739,3371346.0,-0.004264067721868159,-958850.0,49734.09727346938,47336.994993777786,3945.085718188642,6.4587465650066305,2.311876832156546,175568165.28925607,573.3921152991878,330.81309228932474,54.91381399638155,0.005037703117271031,-0.015589226318940441,20.01000022888184,6.081942889776656
2012-06-28,223.92,224.62,218.75,221.31,2995338,-1.9102916408119897,222.62285714285716,217.47899999999998,1.5610781581236213,5.39956443356432,2012,6,180,3,1690,-2.609999999999985,5.8700000000000045,2.621471954269384,0.00443242764061047,54.62267232930415,2.349120046086398,0.07158910000250418,13534.580452758573,224.8930407088077,0.1506783794716045,-3.733719088279287,1331.52001953125,20.32999992370605,0.00443242764061047,2795230.0,-0.9407634137558518,2216774.0,-1.0985561833019575,2843130.0,0.615287882870752,2716519.0,0.040592435679458916,200108.0,49560.93652244899,47297.115440999994,2983.6363323945293,5.51836499092496,2.436965015770638,163613366.08951324,519.8837573993807,339.501716750567,-25854.995900802056,0.008185036013566904,0.005037703117271031,19.549999237060547,6.244312632494484
2012-06-29,224.7,228.35,223.71,228.35,3614844,3.1810582440919832,223.3842857142857,217.812,1.5926926369112793,5.430879539631008,2012,6,181,4,1691,3.6500000000000057,4.639999999999986,2.0649755229194424,-1.9102916408119897,66.61059714045413,2.733293175514177,0.20682340356914652,15830.278081891833,224.90099779650149,1.5863458340269336,1.8626563694715799,1330.1199951171875,17.520000457763672,-1.9102916408119897,2995338.0,2.5173808333712078,3754080.0,0.7208595910595195,2187763.0,-0.4508324777931505,2444332.0,0.031614478787657996,619506.0,49900.53910408163,47442.067344,4436.971651407876,7.470891583312374,2.536669835671404,240786917.40958777,624.1474966286623,346.90756863091957,50357.03659867064,-0.001051448264784871,0.008185036013566904,20.32999992370605,6.370770547645122
2012-07-02,229.3,229.34,226.34,229.32,2330730,0.4247865119334282,224.6342857142857,218.32766666666666,1.5365353000193278,5.435118408040182,2012,7,184,0,1694,0.01999999999998181,3.0,1.308329699084169,3.1810582440919832,67.6422319474836,3.0805137962850324,-0.35523358684358164,10163.657770800628,224.61340212131896,-1.175965955340809,5.882563834021852,1362.3299560546875,17.6200008392334,3.1810582440919832,3614844.0,0.00443242764061047,2795230.0,-0.9407634137558518,2216774.0,-1.0985561833019575,2843130.0,-0.05615733689195146,-1284114.0,50460.562318367345,47666.97003211111,4575.47154283717,9.489565249102423,2.3609407282054855,157655779.26695845,706.4234237640836,335.46816680418647,4317.384732943481,0.024215830944382066,-0.001051448264784871,17.520000457763672,6.146141200077295
2012-07-03,229.14,229.53,227.59,229.53,1335952,0.09157509157509125,225.68714285714285,218.70833333333334,1.5007599374848404,5.4360337399118706,2012,7,185,1,1695,0.3900000000000148,1.9399999999999977,0.8466439731168708,0.4247865119334282,71.0946408209806,3.33419931060655,-0.4268096261686253,5820.380778111794,224.19040305255695,-0.9489437281698988,6.28854067561295,1365.75,16.670000076293945,0.4247865119334282,2330730.0,-1.9102916408119897,2995338.0,2.5173808333712078,3754080.0,0.7208595910595195,2187763.0,-0.03577536253448743,-994778.0,50934.6864510204,47833.335069444445,5054.447953464241,11.116885042849194,2.252280389959502,94979027.59407067,765.2987677635215,328.228704660747,533.0019027574884,0.002510437306404878,0.024215830944382066,17.6200008392334,6.003039749939376
2012-07-05,228.62,230.5,226.53,227.06,2683070,-1.0761120550690562,226.6857142857143,219.09933333333336,1.4945461741879793,5.425214299736387,2012,7,187,3,1697,-1.5600000000000023,3.969999999999999,1.7365059924765982,0.09157509157509125,66.9170914944996,3.2979221573187374,1.008358084721607,11816.568307936228,223.70397922457232,-2.867311483954655,6.223332259382346,1373.719970703125,17.610000610351562,0.09157509157509125,1335952.0,3.1810582440919832,3614844.0,0.00443242764061047,2795230.0,-0.9407634137558518,2216774.0,-0.0062137632968610745,1347118.0,51386.4130612245,48004.51786711112,4477.897134083231,10.876290555733874,2.233668266779926,179543240.67614704,748.8262050407925,327.4540704004702,-12715.951605717133,0.0058356000022881105,0.002510437306404878,16.670000076293945,5.978184696751896
2012-07-06,226.35,228.9,224.18,225.05,3203130,-0.885228573945207,226.6057142857143,219.35833333333332,1.500635894935455,5.416322599738942,2012,7,188,4,1698,-1.299999999999983,4.719999999999999,2.0852661806936155,-1.0761120550690562,59.46862634256644,3.071574847394487,0.19383020197013123,14232.970451010886,223.18042847891553,-0.08364337952741044,1.953214900611897,1367.0899658203125,18.200000762939453,-1.0761120550690562,2683070.0,0.4247865119334282,2330730.0,-1.9102916408119897,2995338.0,2.5173808333712078,3754080.0,0.006089720747475713,520060.0,51350.14974693878,48118.07840277777,3536.517519071787,9.434572043146467,2.251908089168734,190485741.09666485,691.2579194061293,329.1769888532165,-12599.432135352637,-0.004826314696014022,0.0058356000022881105,17.610000610351562,6.002543579741825
2012-07-09,225.0,226.0,223.45,225.05,1921979,0.0,226.52428571428572,219.68533333333332,1.4873497345536832,5.416322599738942,2012,7,191,0,1701,0.05000000000001137,2.5500000000000114,1.1333333333333384,-0.885228573945207,53.84615384615387,2.859233509449325,-0.399968468341903,8540.231059764496,222.38917632350655,3.177447323014842,-0.5166236465213672,1354.6600341796875,18.170000076293945,-0.885228573945207,3203130.0,0.09157509157509125,1335952.0,3.1810582440919832,3614844.0,0.00443242764061047,2795230.0,-0.013286160381771772,-1281151.0,51313.252018367355,48261.64568177777,2899.408284023671,8.175216261557903,2.212209232876912,103491176.92307697,643.4705013015706,326.7489222186707,0.0,-0.009092255777889857,-0.004826314696014022,18.200000762939453,5.949398938214756
2012-07-10,226.25,227.14,218.28,219.5,2981599,-2.4661186403021618,226.2657142857143,219.90566666666663,1.5471743761138874,5.391352232515226,2012,7,192,1,1702,-6.75,8.859999999999985,3.9160220994475075,0.0,43.57446808510639,2.2175503129458605,0.5513171579918408,13583.594533029613,221.22263498806487,0.11418947072370247,-1.836824458788584,1352.9599609375,17.510000228881836,0.0,1921979.0,-1.0761120550690562,2683070.0,0.4247865119334282,2330730.0,-1.9102916408119897,2995338.0,0.05982464156020417,1059620.0,51196.17346122449,48358.502232111096,1898.7342688999552,4.917529390446283,2.3937485501033966,129921590.46808513,486.7522936916164,340.23241262890843,-33498.75568021087,-0.0012549814708433527,-0.009092255777889857,18.170000076293945,6.188697504455547
2012-07-11,218.95,221.74,215.34,218.37,2734748,-0.5148063781321155,224.84,220.02633333333333,1.5444152094100128,5.386190871798276,2012,7,193,2,1703,-0.5799999999999841,6.400000000000006,2.9230417903630994,-2.4661186403021618,43.42663273960984,1.599393389042092,-0.08279148202021802,12523.460182259467,220.07463473819416,1.7072436307534484,-3.4118783689476118,1341.4000244140625,17.979999542236328,-2.4661186403021618,2981599.0,-0.885228573945207,3203130.0,0.09157509157509125,1335952.0,3.1810582440919832,3614844.0,-0.0027591667038746603,-246851.0,50553.0256,48411.58736011111,1885.8724311009535,2.5580592129115485,2.3852183390569737,118760897.03138255,349.2595343651216,339.81201567071724,-6447.157178110759,-0.008544182279738188,-0.0012549814708433527,17.510000228881836,6.177660837640076
2012-07-12,216.61,217.3,212.61,215.36,2617140,-1.3783944681045934,222.8457142857143,220.23066666666668,1.4885374292918743,5.372311046456363,2012,7,194,3,1704,-1.25,4.689999999999998,2.1651816628964484,-0.5148063781321155,42.74979126078489,0.8567417433733908,-0.043005059332706375,12152.395988112927,219.60310412956605,-1.2140981320760527,-3.029005997489975,1341.2900390625,18.81999969482422,-0.5148063781321155,2734748.0,0.0,1921979.0,-1.0761120550690562,2683070.0,0.4247865119334282,2330730.0,-0.05587778011813849,-117608.0,49660.212375510215,48501.54654044445,1827.54465284068,0.7340064148384771,2.2157436784028617,111882188.70025057,184.50790185289347,327.82159041123566,-16750.795404231314,-8.199295479405233e-05,-0.008544182279738188,17.979999542236328,5.954149717167525
2012-07-13,215.63,219.31,213.88,218.39,2222229,1.4069465081723465,221.25428571428574,220.41333333333336,1.47640903890708,5.386282455276681,2012,7,195,4,1705,2.759999999999991,5.430000000000007,2.5182024764643174,-1.3783944681045934,44.955846936044935,0.5068381264719903,-0.1508941057795915,10175.50712028939,219.91935078747852,-1.620888644244252,0.09153785676571147,1334.81005859375,17.780000686645508,-1.3783944681045934,2617140.0,-2.4661186403021618,2981599.0,-0.885228573945207,3203130.0,0.09157509157509125,1335952.0,-0.012128390384794185,-394911.0,48953.45894693879,48582.03751111112,2021.0281737371008,0.2568848864456373,2.1797836501665278,99902186.7808402,110.68837844021796,325.4202376289726,14316.394211774006,-0.004831155290826783,-8.199295479405233e-05,18.81999969482422,5.905636155628315
2012-07-16,216.6,218.31,214.46,216.01,2004300,-1.0897934887128535,219.6757142857143,220.67299999999997,1.429923342686081,5.375324702908821,2012,7,198,0,1708,-0.5900000000000034,3.8499999999999943,1.777469990766387,1.4069465081723465,44.609665427509285,0.03706363315643557,-0.09806775089335973,9278.737095504837,220.6209245415042,-2.0074262338579176,-2.6034983076462765,1356.5,17.309999465942383,1.4069465081723465,2222229.0,-0.5148063781321155,2734748.0,0.0,1921979.0,-1.0761120550690562,2683070.0,-0.046485696220999184,-217929.0,48257.41944693878,48696.57292899999,1990.022249554317,0.0013737129027548303,2.0446807659585353,89411152.41635686,8.006115398121647,315.5454738005655,-10111.907270159587,0.01624945906468578,-0.004831155290826783,17.780000686645508,5.719693370744324
2012-07-17,217.45,217.94,213.96,216.93,1986954,0.42590620804592305,218.51571428571427,220.75166666666667,1.3214624619693576,5.37957472085497,2012,7,199,1,1709,-0.5199999999999818,3.9799999999999898,1.8303058174292892,-1.0897934887128535,36.864406779660996,-0.25802537024645744,-0.008654393054931875,9159.424699211728,221.49659162623323,-0.44168981619904735,-4.124901810034174,1353.6800537109375,16.719999313354492,-1.0897934887128535,2004300.0,-1.3783944681045934,2617140.0,-2.4661186403021618,2981599.0,-0.885228573945207,3203130.0,-0.10846088071672333,-17346.0,47749.11738979591,48731.29833611111,1358.9844872163155,0.06657709169082145,1.7462630383941158,73247880.50847453,-55.97344356756401,291.7150409171723,3901.0558415234364,-0.0020788398739863823,0.01624945906468578,17.309999465942383,5.285849847877444
2012-07-18,216.15,218.67,215.71,217.47,2094419,0.24892822569491102,217.43285714285713,220.8936666666667,1.3156441948387616,5.382060909980896,2012,7,200,2,1710,1.3199999999999932,2.9599999999999795,1.3694193846865508,0.42590620804592305,37.86118558236519,-0.4432030752459184,0.0540852984014728,9630.841035545132,222.60625819011014,3.7759572309300022,-8.912215421040145,1363.5799560546875,16.809999465942383,0.42590620804592305,1986954.0,1.4069465081723465,2222229.0,-0.5148063781321155,2734748.0,0.0,1921979.0,-0.0058182671305959666,107465.0,47277.04736530612,48794.01197344445,1433.4693737022976,0.19642896590743922,1.7309196474129334,79297186.44623171,-96.38337277372987,290.6174702266485,2397.3881709279894,0.0073133251218489015,-0.0020788398739863823,16.719999313354492,5.262576779355072
2012-07-19,220.73,227.5,220.69,226.17,5451352,4.000551800248298,218.3857142857143,221.178,1.4559633461086439,5.42128692889172,2012,7,201,3,1711,5.439999999999998,6.810000000000002,3.0852172337244608,0.24892822569491102,56.40147523709166,0.11078251856073962,1.6027991533690251,24102.896051642572,223.9155647737525,1.07179647123156,1.1826387550159438,1373.010009765625,16.059999465942383,0.24892822569491102,2094419.0,-1.0897934887128535,2004300.0,-1.3783944681045934,2617140.0,-2.4661186403021618,2981599.0,0.14031915126988226,3356933.0,47692.32020408164,48919.707684,3181.1264089202637,0.012272766418660618,2.119829265211879,307464294.8366701,25.055682222882478,322.02706096561764,96424.88419059628,0.006915658791452062,0.0073133251218489015,16.809999465942383,5.823853384434585
2012-07-20,225.36,229.39,225.29,228.29,4169933,0.9373480125569378,219.80285714285714,221.49433333333334,1.4616031222936183,5.430616750561521,2012,7,202,4,1712,2.9299999999999784,4.099999999999994,1.8193113241036538,4.000551800248298,49.909200968522995,0.71267114597552,-0.2350644390602551,18265.94682202462,225.35370743803608,1.0901937936299744,1.8460987683339454,1376.510009765625,16.649999618530273,4.000551800248298,5451352.0,0.42590620804592305,1986954.0,1.4069465081723465,2222229.0,-0.5148063781321155,2734748.0,0.005639776184974465,-1281419.0,48313.29600816326,49059.73969877778,2490.9283413164167,0.5079001623060608,2.136283687098454,208118024.122276,162.69569591475144,323.73680917034346,17121.54895109549,0.0025491438336981975,0.006915658791452062,16.059999465942383,5.846412489174497
2012-07-23,224.72,226.58,221.54,226.01,5515058,-0.9987296859257921,221.3242857142857,221.74533333333332,1.4758164916042107,5.420579246080992,2012,7,205,0,1715,1.289999999999992,5.0400000000000205,2.2427910288358937,0.9373480125569378,45.181950509461416,0.9942343595229772,0.32257712533990346,24401.831777354986,226.84613726368616,-1.6195231618658026,0.7833858981796311,1362.3399658203125,20.40999984741211,0.9373480125569378,4169933.0,0.24892822569491102,2094419.0,-1.0897934887128535,2004300.0,-1.3783944681045934,2617140.0,0.01421336931059236,1345125.0,48984.43944693877,49170.99285511111,2041.4086518394206,0.9885019616560647,2.1780343168909613,249181077.61280927,224.70690759578807,327.2554198696062,-24370.83378701176,-0.010294181549558967,0.0025491438336981975,16.649999618530273,5.903265966416825
2012-07-24,226.27,226.61,221.23,223.04,5015160,-1.314101145966995,221.98857142857145,221.9633333333333,1.4874613489740187,5.407351127572159,2012,7,206,1,1716,-3.230000000000018,5.380000000000024,2.3776903699120626,-0.9987296859257921,41.255726219347856,0.9665789358405448,-0.0906423830900781,22485.473457675755,228.2566406271076,-2.625755301300134,-2.590885325807477,1350.52001953125,18.3799991607666,-0.9987296859257921,5515058.0,4.000551800248298,5451352.0,0.42590620804592305,1986954.0,1.4069465081723465,2222229.0,0.011644857369808026,-499898.0,49278.92584489797,49267.721344444435,1702.034945885786,0.9342748392106399,2.2125412646916076,206904067.9062246,215.5857658498751,330.16187922276976,-29548.186438342156,-0.00867620901215016,-0.010294181549558967,20.40999984741211,5.949845395896091
2012-07-25,222.0,222.5,215.91,217.05,3647927,-2.6856169296986976,222.13714285714283,221.98433333333332,1.5726427449994889,5.380127741745603,2012,7,207,2,1717,-4.949999999999989,6.590000000000003,2.96846846846847,-1.314101145966995,37.68151612109278,0.45606167870084846,-0.27262001611115094,16806.85095600092,229.43617806476942,-1.7441857507950231,-10.641992313974384,1338.3499755859375,19.790000915527344,-1.314101145966995,5015160.0,0.9373480125569378,4169933.0,0.24892822569491102,2094419.0,-1.0897934887128535,2004300.0,0.08518139602547015,-1367233.0,49344.910236734686,49277.04424544444,1419.8966571841747,0.20799225477943595,2.4732052033995275,137459420.0590696,98.98818736201916,349.10205132021485,-45136.76346235881,-0.009011376187919473,-0.00867620901215016,18.3799991607666,6.290570979997938
2012-07-26,220.0,221.45,214.95,220.01,6921519,1.3637410734853583,222.57714285714286,222.16033333333334,1.5836137532614272,5.39367299986479,2012,7,208,3,1718,0.009999999999990905,6.5,2.9545454545454546,-2.6856169296986976,43.9393939393939,0.28701184272301816,0.8973841855936262,31460.019999090953,230.39842747804184,-0.7187130281536377,-9.669714449888204,1338.1700439453125,17.68000030517578,-2.6856169296986976,3647927.0,-0.9987296859257921,5515058.0,4.000551800248298,5451352.0,0.42590620804592305,1986954.0,0.010971008261938309,3273592.0,49540.58452244898,49355.21370677778,1930.6703397612455,0.08237579786326252,2.5078325195187445,304127349.99999976,63.14547551749122,351.81615929580977,42903.32144543114,-0.0001344428915510676,-0.009011376187919473,19.790000915527344,6.3344550130457264
2012-07-27,225.25,238.34,224.5,237.32,11313865,7.867824189809558,225.41285714285712,222.92266666666666,2.1253146716172786,5.469409441390442,2012,7,209,4,1719,12.069999999999993,13.840000000000003,6.14428412874584,1.3637410734853583,60.417727967396836,1.5321493006580624,0.6345927823068895,47673.457778526885,231.31182243177665,4.195065776454516,1.8131117917688186,1360.050048828125,17.110000610351562,1.3637410734853583,6921519.0,-1.314101145966995,5015160.0,0.9373480125569378,4169933.0,0.24892822569491102,2094419.0,0.5417009183558514,4392346.0,50810.95616530611,49694.515313777774,3650.3018527423656,2.34748147950699,4.516962453391661,683558017.8298522,363.6096720321714,473.7808141027147,375086.38432175847,0.01635069099163511,-0.0001344428915510676,17.68000030517578,8.5012586864691
2012-07-30,237.0,240.74,234.07,236.09,3736365,-0.518287544244056,226.82999999999998,223.514,2.1127865401299504,5.464213088260122,2012,7,212,0,1722,-0.9099999999999966,6.670000000000016,2.814345991561188,7.867824189809558,65.20065970313362,2.392104297038429,-0.6697534396954533,15826.019738235418,232.25073372602176,1.8890029766601966,1.9502632973180312,1385.93994140625,17.549999237060547,7.867824189809558,11313865.0,-2.6856169296986976,3647927.0,-0.9987296859257921,5515058.0,4.000551800248298,5451352.0,-0.012528131487328231,-7577500.0,51451.84889999999,49958.508196,4251.126025723833,5.722162967909718,4.4638669641542865,243613462.89169887,564.7519034878028,472.23737073060573,-8202.428905287992,0.01903598518336347,0.01635069099163511,17.110000610351562,8.451146160519784
2012-07-31,235.1,236.3,231.61,233.3,3453933,-1.1817527214197932,227.54571428571427,223.86866666666668,2.1041729623321883,5.452325179027384,2012,7,213,1,1723,-1.799999999999983,4.689999999999998,1.9948957890259456,-0.518287544244056,63.27583140672242,2.816033661187845,-0.07559004540509295,14804.68495499357,233.16500043608661,0.7175689132281353,-0.5825693493147526,1385.27001953125,18.399999618530277,-0.518287544244056,3736365.0,1.3637410734853583,6921519.0,-1.314101145966995,5015160.0,0.9373480125569378,4169933.0,-0.008613577797762062,-282432.0,51777.052089795914,50117.17991511112,4003.830840211959,7.930045580943018,4.427543855409817,218550482.198115,656.9806531551243,471.05839551335725,-17495.47673532632,-0.0004833700617071779,0.01903598518336347,17.549999237060547,8.416691849328743
2012-08-01,234.14,234.38,230.7,232.09,2543743,-0.5186455207886853,228.41428571428574,224.13733333333332,2.106204083172009,5.447125227475003,2012,8,214,2,1724,-2.049999999999983,3.680000000000007,1.5717092337917515,-1.1817527214197932,65.36836303509097,3.0195562836845227,-0.2635227724452096,10960.157697444956,233.70362292897917,-1.647065160538095,0.03344223155892223,1379.3199462890625,18.799999237060547,-1.1817527214197932,3453933.0,7.867824189809558,11313865.0,-2.6856169296986976,3647927.0,-0.9987296859257921,5515058.0,0.0020311208398204883,-910190.0,52173.08591836736,50237.54419377777,4273.022885887447,9.117720150338686,4.436095639970442,166280315.8919714,700.8088178803408,472.0789666579522,-5684.436696917457,-0.00429524436268458,-0.0004833700617071779,18.399999618530277,8.42481633268801
2012-08-02,230.55,234.34,228.66,230.81,3048331,-0.5515101900124941,229.52428571428572,224.397,2.107255878169993,5.441594861251659,2012,8,215,3,1725,0.2599999999999909,5.680000000000007,2.4636738234656286,-0.5186455207886853,61.78815489749433,3.0424921698721334,0.1983643787914109,13207.10107880941,233.7988254348887,-2.869818231632352,-0.11900720325633074,1375.1300048828125,19.049999237060547,-0.5186455207886853,2543743.0,-0.518287544244056,3736365.0,1.3637410734853583,6921519.0,-1.314101145966995,5015160.0,0.0010517949979842456,504588.0,52681.397732653066,50354.013608999994,3817.7760856367527,9.256758603733243,4.440527336081988,188350748.0068338,702.2376177281872,472.86189729371193,-7283.850825488394,-0.003037686374015469,-0.00429524436268458,18.799999237060547,8.429023512679976
2012-08-03,234.01,236.49,233.03,234.97,2825216,1.8023482518088496,232.08428571428573,224.87699999999998,2.1152217726366334,5.459457846420514,2012,8,216,4,1726,0.960000000000008,3.460000000000008,1.4785692919106057,-0.5515101900124941,67.40727139184725,3.3576414576843945,-0.07319251091826973,12023.73068902413,233.80907319722743,-1.4862575411659875,2.6471843439385623,1365.449951171875,16.049999237060547,-0.5515101900124941,3048331.0,-1.1817527214197932,3453933.0,7.867824189809558,11313865.0,-2.6856169296986976,3647927.0,0.00796589446664031,-223115.0,53863.11567551021,50569.66512899999,4543.740236494148,11.273756158360985,4.4741631474360615,190440101.6525891,788.9450133121022,475.6647265652082,21670.949987583055,-0.007039373496735224,-0.003037686374015469,19.049999237060547,8.460887090546521
2012-08-06,235.56,235.74,233.81,233.99,1843686,-0.4170745201515058,234.0814285714286,225.2713333333333,2.116357885732689,5.455278379401799,2012,8,219,0,1729,-1.5699999999999932,1.9300000000000068,0.8193241636950276,1.8023482518088496,65.64563462949378,3.488112934372822,-0.3474176841699891,7879.3367237916145,233.85904652491053,-0.551706278233937,0.6826597533234349,1391.0400390625,15.850000381469728,1.8023482518088496,2825216.0,-0.5186455207886853,2543743.0,-0.518287544244056,3736365.0,1.3637410734853583,6921519.0,0.0011361130960554355,-981530.0,54794.11520204083,50747.173621777765,4309.349345908993,12.166931842938977,4.478970700502937,121029937.52751288,816.1835455138967,476.75476272951704,-3286.2705831875255,0.01874113940878086,-0.007039373496735224,16.049999237060547,8.46543154293073
2012-08-07,234.13,238.0,233.25,236.56,2058228,1.0983375357921155,233.97285714285712,225.821,2.1113889006583175,5.466201875544222,2012,8,220,1,1730,2.430000000000007,4.75,2.0287874257890914,-0.4170745201515058,66.87886825817863,3.755597847056066,0.11636580198580448,8700.659452147447,233.94738059211542,3.833174994760781,-1.220555586876202,1394.4599609375,15.550000190734863,-0.4170745201515058,1843686.0,-0.5515101900124941,3048331.0,-1.1817527214197932,3453933.0,7.867824189809558,11313865.0,-0.004968985074371268,214542.0,54743.297879591824,50995.124040999995,4472.783019494813,14.104515188812158,4.457963089823139,137651959.25729448,888.424226699583,476.7959529355619,9556.260862438005,0.0024585359004509755,0.01874113940878086,15.850000381469728,8.445555602633249
2012-08-08,235.29,236.45,233.59,234.38,1534228,-0.9215421034832638,233.72857142857143,226.11333333333334,2.0778124297143736,5.456943729830456,2012,8,221,2,1731,-0.9099999999999966,2.859999999999985,1.2155212716222472,1.0983375357921155,58.20507695382772,3.748463828821542,-0.2545879270906819,6545.899820803823,234.10314036788867,1.8575018367169909,-1.5806422046056525,1401.22998046875,16.459999084472656,1.0983375357921155,2058228.0,1.8023482518088496,2825216.0,-0.5186455207886853,2543743.0,-0.518287544244056,3736365.0,-0.03357647094394389,-524000.0,54629.045102040815,51127.23951111112,3387.830983201007,14.050981075983456,4.317304493075548,89299858.8047172,878.564952199193,469.82109452414943,-6032.322290054275,0.004854940063462543,0.0024585359004509755,15.550000190734863,8.311249718857482
2012-08-09,233.93,235.99,233.5,234.06,1548452,-0.1365304206843554,233.83714285714288,226.39466666666667,2.0783065073284717,5.45557749274662,2012,8,222,3,1732,0.12999999999999545,2.490000000000009,1.0644209806352367,-0.9215421034832638,55.981754094961666,3.6746298962580397,0.009271112246680424,6615.619926514569,234.36933163330426,0.317844293858549,-0.6271759271627957,1402.260009765625,15.390000343322754,-0.9215421034832638,1534228.0,-0.4170745201515058,1843686.0,-0.5515101900124941,3048331.0,-1.1817527214197932,3453933.0,0.0004940776140980319,14224.0,54679.80937959185,51254.54509511111,3133.9567915487573,13.502904874473371,4.31935793840387,86685059.09185158,860.0838735181568,470.51750895779355,-903.2333716548384,0.0007350893937698721,0.004854940063462543,16.459999084472656,8.31322602931391
2012-08-10,233.08,234.85,231.43,232.75,1852503,-0.5596855507134957,233.93142857142857,226.77599999999998,2.046686159906849,5.449964916157176,2012,8,223,4,1733,-0.3300000000000125,3.4199999999999875,1.4673073622790405,-0.1365304206843554,57.13076597545495,3.4704052494204802,0.19635804015881675,7959.19656283566,234.7990143406127,-1.6682635264351884,-0.3807508141775031,1402.5799560546875,15.34000015258789,-0.1365304206843554,1548452.0,1.0983375357921155,2058228.0,1.8023482518088496,2825216.0,-0.5186455207886853,2543743.0,-0.031620347421622785,304051.0,54723.913273469385,51427.35417599999,3263.924420942201,12.043712595205225,4.188924237154243,105834915.36182822,807.7368218026168,464.13930059903555,-4454.647311507639,0.00022816473894593514,0.0007350893937698721,15.390000343322754,8.18674463962742
2012-08-13,232.23,234.37,231.0,232.44,1997278,-0.13319011815252635,234.16428571428568,226.91233333333332,1.9674630552433374,5.4486321272069045,2012,8,226,0,1736,0.21000000000000796,3.3700000000000045,1.4511475692201716,-0.5596855507134957,60.53811659192827,3.246122061733786,0.07815102053815837,8592.660471519532,235.41621341113935,-1.9476385411809165,-1.0285748699584474,1405.8699951171875,14.09000015258789,-0.5596855507134957,1852503.0,-0.9215421034832638,1534228.0,-0.4170745201515058,1843686.0,-0.5515101900124941,3048331.0,-0.07922310466351146,144775.0,54832.91270408162,51489.20701877777,3664.8635604979013,10.537308439674804,3.870910873747448,120911448.43049331,754.5286120294012,446.4416326123946,-1144.4574634462292,0.0023457051758779546,0.00022816473894593514,15.34000015258789,7.869852220973371
2012-08-14,234.71,236.72,232.62,233.19,2750998,0.32266391326793986,233.91,227.0413333333333,1.9669295087121017,5.451853571910238,2012,8,227,1,1737,-1.5200000000000102,4.099999999999994,1.7468365216650308,-0.13319011815252635,70.50304878048782,3.0932378313611935,0.37737360547705423,11797.238303529311,236.21790225225422,-1.1736451349712491,-1.8542571172829696,1404.3599853515625,13.90999984741211,-0.13319011815252635,1997278.0,-0.1365304206843554,1548452.0,1.0983375357921155,2058228.0,1.8023482518088496,2825216.0,-0.0005335465312357179,753720.0,54713.8881,51547.76704177777,4970.679887343845,9.568120281364099,3.8688116922424296,193953746.18902442,721.3121298951166,446.57429823067383,3806.5430767711996,-0.0010740749648754377,0.0023457051758779546,14.09000015258789,7.867718034848394
2012-08-15,232.26,238.14,232.25,237.42,3265269,1.813971439598605,234.4,227.30433333333335,1.9924335448981756,5.469830724625388,2012,8,228,2,1738,5.159999999999997,5.889999999999986,2.5359510892964723,0.32266391326793986,71.42505537779968,3.275642063048082,0.18693979421286389,13753.13368713672,237.168240021019,0.39813175991080146,-0.14637178092979752,1403.8900146484375,14.81999969482422,0.32266391326793986,2750998.0,-0.5596855507134957,1852503.0,-0.9215421034832638,1534228.0,-0.4170745201515058,1843686.0,0.025504036186073886,514271.0,54943.36,51667.25995211112,5101.538535721751,10.729830925209894,3.9697914308355102,233222019.1484126,777.7029386088756,452.8887786340499,24947.791713447466,-0.0003346511635385907,-0.0010740749648754377,13.90999984741211,7.969734179592706
2012-08-16,237.72,242.83,236.2,241.55,4312012,1.739533316485553,235.11285714285714,227.78733333333332,1.999894831000979,5.4870764910004155,2012,8,229,3,1739,3.8300000000000125,6.630000000000024,2.7889954568399897,1.813971439598605,57.70491803278693,3.710680796557199,0.32056868821527407,17851.426205754502,238.20093238396177,1.9637146654647406,1.3853529505734912,1405.5699462890625,14.880000114440918,1.813971439598605,3265269.0,-0.13319011815252635,1997278.0,-0.1365304206843554,1548452.0,1.0983375357921155,2058228.0,0.007461286102803388,1046743.0,55278.05559387755,51887.069227111104,3329.857565170658,13.769151973938367,3.999579335064434,248824299.01639363,896.3149464083914,455.5507105008303,31053.150631693243,0.001196626247851551,-0.0003346511635385907,14.81999969482422,7.999579324003889
2012-08-17,240.6,243.35,240.47,241.17,3085790,-0.15731732560547718,236.08285714285716,228.32466666666667,1.9903504609288816,5.485502079007979,2012,8,230,4,1740,0.5699999999999932,2.8799999999999955,1.1970074812967562,1.739533316485553,59.5488721804511,3.978922758177646,-0.2843735128751961,12795.082307086288,239.2859709994619,1.627815981847623,0.25621301869045965,1415.8399658203125,14.229999542236328,1.739533316485553,4312012.0,0.32266391326793986,2750998.0,-0.5596855507134957,1852503.0,-0.9215421034832638,1534228.0,-0.009544370072097408,-1226222.0,55735.115436734704,52132.15340844445,3546.068177963703,15.831826315544005,3.9614949573198115,183755314.2857142,959.5968015897027,454.44610554143327,-2012.8881294527737,0.007306658454361958,0.001196626247851551,14.880000114440918,7.961401843715521
2012-08-20,241.37,241.65,238.2,240.35,1889992,-0.34000912219596113,236.98142857142855,228.83466666666666,1.9927867427619712,5.482096194339969,2012,8,233,0,1743,-1.0200000000000102,3.450000000000017,1.4293408460040673,-0.15731732560547718,64.31181485992687,4.078326884710151,-0.3875176210954083,7863.499063865197,240.35410173474176,0.3986397053725277,-0.4027414401142835,1417.8499755859375,14.109999656677246,-0.15731732560547718,3085790.0,1.813971439598605,3265269.0,-0.13319011815252635,1997278.0,-0.1365304206843554,1548452.0,0.0024362818330896374,-1195798.0,56160.19748775509,52365.30466844444,4136.00953057751,16.632750178549607,3.9711990021278667,121548815.5907429,980.2258667400848,456.0186900176881,-2673.6614140935676,0.0014196588697512613,0.007306658454361958,14.229999542236328,7.971146971047858
2012-08-21,240.88,243.85,238.55,239.45,2571467,-0.37445392136468136,237.9385714285714,229.49966666666668,1.930526830020651,5.478344626788618,2012,8,234,1,1744,-1.4300000000000068,5.299999999999983,2.2002656924609694,-0.34000912219596113,65.13157894736838,4.037936079176291,0.3605703092923145,10739.056170390479,241.3326961243473,-1.5003754303255694,-0.3823206940217574,1418.1300048828125,14.100000381469728,-0.34000912219596113,1889992.0,1.739533316485553,4312012.0,0.32266391326793986,2750998.0,-0.5596855507134957,1852503.0,-0.062259912741320145,681475.0,56614.76377346938,52670.09700011112,4242.12257617728,16.304927779513594,3.7269338414295836,167483705.92105255,966.8837941587627,443.0552639807961,-4021.2816947582924,0.00019750276947272383,0.0014196588697512613,14.109999656677246,7.722107320082614
2012-08-22,239.4,244.9,238.8,243.1,2473686,1.5243265817498353,239.46142857142857,230.32399999999998,1.9364504806017935,5.493472881322077,2012,8,235,2,1745,3.6999999999999886,6.099999999999994,2.5480367585630717,-0.37445392136468136,73.02360434619705,4.251442586758827,-0.038025376176322734,10175.59029206088,242.20429958894343,-1.0028957461179973,1.898596157174552,1413.0899658203125,15.31999969482422,-0.37445392136468136,2571467.0,-0.15731732560547718,3085790.0,1.813971439598605,3265269.0,-0.13319011815252635,1997278.0,0.0059236505811424145,-97781.0,57341.77577346939,53049.144975999996,5332.446791709928,18.07476406850659,3.749840463822917,180637467.7407268,1033.5256928410708,446.0110204941274,15510.92276718397,-0.0035540035435019934,0.00019750276947272383,14.100000381469728,7.745801922407168
2012-08-23,242.14,243.48,239.02,241.2,2453810,-0.7815713698066662,240.6057142857143,231.18533333333332,1.920809268517345,5.485626464853031,2012,8,236,3,1746,-0.9399999999999977,4.4599999999999795,1.8419096390517797,1.5243265817498353,62.75071633237819,4.218703325329102,-0.00803497291087063,10173.341625207297,243.0173042300058,-1.4779139188625576,-0.3393903111432621,1413.489990234375,15.0,1.5243265817498353,2473686.0,-0.34000912219596113,1889992.0,1.739533316485553,4312012.0,0.32266391326793986,2750998.0,-0.015641212084448464,-19876.0,57891.10974693878,53446.658348444435,3937.652400226595,17.797457747142822,3.6895082460221382,153978335.24355292,1017.5512420693793,444.06293101193853,-7951.192549524442,0.0002830848875430281,-0.0035540035435019934,15.31999969482422,7.683237074069382
2012-08-24,241.68,246.87,241.36,245.74,3699397,1.8822553897180905,241.7942857142857,232.097,1.9313688620393012,5.504274066439425,2012,8,237,4,1747,4.060000000000002,5.509999999999991,2.279874213836474,-0.7815713698066662,70.98963915684168,4.507141757823433,0.5076134664053045,15054.110034996336,243.84105125444196,0.08211129414757587,1.8168374514104642,1401.989990234375,15.989999771118164,-0.7815713698066662,2453810.0,-0.37445392136468136,2571467.0,-0.15731732560547718,3085790.0,1.813971439598605,3265269.0,0.010559593521956234,1245587.0,58464.47660408163,53869.01740900001,5039.528867618589,20.314326825115707,3.7301856812549854,262618858.12790263,1107.5850155675305,448.2649187727357,28335.679750781044,-0.008135890653242717,0.0002830848875430281,15.0,7.725475448157226
2012-08-27,245.79,247.5,243.12,243.92,2929676,-0.7406201676568802,242.13285714285712,233.02733333333336,1.9230431286013983,5.496840302679999,2012,8,240,0,1750,-1.8700000000000045,4.3799999999999955,1.782009032100572,1.8822553897180905,63.50954478707776,4.53657766068568,-0.20806661193702647,12010.806821908824,244.67944046222217,0.5738101472302476,-1.333250609452449,1411.1300048828125,16.149999618530273,1.8822553897180905,3699397.0,1.5243265817498353,2473686.0,-0.34000912219596113,1889992.0,1.739533316485553,4312012.0,-0.008325733437902993,-769721.0,58628.320508163255,54301.738080444455,4033.4622790618355,20.580536871432354,3.698094874461054,186062389.13362682,1106.562022994451,448.1216121429743,-8895.445762136513,0.006519315196330089,-0.008135890653242717,15.989999771118164,7.69217251440557
2012-08-28,243.97,246.78,243.0,246.11,2742232,0.8978353558543928,242.8385714285714,234.0,1.9249949782362201,5.50577859046014,2012,8,241,1,1751,2.140000000000015,3.780000000000001,1.5493708242816744,-0.7406201676568802,71.52293577981646,4.682641941723801,-0.06398113648062109,11142.302222583397,245.47369375862013,1.8778935728133683,-1.241587331433493,1410.43994140625,16.31999969482422,-0.7406201676568802,2929676.0,-0.7815713698066662,2453810.0,-0.37445392136468136,2571467.0,-0.15731732560547718,3085790.0,0.0019518496348218672,-187444.0,58970.57177346938,54756.0,5115.53034256375,21.927135554390855,3.7056056662346655,196132483.22935766,1152.4450082776448,450.44882490727554,10003.952881050356,-0.0004890148137838279,0.006519315196330089,16.149999618530273,7.699979912944855
2012-08-29,246.78,247.61,244.59,247.12,1772604,0.41038559993498147,243.80571428571426,234.98833333333332,1.9246710184804594,5.509874048610326,2012,8,242,2,1752,0.3400000000000034,3.0200000000000102,1.2237620552719062,0.8978353558543928,73.3715103793843,4.824286128386433,-0.35359079756927936,7173.049530592424,246.28054016937577,1.0153981097678257,-0.17593827914359395,1409.3199462890625,16.610000610351562,0.8978353558543928,2742232.0,1.8822553897180905,3699397.0,1.5243265817498353,2473686.0,-0.34000912219596113,1889992.0,-0.00032395975576071656,-969628.0,59441.226318367335,55219.51680277777,5383.378535352099,23.273736648541757,3.704358529378609,130058632.78453813,1192.1775880468554,452.27523484769233,2943.716234975509,-0.0007940750146870901,-0.0004890148137838279,16.31999969482422,7.698684073921811
2012-08-30,246.99,250.0,245.25,246.22,3647576,-0.36419553253480563,244.77285714285713,235.65666666666667,1.80801408851871,5.506225445219469,2012,8,243,3,1753,-0.7700000000000102,4.75,1.9231547835944773,0.41038559993498147,74.46422084998173,4.8084884270151065,1.0577500671328735,14814.296157907562,247.24268794607232,-0.9660171021785322,-0.05667084389378374,1410.0799560546875,17.479999542236328,0.41038559993498147,1772604.0,-0.7406201676568802,2929676.0,-0.7815713698066662,2453810.0,-0.37445392136468136,2571467.0,-0.11665692996174948,1874972.0,59913.75159387755,55534.064544444445,5544.920186794853,23.121560952738214,3.2689149442821415,271613904.83109295,1183.9460204996594,426.0705733866908,-5395.30047835747,0.0005392741141756474,-0.0007940750146870901,16.610000610351562,7.232056354074814
2012-08-31,248.07,249.45,245.5,248.27,3347458,0.8325887417756528,245.51142857142855,236.32266666666663,1.806839177178028,5.514516863627815,2012,8,244,4,1754,0.20000000000001705,3.9499999999999886,1.5922924980852133,-0.36419553253480563,77.04133925521002,4.904846485177046,-0.08227875169701737,13483.13529625005,248.4094486216973,-0.5849189662813306,0.445470344584038,1400.0699462890625,17.25,-0.36419553253480563,3647576.0,0.8978353558543928,2742232.0,1.8822553897180905,3699397.0,1.5243265817498353,2473686.0,-0.0011749113406818168,-300118.0,60275.861559183664,55848.40278044443,5935.367954236364,24.057519043153622,3.264667812185374,257892647.42056683,1217.7262368749052,426.99705258851736,11225.906651495723,-0.0070988951531744116,0.0005392741141756474,17.479999542236328,7.227356708712136
2012-09-04,248.27,251.0,244.66,247.88,3951366,-0.15708704233294846,246.46571428571428,237.05166666666668,1.7925303318446872,5.512944758093907,2012,9,248,1,1758,-0.3900000000000148,6.340000000000003,2.553671406130424,0.8325887417756528,75.40643375994453,4.893333892737786,0.18040793939759658,15940.640632564144,249.68320820750878,-1.0168573133395487,-0.7863508941692317,1406.5400390625,18.649999618530277,0.8325887417756528,3347458.0,0.41038559993498147,1772604.0,-0.7406201676568802,2929676.0,-0.7815713698066662,2453810.0,-0.01430884533334087,603908.0,60745.348318367345,56193.49266944445,5686.130252392903,23.944716585816334,3.2131649905832247,297958418.540297,1212.9596053318423,424.9223027143362,-2504.068089861922,0.0046212639522666965,-0.0070988951531744116,17.25,7.170121327378752
2012-09-05,247.61,248.61,245.3,246.22,2653046,-0.669678876875901,246.53428571428572,237.82433333333336,1.7760156013277706,5.506225445219469,2012,9,249,2,1759,-1.3900000000000148,3.3100000000000023,1.3367796131012488,-0.15708704233294846,66.70463173880023,4.696127914128823,-0.3285749788807213,10775.10356591666,250.98137632416166,-0.23111718017566998,-4.530259143986001,1404.93994140625,17.3799991607666,-0.15708704233294846,3951366.0,-0.36419553253480563,3647576.0,0.8978353558543928,2742232.0,1.8822553897180905,3699397.0,-0.016514730516916654,-1298320.0,60779.15403265306,56560.413525444455,4449.507895408955,22.05361738585993,3.1542314161596425,176970456.416097,1156.2806150167987,422.3797263753762,-7215.859254244584,-0.0011376125896256362,0.0046212639522666965,18.649999618530277,7.104062405311083
2012-09-06,248.23,252.7,247.2,251.38,5361452,2.0956867841767535,247.6,238.96866666666668,1.7079115115988783,5.526965738496691,2012,9,250,3,1760,3.1500000000000057,5.5,2.2156870644160658,-0.669678876875901,67.95761782974049,4.899728609929468,1.0208665812805355,21328.077014877876,252.29386606888943,-0.9045866105470286,-0.009279458342405178,1403.739990234375,17.299999237060547,-0.669678876875901,2653046.0,0.8325887417756528,3347458.0,0.41038559993498147,1772604.0,-0.7406201676568802,2929676.0,-0.06810408972889226,2708406.0,61305.759999999995,57106.02364844445,4618.237821093062,24.00734045096136,2.9169617314519654,364351506.02849776,1231.6937779640698,408.1373367114352,44696.96913198355,-0.0008540942829726728,-0.0011376125896256362,17.3799991607666,6.8316460463955195
2012-09-07,253.85,259.42,253.52,259.14,5030776,3.0869599809054016,249.46142857142857,240.273,1.7658101214761575,5.557368456200665,2012,9,251,4,1761,5.289999999999992,5.900000000000006,2.3242072089816843,2.0956867841767535,75.8561151079136,5.622438800543307,-0.06167657567390328,19413.35185613954,253.64904275797556,1.8679803040109537,3.622976938013494,1432.1199951171875,15.600000381469728,2.0956867841767535,5361452.0,-0.15708704233294846,3951366.0,-0.36419553253480563,3647576.0,0.8978353558543928,2742232.0,0.05789860987727913,-330676.0,62231.004344897956,57731.114529,5754.150199265037,31.611818065854862,3.118085385107642,381615123.3381291,1456.9987907727925,424.2764953174408,59928.240275138356,0.020217422799270635,-0.0008540942829726728,17.299999237060547,7.063240485904657
2012-09-10,259.0,260.0,256.82,257.09,2567221,-0.7910781816778623,250.8857142857143,240.932,1.1199775366437992,5.549426218143949,2012,9,254,0,1764,-1.910000000000025,3.180000000000007,1.2277992277992305,3.0869599809054016,73.26292384658134,5.961058593183282,-0.48969681814495414,9985.689836244117,255.00457899635458,1.6316922321219496,0.45372877152342994,1437.9200439453125,14.270000457763672,3.0869599809054016,5030776.0,-0.669678876875901,2653046.0,0.8325887417756528,3347458.0,0.41038559993498147,1772604.0,-0.6458325848323583,-2463555.0,62943.64163265307,58048.228623999996,5367.456010549978,35.534219551364245,1.2543496825867124,188082116.6203444,1532.5285537214897,269.8384278586638,-7899.461358455106,0.0040499740579702515,0.020217422799270635,15.600000381469728,4.479910146575207
2012-09-11,257.6,257.6,254.26,255.67,2524795,-0.5523357579057864,252.2357142857143,241.58466666666666,1.1208240707844643,5.543887550423803,2012,9,255,1,1765,-1.9300000000000352,3.340000000000032,1.2965838509316894,-0.7910781816778623,72.21917808219172,6.045150355585719,-0.016526041193960284,9875.21023193961,256.2175420920536,-0.2690905883183928,-0.278451503735198,1429.1300048828125,16.110000610351562,-0.7910781816778623,2567221.0,2.0956867841767535,5361452.0,-0.15708704233294846,3951366.0,-0.36419553253480563,3647576.0,0.0008465341406651561,-42426.0,63622.855561224496,58363.15116844444,5215.609682867321,36.543842821638144,1.256246597649858,182338619.72602725,1545.5635914126005,270.7739095324412,-5454.431727937342,-0.006113023529724426,0.0040499740579702515,14.270000457763672,4.483296283137861
2012-09-12,256.5,257.78,253.5,255.63,2273115,-0.01564516759885448,253.28714285714287,242.329,1.0884230116842506,5.543731086507974,2012,9,256,2,1766,-0.8700000000000045,4.279999999999973,1.6686159844054476,-0.5523357579057864,69.0483429613864,6.038952729484066,-0.09968334062765494,8892.20748738411,257.20613260758716,-0.6173014136723995,-0.9588311939147616,1433.56005859375,15.59000015258789,-0.5523357579057864,2524795.0,3.0869599809054016,5030776.0,-0.669678876875901,2653046.0,0.8325887417756528,3347458.0,-0.032401059100213736,-251680.0,64154.3767367347,58723.344241000006,4767.673665713238,36.46895006894305,1.1846646523638142,156954824.11067185,1543.7374862380118,263.7564599984328,-139.1200764639131,0.003099825555268998,-0.006113023529724426,16.110000610351562,4.353692046737024
2012-09-13,254.94,262.0,253.8,260.24,3525555,1.8033877087978878,255.05285714285714,243.2673333333333,1.1097572490637424,5.561604282165096,2012,9,257,3,1767,5.300000000000011,8.199999999999989,3.2164430846473637,-0.01564516759885448,76.74157303370784,6.333026353142486,0.5509796028797487,13547.321703043344,257.94677601207474,-0.2292790503753176,2.522503038300613,1436.56005859375,15.600000381469728,-0.01564516759885448,2273115.0,-0.7910781816778623,2567221.0,2.0956867841767535,5361452.0,-0.15708704233294846,3951366.0,0.021334237379491805,1252440.0,65051.95993673469,59178.9954671111,5889.269031687914,40.107222789597216,1.231561151849525,270556636.5168538,1648.1067781418008,269.9676866270724,24431.073446399238,0.002092692232889659,0.003099825555268998,15.59000015258789,4.43902899625499
2012-09-14,261.4,264.11,259.77,261.27,3666193,0.39578850292036893,257.20285714285717,244.28266666666667,1.095481559339204,5.5655543553727576,2012,9,258,4,1768,-0.12999999999999545,4.340000000000032,1.6602907421576254,1.8033877087978878,74.19756933624176,6.5734199175114725,0.03989102425008251,14032.200405710568,258.4393682888291,-1.0973153267151092,3.9279470378859855,1460.0699462890625,13.81999969482422,1.8033877087978878,3525555.0,-0.5523357579057864,2524795.0,3.0869599809054016,5030776.0,-0.669678876875901,2653046.0,-0.01427568972453841,140638.0,66153.30972244899,59674.02123377778,5505.2792954064025,43.20984941193653,1.200079846852254,272022609.31754416,1717.4374218482224,267.607156599539,5553.783591254779,0.016365405368659935,0.002092692232889659,15.600000381469728,4.381926237356822
2012-09-17,261.25,261.25,257.0,258.0,2306200,-1.2515788265013095,258.1485714285714,245.05033333333333,1.1044348171890805,5.552959584921617,2012,9,261,0,1771,-3.25,4.25,1.6267942583732056,0.39578850292036893,70.989862850328,6.42599698455254,-0.37095510247278307,8938.75968992248,258.6538271163166,-2.2628224524072156,1.6089953360905724,1465.4200439453125,14.670000076293944,0.39578850292036893,3666193.0,-0.01564516759885448,2273115.0,-0.7910781816778623,2567221.0,2.0956867841767535,5361452.0,0.00895325784987655,-1359993.0,66640.68493061223,60049.665866777774,5039.560627508379,41.293437245478344,1.2197762654194777,163716821.70542642,1657.9072220145554,270.64212009712327,-11187.562363090388,0.0036642748998758634,0.016365405368659935,13.81999969482422,4.41773926875635
2012-09-18,258.48,260.5,257.0,258.75,2215451,0.29069767441860517,258.09285714285716,245.8756666666667,1.0957160865823552,5.5558623445795785,2012,9,262,1,1772,0.2699999999999818,3.5,1.3540699473847106,-1.2515788265013095,69.68847352024922,6.2970930116125885,-0.03935001300841212,8562.129468599034,258.5890545207879,2.646725644436472,-2.485780165224355,1461.18994140625,14.510000228881836,-1.2515788265013095,2306200.0,1.8033877087978878,3525555.0,-0.5523357579057864,2524795.0,3.0869599809054016,5030776.0,-0.008718730606725345,-90749.0,66611.92290816327,60454.84345877779,4856.483341582476,39.6533803969001,1.2005937423953512,154391398.34890965,1629.3728167547572,269.4099232658277,2488.991124592747,-0.0028866143578013537,0.0036642748998758634,14.670000076293944,4.382864346329427
2012-09-19,259.45,262.84,258.53,261.68,2637214,1.132367149758462,258.74857142857144,246.713,1.0965438045730609,5.567122383230129,2012,9,263,2,1773,2.230000000000018,4.310000000000002,1.6612063981499336,0.29069767441860517,71.39917695473252,6.358070320430471,0.19037342735181229,10078.011311525526,258.2060769091455,1.9336529606103015,1.5402701302442097,1459.5,13.949999809265137,0.29069767441860517,2215451.0,0.39578850292036893,3666193.0,-0.01564516759885448,2273115.0,-0.7910781816778623,2567221.0,0.0008277179907056897,421763.0,66950.82321632653,60867.304369,5097.8424698132085,40.42505819953883,1.202408315347563,188294909.05349797,1663.7798414502458,270.53161165763356,11412.0089440657,-0.0011565514916038744,-0.0028866143578013537,14.510000228881836,4.386175218292237
2012-09-20,260.03,260.87,258.0,260.81,2913544,-0.3324671354325903,259.48285714285714,247.594,1.0782453860333276,5.563792172875685,2012,9,264,3,1774,0.7800000000000296,2.8700000000000045,1.1037188016767314,1.132367149758462,71.46219476316566,6.263986214000795,0.1047810302842318,11171.136076070703,257.51654055560806,-0.34435263460688936,3.63781207899882,1461.050048828125,14.630000114440918,1.132367149758462,2637214.0,-1.2515788265013095,2306200.0,1.8033877087978878,3525555.0,-0.5523357579057864,2524795.0,-0.01829841853973324,276330.0,67331.3531510204,61302.788836,5106.8452803686205,39.23752328919201,1.1626131125021597,208208248.7790527,1633.7102444735474,266.9670881095357,-3714.035610738894,0.0010620409922061924,-0.0011565514916038744,13.949999809265137,4.312981544133322
2012-09-21,261.74,262.0,256.74,257.47,6059684,-1.28062574287795,259.7457142857143,248.37433333333334,1.116068754669863,5.550903208462204,2012,9,265,4,1775,-4.269999999999982,5.259999999999991,2.009627874990445,-0.3324671354325903,63.038548752834515,5.852450390285242,1.0798326711386546,23535.495397522038,256.64230623587474,-1.2214938313685857,2.0491875954938905,1460.3399658203125,13.9399995803833,-0.3324671354325903,2913544.0,0.29069767441860517,2215451.0,0.39578850292036893,3666193.0,-0.01564516759885448,2273115.0,0.03782336863653546,3146140.0,67467.83608979594,61689.80945877778,3973.8586288634942,34.25117557074988,1.245609465150339,381993685.2607713,1506.8304019867412,277.2028328952908,-30140.161277452233,-0.0004860086814836295,0.0010620409922061924,14.630000114440918,4.464275018679473
2012-09-24,255.22,255.6,253.0,254.8,2709759,-1.037014021050997,258.9685714285714,249.10933333333335,1.1323877517423462,5.540478923698008,2012,9,268,0,1778,-0.4199999999999875,2.5999999999999943,1.0187289397382626,-1.28062574287795,59.21192758253464,5.250335994037641,-0.5528217312981998,10634.84693877551,255.77240659718106,0.07081321472634747,-1.0432198119073917,1459.760009765625,15.0600004196167,-1.28062574287795,6059684.0,1.132367149758462,2637214.0,-1.2515788265013095,2306200.0,1.8033877087978878,3525555.0,0.016318997072483077,-3349925.0,67064.72098775509,62055.45995377779,3506.0523680393267,27.566028050287226,1.2823020202960855,160450053.6741215,1337.785611280791,282.08835791136806,-11028.485387241479,-0.0003971376996189102,-0.0004860086814836295,13.9399995803833,4.5295510069693705
2012-09-25,256.33,258.95,251.03,252.46,4405725,-0.9183673469387754,257.71000000000004,249.77666666666667,1.1518506561201631,5.531252820324716,2012,9,269,1,1779,-3.869999999999976,7.9199999999999875,3.089767097101388,-1.037014021050997,58.15899581589961,4.532094390207874,0.6258733710267224,17451.180385011485,254.96898518135185,-1.1701968344186737,-1.3387883469331712,1456.93994140625,14.1899995803833,-1.037014021050997,2709759.0,-0.3324671354325903,2913544.0,0.29069767441860517,2215451.0,0.39578850292036893,3666193.0,0.019462904377816947,1695966.0,66414.44410000002,62388.38321111111,3382.4687943138283,20.53987956175368,1.3267599340044502,256232541.8410043,1144.1725497518798,287.70541738350727,-16026.594231132995,-0.0019318712257556658,-0.0003971376996189102,15.0600004196167,4.607402624480642
2012-09-26,252.4,254.61,248.23,249.67,2920842,-1.1051255644458635,256.52000000000004,250.326,1.1792892097959915,5.520140045894831,2012,9,270,2,1780,-2.730000000000018,6.380000000000024,2.527733755942957,-0.9183673469387754,47.616392528575396,3.695157585039766,-0.33703488075174914,11698.810429767293,254.19321022363067,-2.0818176279187597,-2.441392595711932,1441.5999755859375,15.829999923706056,-0.9183673469387754,4405725.0,-1.28062574287795,6059684.0,1.132367149758462,2637214.0,-1.2515788265013095,2306200.0,0.02743855367582837,-1484883.0,65802.51040000001,62663.106276,2267.320837435371,13.654189578276915,1.390723040341254,139079959.1859492,922.5699942568783,295.20675073139137,-12928.654479541734,-0.010528893734292333,-0.0019318712257556658,14.1899995803833,4.7171568391839855
2012-09-27,250.54,257.4,250.52,256.59,3397311,2.771658589337922,256.2114285714286,250.965,1.2351565125142447,5.5474794802608,2012,9,271,3,1781,6.049999999999983,6.879999999999967,2.746068492057143,-1.1051255644458635,46.36026263202967,3.549350599964555,0.16312727631278934,13240.2314977201,253.4807079687907,3.625430698014088,-0.5161386668048351,1433.3599853515625,16.3799991607666,-1.1051255644458635,2920842.0,-1.037014021050997,2709759.0,-0.3324671354325903,2913544.0,0.29069767441860517,2215451.0,0.05586730271825324,476469.0,65644.29613061226,62983.431225,2149.2739513107663,12.597889681468747,1.5256116104063517,157500230.20268333,910.7278704449051,309.98105416313746,36697.40135547842,-0.005715864576805285,-0.010528893734292333,15.829999923706056,4.940626050057006
2012-09-28,256.14,257.0,253.2,254.32,2456510,-0.8846798394325561,255.16000000000003,251.39066666666668,1.2200685726147844,5.538593316602547,2012,9,272,4,1782,-1.8199999999999932,3.8000000000000114,1.4835636761146294,2.771658589337922,46.07092198581562,3.2135832971282525,-0.2769251917178027,9659.13022963196,253.06515379722717,2.1777372801246035,-0.9228910773517782,1447.1300048828125,15.229999542236328,2.771658589337922,3397311.0,-0.9183673469387754,4405725.0,-1.28062574287795,6059684.0,1.132367149758462,2637214.0,-0.015087939899460334,-940801.0,65106.625600000014,63197.26728711111,2122.5298526231095,10.327117607581691,1.4885673218822775,113173680.56737594,817.2785041256572,306.7138518486791,-8545.237780608952,0.009606811737438381,-0.005715864576805285,16.3799991607666,4.880274290459113
2012-10-01,255.4,256.16,250.49,252.01,2581202,-0.9083044982698962,253.90285714285713,251.75199999999998,1.2348220454439023,5.529468769263775,2012,10,275,0,1785,-3.390000000000015,5.670000000000016,2.2200469851213844,-0.8846798394325561,44.93635860542336,2.729622210323413,0.050759817790279715,10242.458632593945,252.97157167091765,-0.5161441118096171,-0.44542755910805454,1440.9000244140625,16.030000686645508,-0.8846798394325561,2456510.0,-1.1051255644458635,2920842.0,-1.037014021050997,2709759.0,-0.3324671354325903,2913544.0,0.014753472829117875,124692.0,64466.66086530612,63379.06950399999,2019.2763247152059,7.450837411090874,1.5247854839142627,115989818.70503598,687.8920932236033,310.86891958459324,-9303.27124932841,-0.004305059288197466,0.009606811737438381,15.229999542236328,4.939288181775623
2012-10-02,252.8,253.15,249.03,250.6,2195767,-0.5595016070790826,252.92142857142855,252.09366666666668,1.2384946298281143,5.523858042461968,2012,10,276,1,1786,-2.200000000000017,4.1200000000000045,1.6297468354430398,-0.9083044982698962,43.295121300986395,2.2068649803729556,-0.14932384214796057,8762.039106145252,252.62746098205128,-1.7461454746367222,-0.28131550741454703,1444.989990234375,15.850000381469728,-0.9083044982698962,2581202.0,2.771658589337922,3397311.0,-0.9183673469387754,4405725.0,-1.28062574287795,6059684.0,0.00367258438421203,-385435.0,63969.249030612234,63551.21677344445,1874.467528467126,4.870253041596526,1.5338689481130778,95065998.613703,553.0403640814627,312.2166523803454,-4902.374961178037,0.002838479943794603,-0.004305059288197466,16.030000686645508,4.953978519312443
2012-10-03,251.21,256.1,249.56,255.92,2746126,2.122905027932953,253.08142857142857,252.64266666666666,1.285305851862392,5.544864895641263,2012,10,277,2,1787,4.7099999999999795,6.5400000000000205,2.6033995461964174,-0.5595016070790826,44.34850863422289,2.1965353559915286,0.25064544644308806,10730.407939981245,251.93629405048435,-0.6876609880714026,4.671366937587067,1446.050048828125,15.630000114440918,-0.5595016070790826,2195767.0,-0.8846798394325561,2456510.0,-1.1051255644458635,2920842.0,-1.037014021050997,2709759.0,0.04681122203427779,550359.0,64050.209487755106,63828.31702044444,1966.790218079742,4.824767570120831,1.6520111328317095,121786592.62166396,562.137328305352,324.7230978967864,22779.636967557868,0.0007336096449901408,0.002838479943794603,15.850000381469728,5.141223407449559
2012-10-04,256.01,261.52,255.87,260.47,2710852,1.7778993435448642,254.22571428571428,253.2216666666667,1.294909688066377,5.562487691413844,2012,10,278,3,1788,4.460000000000036,5.649999999999977,2.2069450412093192,2.122905027932953,49.04168663152857,2.526373566450644,-0.012845004198641985,10407.540215763811,251.17565227973876,-2.0070204909045146,11.301368211165766,1451.0799560546875,15.229999542236328,2.122905027932953,2746126.0,-0.9083044982698962,2581202.0,2.771658589337922,3397311.0,-0.9183673469387754,4405725.0,0.009603836203984972,-35274.0,64630.71380408163,64121.21246944446,2405.087027665048,6.382563397260547,1.676791100248162,132944754.28845249,658.0445228533994,327.8991893949815,18503.558917523253,0.003478376997143817,0.0007336096449901408,15.630000114440918,5.179638752265532
2012-10-05,261.2,261.9,257.49,258.51,2806662,-0.7524858908895649,255.48857142857145,253.79866666666666,1.2941303802899649,5.5549343779197855,2012,10,279,4,1789,-2.6899999999999977,4.409999999999968,1.6883614088820706,1.7778993435448642,50.63071976255255,2.5996499585031927,0.03534313197474437,10857.073227341303,250.41549014893147,-1.2680088364322155,9.362518687500739,1461.4000244140625,13.68000030517578,1.7778993435448642,2710852.0,-0.5595016070790826,2195767.0,-0.8846798394325561,2456510.0,-1.1051255644458635,2920842.0,-0.0007793077764122192,95810.0,65274.410130612254,64413.76320177777,2563.4697836741293,6.758179906745651,1.674773441189449,142103317.19020528,672.0355107726604,328.4485650104194,-8169.794419929163,0.007111991531765005,0.003478376997143817,15.229999542236328,5.176521521159856
2012-10-08,257.67,259.8,255.56,259.06,1762384,0.21275772697382234,255.84142857142857,254.24266666666665,1.2563904782692639,5.55705969510211,2012,10,282,0,1792,1.3899999999999864,4.240000000000009,1.645515581945903,-0.7524858908895649,50.385284613472535,2.6713092404987435,-0.3720711649639322,6802.99544507064,249.70455989428098,4.649696603881751,4.705743501837276,1460.9300537109375,15.1899995803833,-0.7524858908895649,2806662.0,2.122905027932953,2746126.0,-0.9083044982698962,2581202.0,2.771658589337922,3397311.0,-0.03773990202070099,-1044278.0,65454.83657346939,64639.33355377777,2538.676905580632,7.135893058373974,1.5785170338856696,88798219.43823019,692.0293718436045,319.4280655697863,1447.3898475064962,-0.00032158936312698394,0.007111991531765005,13.68000030517578,5.025561913077041
2012-10-09,258.67,259.35,250.73,250.96,3495031,-3.126688797961863,255.36142857142858,254.47733333333332,1.3857822872552976,5.525293563882423,2012,10,283,1,1793,-7.710000000000008,8.620000000000033,3.3324312831020344,0.21275772697382234,38.193832599118956,2.050856435902716,0.9831268327447367,13926.645680586547,248.93352364589248,2.2027193725583847,-0.17624301845086165,1455.9000244140625,15.279999732971191,0.21275772697382234,1762384.0,1.7778993435448642,2710852.0,-0.5595016070790826,2195767.0,-0.8846798394325561,2456510.0,0.12939180898603375,1732647.0,65209.459202040816,64758.713180444436,1458.768848609522,4.206012120683591,1.9203925476705241,133488628.94273132,514.6829311541456,352.6501810412954,-43544.287042673925,-0.003443032254759948,-0.00032158936312698394,15.1899995803833,5.543129149021183
2012-10-10,252.0,252.46,244.01,244.99,3948536,-2.3788651577940745,254.35857142857142,254.44,1.4487666934337333,5.501217393385187,2012,10,284,2,1794,-7.009999999999991,8.450000000000017,3.35317460317461,-3.126688797961863,34.33663366336636,1.0651357891576367,0.12975707511607193,16117.1313114821,247.90247318096021,-0.6659586562744446,-2.2465145246857503,1441.47998046875,16.520000457763672,-3.126688797961863,3495031.0,-0.7524858908895649,2806662.0,2.122905027932953,2746126.0,-0.9083044982698962,2581202.0,0.0629844061784357,453505.0,64698.28285918367,64739.713599999995,1179.0044113322238,1.1345142493444615,2.098924932002913,135579434.13861394,260.94761698572944,368.6241974772791,-38340.482120476685,-0.009904556427984046,-0.003443032254759948,15.279999732971191,5.795066773734931
2012-10-11,248.0,249.3,241.89,244.22,3447778,-0.3142985427976641,253.44714285714286,254.34333333333333,1.4476414849700086,5.498069458404876,2012,10,285,3,1795,-3.780000000000001,7.410000000000025,2.9879032258064617,-2.3788651577940745,36.177759232213646,0.21928473214472888,-0.12682118131884834,14117.508803537794,246.70832859780205,-2.111873505512294,-0.3764550922897456,1432.8199462890625,15.329999923706056,-2.3788651577940745,3948536.0,0.21275772697382234,1762384.0,1.7778993435448642,2710852.0,-0.5595016070790826,2195767.0,-0.0011252084637247695,-500758.0,64235.454222448985,64690.53121111111,1308.8302630640196,0.04808579375178549,2.0956658690061714,124732882.3701231,53.553717284385684,368.19796075888854,-4437.112444885123,-0.006007738086568071,-0.009904556427984046,16.520000457763672,5.790565939880054
2012-10-12,243.23,245.46,241.91,242.36,2203201,-0.7616083858815736,251.51,254.21466666666666,1.4526220114101265,5.490424224076788,2012,10,286,4,1796,-0.8699999999999761,3.5500000000000114,1.4595239074127417,-0.3142985427976641,36.799660441426155,-0.5942941271348161,-0.360979448212733,9090.613137481432,245.62533007355952,-0.8178152007222225,-2.4475148728372744,1432.8399658203125,15.40999984741211,-0.3142985427976641,3447778.0,-3.126688797961863,3495031.0,-0.7524858908895649,2806662.0,2.122905027932953,2746126.0,0.004980526440117927,-1244577.0,63257.280099999996,64625.09674844444,1354.215008604265,0.35318550954693295,2.1101107080332016,81077048.68421055,-144.03312465239404,369.2778204232882,-6923.487198311062,1.3972119317529064e-05,-0.006007738086568071,15.329999923706056,5.810488045640511
2012-10-15,242.85,244.78,238.51,244.18,2959801,0.7509490014854014,249.18285714285713,254.07833333333335,1.4510016848821745,5.497905658240709,2012,10,289,0,1799,1.3300000000000125,6.27000000000001,2.581840642371839,-0.7616083858815736,41.11587982832618,-1.0797556934976171,0.34340943018816716,12121.389958227537,244.50549315217174,-3.390791426012192,3.0652982738404546,1428.75,16.049999237060547,-0.7616083858815736,2203201.0,-2.3788651577940745,3948536.0,0.21275772697382234,1762384.0,1.7778993435448642,2710852.0,-0.0016203265279519652,756600.0,62092.09629387755,64555.79946944445,1690.5155740573596,1.16587235764052,2.105405889530909,121694822.23175965,-263.65474523824815,368.66808975872146,9102.545685746141,-0.00285444705471416,1.3972119317529064e-05,15.40999984741211,5.804006739528688
2012-10-16,244.87,245.77,242.08,243.94,2204143,-0.09828814808747754,247.10142857142858,253.947,1.450885064950437,5.496922293415092,2012,10,290,1,1800,-0.9300000000000068,3.6899999999999977,1.5069220402662629,0.7509490014854014,43.49602724177074,-1.4669434655083649,-0.2553070290874285,9035.594818397967,243.2832156297195,0.16703145222474658,0.48975291805575694,1440.31005859375,14.84000015258789,0.7509490014854014,2959801.0,-0.3142985427976641,3447778.0,-3.126688797961863,3495031.0,-0.7524858908895649,2806662.0,-0.00011661993173750496,-755658.0,61059.11600204082,64489.078809,1891.9043858168623,2.1519231309976914,2.1050674716962336,95871463.97275828,-357.8461889761105,368.4479095889686,-888.0918815691442,0.008091029636920322,-0.00285444705471416,16.049999237060547,5.803540259801736
2012-10-17,243.37,248.8,243.3,247.49,3302618,1.4552758875133298,245.44857142857146,253.98933333333335,1.4709792689989571,5.5113701771520756,2012,10,291,2,1801,4.1200000000000045,5.5,2.2599334346879236,-0.09828814808747754,38.815142576204586,-1.4703875208956276,0.49836830006038624,13344.450280819427,241.99890077540715,5.026382497421253,0.4647167271716057,1454.219970703125,15.43000030517578,-0.09828814808747754,2204143.0,-0.7616083858815736,2203201.0,-2.3788651577940745,3948536.0,0.21275772697382234,1762384.0,0.020094204048520137,1098475.0,60245.00121632654,64510.58144711112,1506.61529321109,2.16203946160559,2.1637800098247064,128191588.54473963,-363.9062075464589,373.61304388019914,19419.856725796995,0.009657581731364218,0.008091029636920322,14.84000015258789,5.883917075995839
2012-10-18,247.77,250.91,242.7,244.85,5305742,-1.0667097660511549,244.57571428571427,253.77166666666665,1.4304166379793697,5.500645778148327,2012,10,292,3,1802,-2.920000000000016,8.210000000000008,3.313556927795943,1.4552758875133298,38.465286236297224,-1.6669275925420948,0.6065260953582885,21669.35674903002,240.64616518210659,1.689459551338675,2.5143752665547368,1460.93994140625,15.25,1.4552758875133298,3302618.0,0.7509490014854014,2959801.0,-0.3142985427976641,3447778.0,-3.126688797961863,3495031.0,-0.04056263101958746,2003124.0,59817.28001836734,64400.05880277777,1479.5782452402766,2.778647598778184,2.046091758208203,204086884.7259441,-408.1472210339319,362.9992142477546,-23114.914468236824,0.004621013903334026,0.009657581731364218,15.43000030517578,5.721666551917451
2012-10-19,245.16,246.82,238.94,240.0,4395884,-1.9808045742291225,243.86285714285714,253.13366666666667,1.340174485082813,5.480638923341991,2012,10,293,4,1803,-5.159999999999997,7.8799999999999955,3.214227443302332,-1.0667097660511549,36.223904565267304,-2.1888102402133427,-0.17148553397432442,18316.183333333334,239.27972807312457,-0.601592135849958,1.321864062725382,1457.3399658203125,14.90999984741211,-1.0667097660511549,5305742.0,-0.09828814808747754,2204143.0,-0.7616083858815736,2203201.0,-2.3788651577940745,3948536.0,-0.09024215289655668,-909858.0,59469.09309387755,64076.65320011111,1312.1712619535933,4.790890267662791,1.796067650466983,159236082.4959855,-525.3144576512022,339.24328138212445,-36280.77972908589,-0.002464150293866485,0.004621013903334026,15.25,5.360697940331249
2012-10-22,238.81,238.95,232.32,233.78,4499838,-2.59166666666667,242.37142857142857,252.35666666666665,1.4041833786567686,5.454380502179625,2012,10,296,0,1806,-5.030000000000001,6.6299999999999955,2.7762656505171455,-1.9808045742291225,32.6239669421488,-3.0689312862211864,0.023648030748764093,19248.173496449654,237.97829346225774,-1.6967615147903696,-2.501531947467356,1433.2099609375,17.440000534057617,-1.9808045742291225,4395884.0,1.4552758875133298,3302618.0,0.7509490014854014,2959801.0,-0.3142985427976641,3447778.0,0.06400889357395556,103954.0,58743.9093877551,63683.887211111105,1064.3232190424176,9.418339239547226,1.971730960895938,146802566.15702495,-717.454756092789,354.3550368265599,-49884.84964496541,-0.016557567519415506,-0.002464150293866485,14.90999984741211,5.616733514627072
2012-10-23,231.05,236.5,230.01,234.31,4431862,0.2267088715886656,241.2214285714286,251.64466666666667,1.4066869729139264,5.456645024927341,2012,10,297,1,1807,3.259999999999991,6.490000000000009,2.8089158190867813,-2.59166666666667,25.223572575097535,-3.6812320341051645,-0.015106321605355522,18914.52349451581,236.74654486572152,-0.35719107654507776,-2.0793537891764515,1433.739990234375,18.229999542236328,-2.59166666666667,4499838.0,-1.0667097660511549,5305742.0,-0.09828814808747754,2204143.0,-0.7616083858815736,2203201.0,0.0025035942571578484,-67976.0,58187.77760204083,63325.03826177778,636.2286134512125,13.551469288922048,1.9787682397657456,111787392.7998169,-862.5494779111812,353.9852744032674,4288.090278078984,0.0003698197133155112,-0.016557567519415506,17.440000534057617,5.626747891655725
2012-10-24,235.88,235.94,227.95,228.49,3679282,-2.4838888651786073,238.98000000000002,250.73999999999998,1.4617472286165965,5.431492445700453,2012,10,298,2,1808,-7.389999999999986,7.990000000000009,3.387315584195358,0.2267088715886656,14.371657754010727,-4.583276984337829,-0.16981124412267345,16102.595299575472,235.62422810050566,-5.031132409342212,-2.103095691163446,1413.199951171875,18.21999931335449,0.2267088715886656,4431862.0,-1.9808045742291225,4395884.0,1.4552758875133298,3302618.0,0.7509490014854014,2959801.0,0.055060255702670036,-752580.0,57111.44040000001,62870.54759999999,206.54454659841664,21.006427915160863,2.1367049603683004,52877381.6844921,-1047.2329581513504,366.5185001033254,-39997.0571650929,-0.014326195267206243,0.0003698197133155112,18.229999542236328,5.846988914466408
2012-10-25,230.92,230.92,222.92,222.92,6731398,-2.4377434461026803,235.97714285714284,249.496,1.4500352867203539,5.406812962701336,2012,10,299,3,1809,-8.0,8.0,3.4644032565390614,-2.4838888651786073,13.301711693132617,-5.682106766037634,0.8295411985273213,30196.474071415756,234.63259085358635,1.978698231749027,-13.691289085335399,1409.739990234375,17.559999465942383,-2.4838888651786073,3679282.0,-2.59166666666667,4499838.0,-1.0667097660511549,5305742.0,-0.09828814808747754,2204143.0,-0.011711941896242584,3052116.0,55685.2119510204,62248.254016000006,176.935533967221,32.286337300650665,2.102602332734179,89539115.48772952,-1266.6552402851094,361.77800389558143,-73611.25676300329,-0.0024483166268374212,-0.014326195267206243,18.21999931335449,5.800141146881401
2012-10-26,228.6,238.71,226.69,238.24,11362599,6.872420599318141,234.65571428571428,248.72833333333332,1.9755847778288276,5.473278568935699,2012,10,300,4,1810,9.640000000000015,12.02000000000001,5.258092738407703,-2.4377434461026803,33.54410369901993,-5.256151674594037,0.6879998775885783,47693.917897918065,233.83967437558982,3.3476749521706886,1.0526506722395084,1412.969970703125,18.030000686645508,-2.4377434461026803,6731398.0,0.2267088715886656,4431862.0,-1.9808045742291225,4395884.0,1.4552758875133298,3302618.0,0.5255494911084737,4631201.0,55063.30424693877,61865.783802777776,1125.2068929706024,27.627130426337697,3.902935214388978,381148199.1463801,-1252.2255749552833,491.38390914806786,327772.66382384027,0.0022911887944763176,-0.0024483166268374212,17.559999465942383,7.902339111315314
2012-10-31,236.32,238.7,230.5,232.89,4797876,-2.245634654130302,232.94714285714286,247.89133333333334,2.000473227094666,5.450566239085699,2012,10,305,2,1815,-3.430000000000007,8.199999999999989,3.4698713608666165,6.872420599318141,35.0685837051727,-5.289307637997524,-0.5777483654927891,20601.468504444158,233.23520983862403,1.0568871183766841,-1.4020969570007367,1410.989990234375,17.68000030517578,6.872420599318141,11362599.0,-2.4838888651786073,3679282.0,-2.59166666666667,4499838.0,-1.0667097660511549,5305742.0,0.024888449265838553,-6564723.0,54264.37136530613,61450.11314177778,1229.805563086704,27.97677528937895,4.0018931323225475,168254716.11303917,-1231.8268558132434,495.8999755621329,-46263.371599553764,-0.0014012898432403942,0.0022911887944763176,18.030000686645508,8.001892908378693
2012-11-01,234.23,234.55,231.34,232.14,3905997,-0.322040448280303,231.8242857142857,247.00433333333334,1.9971302674304783,5.447340637940477,2012,11,306,3,1816,-2.0900000000000034,3.210000000000008,1.370447850403453,-2.245634654130302,38.37945378911195,-5.314836582111411,-0.18589038149381099,16826.040320496253,232.61598369529113,0.07514678507298386,-0.5511304803641224,1412.199951171875,17.770000457763672,-2.245634654130302,4797876.0,-2.4377434461026803,6731398.0,0.2267088715886656,4431862.0,-1.9808045742291225,4395884.0,-0.00334295966418785,-891879.0,53742.499446938775,61011.14068544444,1472.9824731505796,28.247487894549707,3.9885293050869337,149910031.3619099,-1233.786164171343,493.299830286487,-5418.665567595066,0.0008575262375172255,-0.0014012898432403942,17.68000030517578,7.988521069721912
2012-11-02,234.01,237.4,232.11,232.42,3374847,0.12061686913069636,231.63000000000002,246.02900000000002,1.9798399762270882,5.448546079794728,2012,11,307,4,1817,-1.5900000000000034,5.289999999999992,2.2605871543951084,-0.322040448280303,39.23357664233578,-5.25193377100851,-0.13598320736037428,14520.467257550987,231.85064891753564,-0.9388193018699524,1.5081703843343064,1427.5899658203125,16.059999465942383,-0.322040448280303,3905997.0,6.872420599318141,11362599.0,-2.4838888651786073,3679282.0,-2.59166666666667,4499838.0,-0.017290291203390096,-531150.0,53652.45690000001,60530.26884100001,1539.2735361500354,27.582808335059664,3.919766331466877,132407318.43065697,-1220.6544470577978,487.09804951117434,1751.4132989205889,0.010897900566889662,0.0008575262375172255,17.770000457763672,7.919359904908333
2012-11-05,232.04,234.83,230.11,234.33,1846241,0.8217881421564543,231.63285714285712,245.14633333333333,1.9918911262099295,5.456730378290316,2012,11,310,0,1820,2.2900000000000205,4.719999999999999,2.034132046198931,0.12061686913069636,42.680036463081144,-4.990435172326642,-0.45294082961390547,7878.807664404899,230.97284609684286,0.5588717478299057,2.798282155327257,1414.02001953125,18.32999992370605,0.12061686913069636,3374847.0,-2.245634654130302,4797876.0,-2.4377434461026803,6731398.0,0.2267088715886656,4431862.0,0.012051149982841292,-1528606.0,53653.780508163254,60096.72474677778,1821.585512489936,24.904443209194838,3.967630258673861,78797633.1996354,-1169.408673931302,488.3048059895681,6474.710712939335,-0.009505492903394752,0.010897900566889662,16.059999465942383,7.967564504839743
2012-11-06,235.41,237.75,234.45,237.56,2661279,1.3783979857465933,232.92857142857142,244.48266666666666,2.007569916108099,5.470420223147659,2012,11,311,1,1821,2.1500000000000057,3.3000000000000114,1.4018096087676868,0.8217881421564543,44.116601493067904,-4.47102247908785,0.4414580761666542,11202.55514396363,230.07072478784036,-5.211860844859034,12.701136057018687,1417.260009765625,18.15999984741211,0.8217881421564543,1846241.0,-0.322040448280303,3905997.0,6.872420599318141,11362599.0,-2.4838888651786073,3679282.0,0.0156787898981694,815038.0,54255.719387755096,59771.77430044444,1946.2745272981613,19.990042008508862,4.030336968062279,117406585.10487026,-1062.1361001321097,490.81604660988427,15441.579445654605,0.0022913326470788142,-0.009505492903394752,18.32999992370605,8.030279664432385
2012-11-07,235.65,235.66,229.42,232.06,3625370,-2.3152045798956022,234.23428571428573,243.72466666666665,2.0382057795190827,5.446995958919399,2012,11,312,2,1822,-3.5900000000000034,6.240000000000009,2.6479949077021043,1.3783979857465933,40.34460338101432,-4.4518698279282205,0.3622660382470233,15622.5545117642,229.18402154216992,2.2862119293095966,0.5897665285204994,1428.27001953125,17.719999313354492,1.3783979857465933,2661279.0,0.12061686913069636,3374847.0,-2.245634654130302,4797876.0,-2.4377434461026803,6731398.0,0.030635863410983788,964091.0,54865.70060408164,59401.71314177777,1627.6870219713524,19.819144964817642,4.154282799664991,146264114.7594279,-1033.100912269023,496.76102421136187,-36169.409755305176,0.0077685179076250055,0.0022913326470788142,18.15999984741211,8.152823118076356
2012-11-08,232.22,233.45,227.1,227.35,2983392,-2.029647504955623,232.67857142857142,242.88766666666663,2.0599762447363714,5.426490680271019,2012,11,313,3,1823,-4.8700000000000045,6.349999999999994,2.7344759279993083,-2.3152045798956022,33.93426930440333,-4.761857125989167,-0.17707930500886804,13122.463162524742,228.26888869072258,1.045093875629709,-1.9639825663522856,1394.530029296875,18.690000534057617,-2.3152045798956022,3625370.0,0.8217881421564543,1846241.0,-0.322040448280303,3905997.0,6.872420599318141,11362599.0,0.02177046521728876,-641978.0,54139.317602040814,58994.41861877776,1151.53463322377,22.675283288333805,4.243502128878163,101239227.56860246,-1082.608217593637,500.34282347277946,-26633.974616690415,-0.023622977289300184,0.0077685179076250055,17.719999313354492,8.239904978945503
2012-11-09,226.43,230.97,224.6,226.31,3092457,-0.45744446888057455,231.73857142857142,242.109,2.054942908272226,5.421905740792655,2012,11,314,4,1824,-0.12000000000000455,6.3700000000000045,2.8132314622620695,-2.029647504955623,34.823182711198456,-5.033421452094018,0.03655738166489697,13664.694445671867,227.34319238589904,0.35724133527565727,-1.390433721174702,1377.550048828125,18.799999237060547,-2.029647504955623,2983392.0,1.3783979857465933,2661279.0,0.12061686913069636,3374847.0,-2.245634654130302,4797876.0,-0.005033336464145499,109065.0,53702.765487755096,58616.76788100001,1212.6540541375111,25.335331514400252,4.222790356258314,107689195.13752465,-1139.1136088233973,497.52017257888036,-6250.838893115704,-0.012176131106557353,-0.023622977289300184,18.690000534057617,8.219771633088897
2012-11-12,226.59,229.22,225.41,226.47,2129405,0.07069948301003937,230.92857142857142,241.10500000000002,1.9729491597633106,5.422612485819643,2012,11,317,0,1827,-0.12000000000000455,3.8100000000000023,1.6814510790414416,-0.45744446888057455,38.003192055328974,-5.17606106426058,-0.31141968990999713,9402.591954784299,226.92132679891702,0.4049804066506366,-0.8563072055676457,1379.8599853515625,18.149999618530277,-0.45744446888057455,3092457.0,-2.3152045798956022,3625370.0,0.8217881421564543,1846241.0,-0.322040448280303,3905997.0,-0.08199374850891528,-963052.0,53328.005102040814,58131.62102500001,1444.2426063942191,26.791608140954366,3.8925283870107537,80924187.1785778,-1172.2225492230934,475.6879071647331,664.7583901576054,0.0016768439922763,-0.012176131106557353,18.799999237060547,7.891796639053268
2012-11-13,225.1,227.9,224.71,226.6,2629797,0.05740274650063437,230.09714285714284,240.18099999999998,1.972413897403623,5.423186348593906,2012,11,318,1,1828,1.5,3.1899999999999977,1.4171479342514428,0.07069948301003937,42.86282306163022,-5.218458924912312,0.2349914647518907,11605.45895851721,227.33426275158024,0.04454211493078644,-0.7788048665110239,1380.030029296875,17.360000610351562,0.07069948301003937,2129405.0,-2.029647504955623,2983392.0,1.3783979857465933,2661279.0,0.12061686913069636,3374847.0,-0.0005352623596877049,500392.0,52944.6951510204,57686.91276099999,1837.2216008126197,27.232313550996963,3.89041658267095,112720523.49900597,-1182.5027923851299,473.7363422922995,666.1852186192797,0.0001232327534079758,0.0016768439922763,18.149999618530277,7.889655589614506
2012-11-14,226.5,227.41,222.51,222.95,3034084,-1.6107678729037955,228.47142857142856,239.21233333333333,1.9832208322606706,5.406947531073485,2012,11,319,2,1829,-3.5500000000000114,4.900000000000006,2.1633554083885236,0.05740274650063437,39.36727817296892,-5.483375095794258,0.1537331588711981,13608.809150033641,228.30669063510993,1.586778579367484,-6.943469214477432,1374.6400146484375,16.31999969482422,0.05740274650063437,2629797.0,-0.45744446888057455,3092457.0,-2.3152045798956022,3625370.0,0.8217881421564543,1846241.0,0.010806934857047645,404287.0,52199.19367346938,57222.540418777775,1549.7825907479155,30.067402441176693,3.933164869512707,119443628.82815424,-1222.51847760733,474.4108828003503,-21920.632567353397,-0.0039057227263262773,0.0001232327534079758,17.360000610351562,7.9328833290426815
2012-11-15,222.3,225.16,218.18,220.6,3404622,-1.0540479928235036,226.04857142857145,238.21233333333333,1.9867404958885095,5.396351106819402,2012,11,320,3,1830,-1.700000000000017,6.97999999999999,3.139901034637872,-1.6107678729037955,42.102102102102094,-5.815906282715559,0.12212516199287826,15433.463281958297,229.53485426637977,-4.485524347859815,-4.449329918519965,1355.4100341796875,17.739999771118164,-1.6107678729037955,3034084.0,0.07069948301003937,2129405.0,-2.029647504955623,2983392.0,1.3783979857465933,2661279.0,0.0035196636278389537,370538.0,51097.95664489797,56745.11575211111,1772.5870014158295,33.824765889330315,3.947137798003321,143341743.06306303,-1282.9889259670524,473.2660892534256,-16267.610994663384,-0.013989102793336095,-0.0039057227263262773,16.31999969482422,7.946961983554047
2012-11-16,221.31,226.25,218.64,225.23,4353500,2.0988213961921964,225.07285714285712,237.18933333333334,1.9856882632328037,5.417122102313287,2012,11,321,4,1831,3.9199999999999875,7.610000000000014,3.4386155166960433,-1.0540479928235036,52.35666190573353,-5.640813551298152,0.2787028927146684,19329.130222439286,230.96584635887794,2.2004775395156804,-7.936323898393624,1353.3599853515625,17.649999618530273,-1.0540479928235036,3404622.0,0.05740274650063437,2629797.0,-0.45744446888057455,3092457.0,-2.3152045798956022,3625370.0,-0.0010522326557058648,948878.0,50657.79102244897,56258.77984711112,2741.2200459112887,31.818777520508867,3.942957878740508,227934727.60661092,-1270.4804361588826,470.9840753640132,40568.3920806408,-0.0015124934716642668,-0.013989102793336095,17.739999771118164,7.942753052931209
2012-11-19,228.32,232.5,227.45,229.71,3591621,1.989077831549979,225.41,236.16399999999996,1.9940543615240518,5.436817643793142,2012,11,324,0,1834,1.3900000000000148,5.050000000000011,2.2118079887876716,2.0988213961921964,38.826303379617514,-5.0819709434777,-0.1750037900539796,15635.457751077445,232.57808048297372,-0.499823131505382,-2.3682573514683156,1359.8800048828125,15.880000114440918,2.0988213961921964,4353500.0,-1.6107678729037955,3034084.0,0.07069948301003937,2129405.0,-2.029647504955623,2983392.0,0.008366098291248125,-761879.0,50809.668099999995,55773.43489599998,1507.4818341260984,25.82642867035162,3.976252796713094,139449366.57060525,-1167.3795454262624,470.9238542349661,31100.142398804437,0.004817653545118095,-0.0015124934716642668,17.649999618530273,7.9762174460962
2012-11-20,230.0,233.82,229.5,233.78,2772403,1.7717992251099268,226.47714285714287,235.3396666666667,2.03153448761834,5.454380502179625,2012,11,325,1,1835,3.780000000000001,4.319999999999993,1.8782608695652143,1.989077831549979,51.2062889671998,-4.261544730017505,-0.2280914383783812,11859.025579604757,234.39908254205147,0.20081351432284134,-0.8198960563743185,1386.8199462890625,15.109999656677246,1.989077831549979,3591621.0,-1.0540479928235036,3404622.0,0.05740274650063437,2629797.0,-0.45744446888057455,3092457.0,0.0374801260942883,-819218.0,51291.8962367347,55384.758706777786,2622.084029792368,18.16076348593997,4.127132374382712,141964469.1515316,-996.2639269834923,478.10064913793764,21011.812332502508,0.019810528362443014,0.004817653545118095,15.880000114440918,8.126137950473378
2012-11-21,233.84,238.67,232.75,238.03,2959294,1.8179484985884065,228.12857142857143,234.63866666666667,2.0667461170223342,5.472396716147956,2012,11,326,2,1836,4.189999999999998,5.9199999999999875,2.531645569620248,1.7717992251099268,57.29140876454569,-3.231164708303453,0.06741119526995165,12432.441288913162,236.68597439232187,0.2480528623430152,1.095972745335132,1387.7900390625,14.960000038146973,1.7717992251099268,2772403.0,2.0988213961921964,4353500.0,-1.6107678729037955,3034084.0,0.07069948301003937,2129405.0,0.03521162940399414,186891.0,52042.64510204082,55055.30389511111,3282.305518226263,10.440425372185738,4.271439512226896,169542122.20846748,-769.1141355174709,484.93855323663115,22601.537974968196,0.0006995088122530024,0.019810528362443014,15.109999656677246,8.266984468089333
2012-11-23,239.89,240.0,236.48,239.88,1776744,0.7772129563500485,230.0257142857143,234.26933333333332,2.0020071265748727,5.480138798300309,2012,11,328,4,1838,-0.009999999999990905,3.5200000000000102,1.467339197132023,1.8179484985884065,58.88941849380363,-2.2394861760967046,-0.3996054464341833,7406.80340170085,239.3404723454379,0.30299773683258147,0.23652991772951282,1391.030029296875,15.0,1.8179484985884065,2959294.0,1.989077831549979,3591621.0,-1.0540479928235036,3404622.0,0.05740274650063437,2629797.0,-0.06473899044746156,-1182550.0,52911.829232653065,54882.12054044444,3467.963610538341,5.01529833292824,4.008032534856579,104631420.97235464,-537.2079439220774,469.00887487127767,5756.663568939513,0.002334640070311922,0.0006995088122530024,14.960000038146973,8.008028506299468
2012-11-26,240.33,244.32,238.0,243.62,4178797,1.5591128897782358,232.97857142857146,234.22366666666667,1.9785235693719887,5.495609634271813,2012,11,331,0,1841,3.289999999999992,6.319999999999993,2.629717471809592,0.7772129563500485,60.607444622059816,-1.1386612727883119,1.3519409661718291,17152.93079385929,241.85236814001004,1.2806392671266233,0.48699259286334495,1409.1500244140625,15.630000114440918,0.7772129563500485,1776744.0,1.7717992251099268,2772403.0,2.0988213961921964,4353500.0,-1.6107678729037955,3034084.0,-0.023483557202883976,2402053.0,54279.01474489797,54860.72602677778,3673.2623436160475,1.2965494941478983,3.9145555145604747,253266207.7643297,-277.40065927668854,463.41704500472827,26743.355498180048,0.013026314842639719,0.002334640070311922,15.0,7.914094277487948
2012-11-27,243.22,245.67,241.54,243.4,3048476,-0.09030457269517678,236.23571428571427,234.1963333333333,1.9777192730685693,5.494706180553427,2012,11,332,1,1842,0.18000000000000682,4.1299999999999955,1.6980511471096107,1.5591128897782358,57.16037273173125,-0.2807652799080529,-0.27048956912719135,12524.55217748562,244.09189334366735,-2.659348004370797,1.9674546607034529,1406.2900390625,15.300000190734863,1.5591128897782358,4178797.0,1.8179484985884065,2959294.0,1.989077831549979,3591621.0,-1.0540479928235036,3404622.0,-0.0008042963034193829,-1130321.0,55807.312704081625,54847.922546777765,3267.3082108304457,0.07882914240184728,3.91137352306687,174252024.42373717,-68.33826912962007,463.1746021153243,-1131.0243325862848,-0.0020295818770267315,0.013026314842639719,15.630000114440918,7.910877092274291
2012-11-28,242.45,247.23,241.5,247.11,2743396,1.5242399342645818,239.3614285714286,234.35466666666667,1.9910578195116868,5.509833581621267,2012,11,333,2,1843,4.660000000000025,5.72999999999999,2.3633738915240214,-0.09030457269517678,69.29982046678637,0.6905294755383693,-0.1000762348137233,11101.922220873295,246.13016595690135,1.8184671490882636,-0.8386331059896008,1398.77001953125,16.43000030517578,-0.09030457269517678,3048476.0,0.7772129563500485,1776744.0,1.7717992251099268,2772403.0,2.0988213961921964,4353500.0,0.013338546443117494,-305080.0,57293.893487755115,54922.109788444446,4802.465116728823,0.47683095658729535,3.964311240638633,190116850.26929986,170.63673870028646,466.61369160572156,16921.993196154413,-0.005347417191593817,-0.0020295818770267315,15.300000190734863,7.964231278046725
2012-11-29,248.05,252.48,247.5,251.27,5313277,1.6834608069280943,242.4414285714286,234.59099999999998,2.009033243390535,5.526528058195265,2012,11,334,3,1844,3.219999999999999,4.97999999999999,2.007659746018944,1.5242399342645818,81.11342351716964,1.7754979651270162,0.9367517485627304,21145.68790544036,247.91377029136046,-1.3299246888631344,4.6861543975026905,1409.9599609375,15.210000038146973,1.5242399342645818,2743396.0,1.5591128897782358,4178797.0,1.8179484985884065,2959294.0,1.989077831549979,3591621.0,0.017975423878848096,2569881.0,58777.846287755114,55032.93728099999,6579.387474675728,3.152393024170175,4.036214573048293,430978087.56503654,446.1293736974654,471.3011176002289,35597.93682434227,0.007999843612604751,-0.005347417191593817,16.43000030517578,8.036132973562133
2012-11-30,250.38,252.65,248.27,252.05,3797416,0.31042305090143163,245.05142857142854,234.86133333333333,2.008924946032656,5.52962748052864,2012,11,335,4,1845,1.670000000000016,4.3799999999999955,1.7493410016774487,1.6834608069280943,83.70874803562074,2.6675331297320497,-0.2852968140000982,15066.121801229914,249.3444231741979,0.5669790729340627,2.138597752868037,1415.949951171875,15.260000228881836,1.6834608069280943,5313277.0,-0.09030457269517678,3048476.0,0.7772129563500485,1776744.0,1.7717992251099268,2772403.0,-0.0001082973578787616,-1515861.0,60050.202644897945,55159.84589511111,7007.15449769104,7.115732998218064,4.035779438792311,317876939.1304348,672.3517253489632,471.81879139182433,4676.871494790363,0.004248340662377448,0.007999843612604751,15.210000038146973,8.0356997841306
2012-12-03,252.53,254.16,250.0,250.33,2990693,-0.6824042848641132,246.8085714285714,234.956,1.9981174684400649,5.522780047428144,2012,12,338,0,1848,-2.1999999999999886,4.159999999999997,1.6473290302142305,0.31042305090143163,80.02013085052845,3.198813864055296,-0.21243998550593346,11947.00195741621,250.391195648632,0.09841222245360097,-0.1596078710855693,1416.3399658203125,15.8100004196167,0.31042305090143163,3797416.0,1.5242399342645818,2743396.0,1.5591128897782358,4178797.0,1.8179484985884065,2959294.0,-0.010807477592591264,-806723.0,60914.47093061224,55204.32193599999,6403.221341335694,10.232410136872375,3.992473417685334,239315645.19375947,800.7590745889623,469.46968791480384,-8152.685327020769,0.0002754438093766076,0.004248340662377448,15.260000228881836,7.992469873760285
2012-12-04,250.13,253.0,248.66,252.49,3116172,0.8628610234490353,248.60999999999999,235.21066666666667,1.9917422197106567,5.531371643970761,2012,12,339,1,1849,2.3600000000000136,4.340000000000003,1.7350977491704327,-0.6824042848641132,80.99114196791957,3.7509134266839794,0.04195649637057364,12341.764030258624,251.0536275907116,0.1730399260898144,1.2633324831985817,1409.4599609375,16.65999984741211,-0.6824042848641132,2990693.0,1.6834608069280943,5313277.0,-0.09030457269517678,3048476.0,0.7772129563500485,1776744.0,-0.0063752487294082005,125479.0,61806.93209999999,55324.05771377778,6559.565077267704,14.069351534478153,3.9670370697779336,252382328.84845588,947.068131103438,468.47901532629004,10649.227142315447,-0.004857594256212128,0.0002754438093766076,15.8100004196167,7.966968878842636
2012-12-05,252.44,255.55,250.38,253.96,2852687,0.5822012752980221,250.08714285714285,235.676,1.9530549540846391,5.5371767743022495,2012,12,340,2,1850,1.5200000000000102,5.170000000000016,2.048011408651567,0.8628610234490353,89.16393028542564,4.2579895691801255,-0.08455406184254266,11232.820129154197,251.3991350096992,-0.7054099534137095,3.266274943714535,1407.050048828125,16.950000762939453,0.8628610234490353,3116172.0,0.31042305090143163,3797416.0,1.5242399342645818,2743396.0,1.5591128897782358,4178797.0,-0.03868726562601754,-263485.0,62543.579022448976,55543.176975999995,7950.206463944243,18.13047517124675,3.814423653674552,254356784.79414,1081.3590309889846,460.2881793588514,6539.762204386867,-0.0017098123935156417,-0.004857594256212128,16.65999984741211,7.812219816338541
2012-12-06,253.0,255.17,251.51,253.37,3557822,-0.2323200504016354,251.51142857142858,236.32900000000004,1.882717070921073,5.534850870981006,2012,12,341,3,1851,0.37000000000000455,3.6599999999999966,1.4466403162055324,0.5822012752980221,93.31218609569125,4.55968182248418,0.2471827438481684,14042.0018155267,251.52205917591655,-0.47536881073374593,2.323309634817207,1409.4300537109375,16.59000015258789,0.5822012752980221,2852687.0,-0.6824042848641132,2990693.0,1.6834608069280943,5313277.0,-0.09030457269517678,3048476.0,-0.07033788316356615,705135.0,63257.99870204082,55851.39624100002,8707.164073956914,20.790698322292652,3.5446235691376247,331988148.5593444,1155.2865833628166,444.94064265370633,-3262.2385695230187,0.0016914855905763027,-0.0017098123935156417,16.950000762939453,7.530868283684299
2012-12-07,254.13,255.21,252.01,253.27,2170360,-0.0394679717409252,252.39142857142858,236.96099999999998,1.8836304578236491,5.534456113357058,2012,12,342,4,1852,-0.8599999999999852,3.200000000000017,1.2591980482430318,-0.2323200504016354,92.10210210210212,4.736111003021733,-0.38997510274544367,8569.352864531922,251.53897711650148,2.3383352664013874,-0.6073123829028759,1413.949951171875,16.1200008392334,-0.2323200504016354,3557822.0,0.8628610234490353,3116172.0,0.31042305090143163,3797416.0,1.5242399342645818,2743396.0,0.000913386902576141,-1387462.0,63701.433216326535,56150.515520999994,8482.797211626044,22.430747432943527,3.54806370164093,199894718.31831837,1199.5148337353144,446.3469569163497,-338.21497669536234,0.003206897319265156,0.0016914855905763027,16.59000015258789,7.534521831294569
2012-12-10,253.1,254.78,247.3,247.77,3504707,-2.1715955304615675,251.89142857142858,237.6036666666667,1.8686521790148558,5.512500896490735,2012,12,345,0,1855,-5.329999999999984,7.47999999999999,2.955353615171865,-0.0394679717409252,76.31118881118883,4.381619779761763,0.614804456403546,14145.001412600395,251.59725980751597,-1.3540945380955032,-2.4731652694204627,1418.0699462890625,16.469999313354492,-0.0394679717409252,2170360.0,0.5822012752980221,2852687.0,-0.6824042848641132,2990693.0,1.6834608069280943,5313277.0,-0.014978278808793322,1334347.0,63449.29178775511,56455.50241344446,5823.397537776911,19.198591894399524,3.4918609661369686,267448357.60489517,1085.633932831572,443.9986094585862,-30717.22184597558,0.0029138196254916426,0.003206897319265156,16.1200008392334,7.474608716059436
2012-12-11,248.31,253.48,246.65,250.69,4184618,1.17851232998345,251.69714285714286,238.52933333333334,1.8022845525304085,5.524217116055963,2012,12,346,1,1856,2.3799999999999955,6.829999999999984,2.7505940155450785,-2.1715955304615675,75.48990051251131,4.286885974874167,0.1939993842566583,16692.400973313655,251.75368953645685,1.209274189823446,-2.2729637262802953,1418.550048828125,15.9399995803833,-2.1715955304615675,3504707.0,-0.2323200504016354,3557822.0,0.8628610234490353,3116172.0,0.31042305090143163,3797416.0,-0.06636762648444727,679911.0,63351.45172244898,56896.24286044445,5698.725079388856,18.377391361572837,3.248229608289735,315896396.50286406,1074.6794450412049,429.8977327920433,19672.200364077882,0.0003385605486661003,0.0029138196254916426,16.469999313354492,7.209138210121637
2012-12-12,251.07,254.36,250.06,251.76,2628123,0.4268219713590371,251.9014285714286,238.98000000000002,1.326382890553005,5.5284762527561515,2012,12,347,2,1857,0.6899999999999977,4.300000000000011,1.7126697733699812,1.17851232998345,72.89096365455151,4.249167056801298,-0.3719562932626108,10439.00142993327,252.0879958968772,0.03034579082982633,-0.3583416877070249,1427.8399658203125,15.600000381469728,1.17851232998345,4184618.0,-0.0394679717409252,2170360.0,0.5822012752980221,2852687.0,-0.6824042848641132,2990693.0,-0.47590166197740347,-1556495.0,63454.329716326545,57111.44040000001,5313.092582489149,18.055420676605404,1.759291572351745,191566418.07269087,1069.7702982202948,316.97898318435716,4455.595169343926,0.0065488820784729285,0.0003385605486661003,15.9399995803833,5.305531562212025
2012-12-13,251.11,254.54,250.02,251.25,2461496,-0.2025738798856036,251.72428571428574,239.592,1.2469431610474422,5.526448459373285,2012,12,348,3,1858,0.13999999999998636,4.519999999999982,1.8000079646370044,0.4268219713590371,69.84293193717279,4.130507881025665,-0.0634015226836796,9796.999004975125,252.73540253158401,0.43864447771785253,-1.9240470093018587,1428.47998046875,15.869999885559082,0.4268219713590371,2628123.0,-2.1715955304615675,3504707.0,-0.2323200504016354,3557822.0,0.8628610234490353,3116172.0,-0.07943972950556288,-166627.0,63365.116018367364,57404.326464000005,4878.035141580552,17.061095355215127,1.5548672468829874,171918097.59162307,1037.7901051076983,298.7576058416788,-1984.616099673209,0.0004482397633895907,0.0065488820784729285,15.600000381469728,4.987772644189761
2012-12-14,250.11,251.9,247.79,249.19,2526988,-0.819900497512438,251.04285714285717,240.1603333333333,1.2582292513249054,5.518215657697217,2012,12,349,4,1859,-0.9200000000000159,4.110000000000014,1.6432769581384246,-0.2025738798856036,60.326288468668885,3.8261394911043,0.026606583963573405,10140.808218628355,253.605727662203,-3.8369837197847305,-0.5787439424182708,1419.449951171875,16.68000030517578,-0.2025738798856036,2461496.0,1.17851232998345,4184618.0,-0.0394679717409252,2170360.0,0.5822012752980221,2852687.0,0.01128609027746319,65492.0,63022.51612244899,57676.98570677777,3639.2610804050523,14.639343405387871,1.583140848889632,152443807.04486465,953.4356997882804,302.1767564079397,-8314.453703631609,-0.0063214251654488685,0.0004482397633895907,15.869999885559082,5.032917005299623
2012-12-17,249.81,254.0,249.26,253.86,2276934,1.8740719932581529,251.11285714285714,240.875,1.2925494792968886,5.536782933960031,2012,12,352,0,1862,4.050000000000011,4.740000000000009,1.8974420559625351,-0.819900497512438,66.64544875875241,3.9166071116376315,-0.09895337848854047,8969.250768139918,254.50988909916327,0.7930507873394869,-1.4429398865027565,1413.5400390625,17.200000762939453,-0.819900497512438,2526988.0,0.4268219713590371,2628123.0,-2.1715955304615675,3504707.0,-0.2323200504016354,3557822.0,0.0343202279719832,-250054.0,63057.66702244898,58020.765625,4441.615840255493,15.339811266930472,1.6706841564306578,151747288.22406116,994.2698813603292,311.342855825638,16809.021665080196,-0.004163522711382539,-0.0063214251654488685,16.68000030517578,5.170197917187579
2012-12-18,254.57,263.11,254.57,260.4,4961011,2.5762231151027937,252.1314285714286,241.744,1.3550277707271698,5.562218910334414,2012,12,353,1,1863,5.829999999999984,8.54000000000002,3.3546765133362224,1.8740719932581529,69.40145985401458,4.464562003945673,1.1788119462399878,19051.501536098312,255.31719292287747,2.8939612722609986,2.188845804861529,1430.469970703125,16.389999389648438,1.8740719932581529,2276934.0,-0.2025738798856036,2461496.0,1.17851232998345,4184618.0,-0.0394679717409252,2170360.0,0.062478291430281274,2684077.0,63570.2572734694,58440.161536,4816.5626298683965,19.932313887075402,1.8361002594418436,344301405.7518247,1162.5719458274532,327.5698334066689,49080.918634712856,0.011976973536493185,-0.004163522711382539,17.200000762939453,5.420111082908704
2012-12-19,261.3,261.67,257.68,257.99,2300721,-0.9254992319508326,253.59142857142857,242.425,1.360660489817426,5.552920824480519,2012,12,354,2,1864,-3.3100000000000023,3.990000000000009,1.5269804822043662,2.5762231151027937,60.338461538461566,4.650742480780224,-0.5362394882817232,8917.868909647661,256.0255196937022,-1.8759484334113372,3.8404287397091252,1446.7900390625,16.049999237060547,2.5762231151027937,4961011.0,-0.819900497512438,2526988.0,0.4268219713590371,2628123.0,-2.1715955304615675,3504707.0,0.005632719090256089,-2660290.0,64308.612644897956,58769.880625000005,3640.7299408284057,21.629405622533792,1.8513969685501974,138821965.56923082,1199.84505261649,329.8581192439895,-8253.48082651712,0.011408885676469804,0.011976973536493185,16.389999389648438,5.442641959269679
2012-12-20,258.32,262.41,256.54,261.5,2584595,1.3605178495290415,255.13571428571427,243.40633333333332,1.2817121345278353,5.566434283504978,2012,12,355,3,1865,3.180000000000007,5.8700000000000045,2.272375348405081,-0.9254992319508326,63.411864887879666,5.023610461425136,0.12338479980840789,9883.728489483748,256.54044792701427,1.1665589639341447,3.792993109051565,1435.81005859375,17.260000228881836,-0.9254992319508326,2300721.0,1.8740719932581529,2276934.0,-0.2025738798856036,2461496.0,1.17851232998345,4184618.0,-0.07894835528959065,283874.0,65094.23270408162,59246.643106777774,4021.064608558706,25.236662068140067,1.6427859957958997,163893988.92988935,1313.674135662673,311.9768510542604,13446.989029841352,-0.007589201039747917,0.011408885676469804,16.049999237060547,5.126848538111346
2012-12-21,257.6,258.38,255.74,256.92,4704502,-1.751434034416821,255.87285714285713,244.392,1.2643641564452517,5.548764752389592,2012,12,356,4,1866,-0.6800000000000068,2.6399999999999864,1.024844720496889,1.3605178495290415,58.650564452612265,4.893138247270343,0.8202085820022091,18311.155223415848,256.6201941079431,0.4831966757167806,-0.18339078365988826,1443.6700439453125,19.850000381469727,1.3605178495290415,2584595.0,2.5762231151027937,4961011.0,-0.819900497512438,2526988.0,0.4268219713590371,2628123.0,-0.017347978082583593,2119907.0,65470.91902244897,59727.449664,3439.8887106100256,23.942801906899888,1.5986167201035129,275921697.7684433,1257.1450784886968,309.00048492196794,-32070.780467779867,0.005474251489267834,-0.007589201039747917,17.260000228881836,5.057456625781015
2012-12-24,257.3,259.5,256.96,258.62,986435,0.661684571072696,256.92571428571426,245.469,1.2541698731800064,5.555359802867706,2012,12,359,0,1869,1.3199999999999932,2.5400000000000205,0.9871745044694988,-1.751434034416821,58.14509699707682,4.870766703447941,-0.7903210584244623,3814.2255046013456,256.5187303011165,0.5336281488682109,1.5676415500153098,1430.1500244140625,18.459999084472656,-1.751434034416821,4704502.0,-0.9254992319508326,2300721.0,1.8740719932581529,2276934.0,-0.2025738798856036,2461496.0,-0.010194283265245296,-3718067.0,66010.82266122448,60255.029961,3380.8523047994718,23.724368279417128,1.5729420707923534,57356358.756311476,1259.6776848457066,307.859824599623,2523.8141669866786,-0.009365034335894418,0.005474251489267834,19.850000381469727,5.016679492720016
2012-12-26,257.15,257.42,248.04,248.63,4152742,-3.8628103008274683,256.8457142857143,246.20766666666665,1.480714942851837,5.515965847580267,2012,12,361,2,1871,-8.519999999999982,9.380000000000024,3.6476764534318584,0.661684571072696,44.22535211267603,4.000808750841259,3.2098485962075554,16702.49768732655,256.50797170922266,-4.28689354724461,-3.5910781619780607,1426.6600341796875,18.709999084472656,0.661684571072696,986435.0,1.3605178495290415,2584595.0,2.5762231151027937,4961011.0,-0.819900497512438,2526988.0,0.22654506967183052,3166307.0,65969.72094693877,60618.21512544444,1955.881769490178,16.00647066080799,2.1925167419847185,183656477.18309847,994.7210797216621,364.56337107801744,-64518.58011615197,-0.002440296594621194,-0.009365034335894418,18.459999084472656,5.922859771407332
2012-12-27,248.28,249.35,242.86,248.31,3640082,-0.12870530507178568,256.05285714285714,246.93133333333336,1.482252125272603,5.514677965565414,2012,12,362,3,1872,0.030000000000001137,6.489999999999981,2.613984211374247,-3.8628103008274683,44.48561464690495,3.2480974346868265,-0.12345096324308136,14659.425717852684,256.4226344744939,1.0174515577089658,-9.130086032202883,1419.8299560546875,19.38999938964844,-3.8628103008274683,4152742.0,-1.751434034416821,4704502.0,-0.9254992319508326,2300721.0,1.8740719932581529,2276934.0,0.00153718242076617,-512660.0,65563.0656510204,60975.08338177779,1978.9699105129241,10.550136945219144,2.197071362875149,161931285.13513505,806.5350740070859,366.01449362973096,-1886.7458591934105,-0.00478746019469678,-0.002440296594621194,18.709999084472656,5.929008501090436
2012-12-28,245.85,247.44,245.05,245.18,1862498,-1.2605211227900592,253.8785714285714,247.67233333333334,1.4678613469072546,5.501992634666848,2012,12,363,4,1873,-0.6699999999999875,2.3899999999999864,0.9721374822045908,-0.12870530507178568,41.72970762625228,2.371664381464001,-0.4883362517657569,7596.451586589445,256.36361693286074,2.591896835607331,-13.775513768468073,1418.0999755859375,20.31999969482422,-0.12870530507178568,3640082.0,0.661684571072696,986435.0,1.3605178495290415,2584595.0,2.5762231151027937,4961011.0,-0.014390778365348522,-1777584.0,64454.329030612236,61341.584698777784,1741.3684985724976,5.624791938305021,2.1546169337443795,77721496.99447961,581.4846730473438,363.5486447983292,-9575.487683148054,-0.001218442012279497,-0.00478746019469678,19.38999938964844,5.871445387629024
2012-12-31,243.75,252.41,242.75,250.87,3418957,2.3207439432253896,252.86142857142858,248.68133333333336,1.4874962269627583,5.524934876673747,2012,12,366,0,1876,7.1200000000000045,9.659999999999997,3.963076923076922,-1.2605211227900592,53.15682281059064,2.1118759280106474,0.8356835819421014,13628.401163949457,256.612110637456,-1.977306330655461,-3.764804306800528,1402.4300537109375,22.13999938964844,-1.2605211227900592,1862498.0,-3.8628103008274683,4152742.0,-1.751434034416821,4704502.0,-0.9254992319508326,2300721.0,0.019634880055503734,1556459.0,63938.902059183674,61842.405548444454,2825.6478113165294,4.460019935310833,2.2126450252284418,181740891.44602853,529.8063140600311,369.9125450494014,31628.02945708155,-0.011049941573072375,-0.001218442012279497,20.31999969482422,5.9499849078510465
2013-01-02,256.04,258.1,253.26,257.31,3271079,2.56706660820345,252.26285714285717,249.7506666666667,1.507817162866692,5.55028158367044,2013,1,2,2,1878,1.2699999999999818,4.840000000000032,1.890329635994388,2.3207439432253896,56.2903838844546,2.398003197492926,-0.04325237199531906,12712.599588045548,257.12487940873484,0.5647725059965967,-0.3796519147314257,1426.18994140625,15.239999771118164,2.3207439432253896,3418957.0,-0.12870530507178568,3640082.0,0.661684571072696,986435.0,1.3605178495290415,2584595.0,0.0203209359039338,-147878.0,63636.54909387756,62375.39550044446,3168.607317859266,5.750419335186297,2.273512596635361,184130292.62637785,617.0302027469048,376.5783416373983,32634.089905932662,0.016941941334216226,-0.011049941573072375,22.13999938964844,6.031268651466746
2013-01-03,257.19,260.88,256.37,258.48,2751061,0.45470444211264116,252.4857142857143,250.7096666666667,1.4797797923118219,5.554818321516243,2013,1,3,3,1879,1.2900000000000205,4.509999999999991,1.7535674015319378,2.56706660820345,56.373292867981824,2.68818264569137,-0.15897445460656867,10643.225781491798,257.985199097239,1.2210487054213726,-0.726247802660339,1462.4200439453125,14.770000457763672,2.56706660820345,3271079.0,-1.2605211227900592,1862498.0,-3.8628103008274683,4152742.0,-1.751434034416821,4704502.0,-0.02803737055487021,-520018.0,63749.03591836735,62855.336960111126,3177.9481487792505,7.226325936596254,2.1897482337344187,155086367.45068294,694.8414502583054,370.9950984705661,4839.522041252107,0.025403420320955883,0.016941941334216226,15.239999771118164,5.919119169247267
2013-01-04,257.58,259.8,256.65,259.15,1874711,0.2592076756422035,252.56142857142854,251.55533333333332,1.4571908488800713,5.557407044635715,2013,1,4,4,1880,1.5699999999999932,3.150000000000034,1.2229210342418024,0.45470444211264116,57.469742813918295,2.9383439495996697,-0.3185498249584433,7234.076789504149,259.5280651663856,1.0017088360148563,-1.3797740024004952,1459.3699951171875,14.229999542236328,0.45470444211264116,2751061.0,2.3207439432253896,3418957.0,-0.12870530507178568,3640082.0,0.661684571072696,986435.0,-0.022588943431750552,-876350.0,63787.2752020408,63280.085728444436,3302.7713390979134,8.633865166148986,2.123405170059823,107739159.02042358,761.4718345387544,366.56412972030927,1875.1282300245841,-0.0020856174946130013,0.025403420320955883,14.770000457763672,5.828763395520298
2013-01-07,262.97,269.73,262.67,268.46,4910274,3.5925139880378154,255.3942857142857,252.56966666666668,1.5516119187585473,5.5927019270594895,2013,1,7,0,1883,5.489999999999952,7.060000000000002,2.684716887857931,0.2592076756422035,66.02361549975055,3.8435319347175323,1.6192165085711876,18290.523727929674,261.4004611687999,-3.3506681808660104,10.41020701206611,1466.469970703125,14.529999732971191,0.2592076756422035,1874711.0,2.56706660820345,3271079.0,-1.2605211227900592,1862498.0,-3.8628103008274683,4152742.0,0.09442106987847598,3035563.0,65226.2411755102,63791.436520111114,4359.117803658901,14.772737733193496,2.4074995464335807,324194042.5744221,1031.8345831942686,391.89010511687337,65708.96234112492,0.004865096315322948,-0.0020856174946130013,14.229999542236328,6.206447675034212
2013-01-08,267.07,268.98,263.57,266.38,3012056,-0.7747895403412031,257.9757142857143,253.453,1.5648823071382667,5.584923860772885,2013,1,8,1,1884,-0.6899999999999977,5.410000000000025,2.0256861496985903,3.5925139880378154,60.87938825165103,4.342997940895742,-0.3865808710471147,11307.365417824161,263.2285410920257,0.9764409897981752,2.175017918176138,1461.8900146484375,13.880000114440918,3.5925139880378154,4910274.0,0.45470444211264116,2751061.0,2.3207439432253896,3418957.0,-0.12870530507178568,3640082.0,0.013270388379719389,-1898218.0,66551.46916122448,64238.423209,3706.2999138952655,18.861631114624657,2.4488566351943843,183372126.659715,1156.8877914958077,396.62411539111514,-8760.828454545997,-0.0031231161538831653,0.004865096315322948,14.529999732971191,6.259529228553049
2013-01-09,268.17,269.5,265.4,266.35,2265691,-0.011262106764764468,261.0,254.21066666666667,1.5496390228904164,5.584811233363008,2013,1,9,2,1885,-1.8199999999999932,4.100000000000023,1.5288809337360714,-0.7747895403412031,55.82990397805218,4.682431444985298,-0.24779253772174226,8506.442650647643,264.91480437255444,2.0530719007237446,-0.6178762732781706,1457.1500244140625,13.31999969482422,-0.7747895403412031,3012056.0,0.2592076756422035,1874711.0,2.56706660820345,3271079.0,-1.2605211227900592,1862498.0,-0.015243284247850264,-746365.0,68121.0,64623.063047111114,3116.9781781985266,21.925164236987104,2.401381101264765,126493310.97393702,1247.165615371834,393.9347691016547,-95.80046531993982,-0.003242371304872038,-0.0031231161538831653,13.880000114440918,6.198556091561642
2013-01-10,268.54,268.74,262.3,265.34,2864598,-0.37920030035669683,263.0671428571428,254.942,1.5531022360191038,5.58101202248877,2013,1,10,3,1886,-3.2000000000000455,6.439999999999998,2.398152975348178,-0.011262106764764468,57.40479548660082,4.814438532861885,0.2643374581970799,10795.952363005956,266.4363672428852,-2.193845195684633,1.0974779527994087,1461.02001953125,13.329999923706056,-0.011262106764764468,2265691.0,3.5925139880378154,4910274.0,0.45470444211264116,2751061.0,2.3207439432253896,3418957.0,0.003463213128687359,598907.0,69204.32165102038,64995.423364,3295.3105448584656,23.178818386705302,2.41212655552754,164441662.34132573,1277.4631203095726,395.9509902551824,-4093.8283786884494,0.002655865938542279,-0.003242371304872038,13.31999969482422,6.212408944076401
2013-01-11,265.07,268.43,264.11,267.94,2413264,0.9798748775156518,264.5857142857143,255.63633333333334,1.5414390544271077,5.59076307484884,2013,1,11,4,1887,2.8700000000000045,4.319999999999993,1.6297581770852956,-0.37920030035669683,56.60919540229885,5.070404900481833,-0.15755578967799322,9006.732850638202,267.7569775200024,-0.7072297380536562,0.8902522180512733,1472.1199951171875,13.550000190734863,-0.37920030035669683,2864598.0,-0.7747895403412031,3012056.0,0.2592076756422035,1874711.0,2.56706660820345,3271079.0,-0.011663181591996086,-451334.0,70005.60020408164,65349.93492011112,3204.6010040956535,25.70900585483019,2.376034358513136,136612933.33333334,1358.5642890351023,394.04782793054625,8825.471248835305,0.007597415119266371,0.002655865938542279,13.329999923706056,6.165756217708406
2013-01-14,268.0,274.26,267.54,272.73,4263807,1.7877136672389327,266.62142857142857,256.3516666666667,1.544822230008623,5.608482294801877,2013,1,14,0,1890,4.730000000000018,6.71999999999997,2.507462686567153,0.9798748775156518,66.15573267933783,5.595274220976364,0.7668216158696273,15633.80266197338,268.7626955363617,1.0873858453046323,2.8799186183336474,1472.050048828125,13.65999984741211,0.9798748775156518,2413264.0,-0.011262106764764468,2265691.0,3.5925139880378154,4910274.0,0.45470444211264116,2751061.0,0.003383175581515241,1850543.0,71086.98617346938,65716.17700277778,4376.580966340008,31.30709360792266,2.386475722328815,282075276.0882894,1525.9991382868839,396.0177533664272,27948.762689726216,-4.7513986152325494e-05,0.007597415119266371,13.550000190734863,6.179288920034509
2013-01-15,270.68,272.73,269.3,271.9,2327154,-0.3043302900304523,268.4428571428571,257.0133333333334,1.5485473878629104,5.605434351638425,2013,1,15,1,1891,1.2199999999999704,3.430000000000007,1.2671789567016427,1.7877136672389327,63.81606325426546,5.87652198807632,-0.45420747233634173,8558.859874954029,269.486837867814,1.6422809111697931,0.7708812210161682,1470.6700439453125,13.970000267028809,1.7877136672389327,4263807.0,-0.37920030035669683,2864598.0,-0.7747895403412031,3012056.0,0.2592076756422035,1874711.0,0.0037251578542873975,-1936653.0,72061.5675510204,66055.85351111113,4072.48992927241,34.53351067634446,2.397999012457043,148509806.86641687,1597.8263285579512,397.9973259792729,-2604.7203080747604,-0.0009374714425716135,-4.7513986152325494e-05,13.65999984741211,6.194189551451615
2013-01-16,270.53,271.24,267.83,268.93,2066092,-1.0923133504964988,268.51000000000005,257.6333333333333,1.5589647829416622,5.59445112268962,2013,1,16,2,1892,-1.599999999999966,3.410000000000025,1.2604886703877667,-0.3043302900304523,74.73196881091619,5.792980814287603,-0.112180801098681,7682.638604841409,270.11438107269345,-1.483150863482342,0.2987697907889242,1472.3299560546875,13.699999809265137,-0.3043302900304523,2327154.0,0.9798748775156518,2413264.0,-0.011262106764764468,2265691.0,3.5925139880378154,4910274.0,0.010417395078751834,-261062.0,72097.62010000003,66374.93444444444,5584.867162355749,33.55862671470425,2.430371194452344,154403122.90448344,1557.906330386365,401.6412935785369,-8391.848715108066,0.001128677446180948,-0.0009374714425716135,13.970000267028809,6.235859131766659
2013-01-17,271.5,271.97,269.21,270.48,1884883,0.5763581601160306,269.0957142857143,258.233,1.5559615526841502,5.600198158399631,2013,1,17,3,1893,-1.0199999999999818,2.7600000000000477,1.0165745856353767,-1.0923133504964988,76.22427253371184,5.785158175971276,-0.0877061621650923,6968.659420289855,270.65259068178887,0.6381113533483871,-0.8107020351372398,1472.6300048828125,13.449999809265137,-1.0923133504964988,2066092.0,1.7877136672389327,4263807.0,-0.37920030035669683,2864598.0,-0.7747895403412031,3012056.0,-0.003003230257512035,-181209.0,72412.50344693878,66684.282289,5810.139723293577,33.468055121007296,2.421016353431271,143673835.48616037,1564.7695834367107,401.80061963428614,4016.4437219535052,0.0002037918381616599,0.001128677446180948,13.699999809265137,6.22384621073661
2013-01-18,270.89,274.5,269.6,272.12,2944198,0.60632948831707,269.92,258.83833333333337,1.556150020265789,5.60624314547686,2013,1,18,4,1894,1.2300000000000182,4.899999999999977,1.8088523016722573,0.5763581601160306,83.03089749877388,5.8439278106126835,0.5620057053939156,10819.484051153902,271.0936721683703,1.6293906358877945,-0.6030628042580588,1480.949951171875,13.520000457763672,0.5763581601160306,1884883.0,-0.3043302900304523,2327154.0,0.9798748775156518,2413264.0,-0.011262106764764468,2265691.0,0.00018846758163881816,1059315.0,72856.80640000002,66997.2828027778,6894.129939451895,34.15149225565235,2.4216028855732152,244459402.35409507,1590.2496358239234,402.79127766222973,6560.172228590845,0.005649719387406105,0.0002037918381616599,13.449999809265137,6.2246000810631585
2013-01-22,271.62,272.1,269.23,270.19,2138962,-0.7092459209172453,270.61285714285714,259.399,1.5635830839933942,5.599125415218723,2013,1,22,1,1898,-1.4300000000000068,2.8700000000000045,1.0566232236212372,0.60632948831707,76.09400324149105,5.669414814270567,-0.27349926873124697,7916.510603649284,271.50791041975646,-2.2236579556730227,0.9057475359165892,1485.97998046875,13.279999732971191,0.60632948831707,2944198.0,-1.0923133504964988,2066092.0,1.7877136672389327,4263807.0,-0.37920030035669683,2864598.0,0.007433063727605216,-805236.0,73231.3184510204,67287.841201,5790.29732931605,32.14226433627057,2.4447920605502937,162762181.36142617,1531.8191886677646,405.59188840480243,-5614.752853536374,0.0033964883775408072,0.005649719387406105,13.520000457763672,6.254332335973572
2013-01-23,270.57,271.09,266.65,268.11,2509597,-0.7698286391058073,270.63714285714286,259.89366666666666,1.5735180623143508,5.59139734406141,2013,1,23,2,1899,-2.4599999999999795,4.439999999999998,1.640980153010311,-0.7092459209172453,66.53398652786282,5.30215346597663,0.17327797314772297,9360.325985602924,271.68259547989453,-1.75016729314316,-1.822428186751381,1492.56005859375,12.670000076293944,-0.7092459209172453,2138962.0,0.5763581601160306,1884883.0,-0.3043302900304523,2327154.0,0.9798748775156518,2413264.0,0.009934978320956578,370635.0,73244.46309387755,67544.71797344444,4426.771363289831,28.112831376767993,2.475959092429509,166973492.98836496,1421.5603657629945,408.9473787811051,-7205.847015083424,0.004428106846314561,0.0033964883775408072,13.279999732971191,6.294072249257397
2013-01-24,269.37,276.65,269.37,273.62,3414846,2.0551266271306545,270.76428571428573,260.75533333333334,1.5425896218116104,5.611740282491968,2013,1,24,3,1900,4.25,7.279999999999973,2.702602368489428,-0.7698286391058073,70.45945945945944,5.393533851604161,0.36071488768913884,12480.249981726482,271.40174938258895,-0.20212066610020868,2.4203712835112583,1494.81005859375,12.729999542236328,-0.7698286391058073,2509597.0,0.60632948831707,2944198.0,-1.0923133504964988,2066092.0,1.7877136672389327,4263807.0,-0.03092844050274035,905249.0,73313.29841836735,67993.34386177779,4964.535427319208,29.090207408400016,2.3795827413208874,240608203.29729724,1475.7787324759306,402.23847103202706,25648.494050692956,0.001507477027169024,0.004428106846314561,12.670000076293944,6.1703584872464035
2013-01-25,275.0,284.72,274.4,283.99,4971234,3.7899276368686508,272.49142857142857,261.86533333333335,1.660542838473878,5.648939026273669,2013,1,25,4,1901,8.990000000000009,10.32000000000005,3.7527272727272907,2.0551266271306545,76.59528907922913,6.230899864826824,0.45577106551803515,17504.961442304306,270.9266954052628,2.8100208175752703,10.253283777161926,1494.8199462890625,12.630000114440918,2.0551266271306545,3414846.0,-0.7092459209172453,2138962.0,0.5763581601160306,1884883.0,-0.3043302900304523,2327154.0,0.11795321666226766,1556388.0,74251.57864489796,68573.45280177779,5866.838309130678,38.82411312549894,2.757402518406884,380773105.3104926,1769.51325261217,434.8386039112416,66342.5371525092,6.614683421224399e-06,0.001507477027169024,12.729999542236328,6.642171353895492
2013-01-28,283.78,284.48,274.4,276.04,4321621,-2.7993943448712977,273.50714285714287,262.67466666666667,1.7621102447556642,5.6205457827524015,2013,1,28,0,1904,-7.739999999999952,10.080000000000041,3.55204736063149,3.7899276368686508,58.35906484340542,6.18176041803747,-0.13067439593469143,15655.778148094478,270.33100437447575,0.35279488029359835,5.356200745230694,1502.9599609375,13.289999961853027,3.7899276368686508,4971234.0,-0.7698286391058073,2509597.0,0.60632948831707,2944198.0,-1.0923133504964988,2066092.0,0.10156740628178618,-649613.0,74806.15719387756,68997.98050844444,3405.7804493967983,38.2141618660148,3.105032514672867,252205760.16762257,1706.4131457950634,462.86172117111255,-43826.69681233532,0.005445481690718124,6.614683421224399e-06,12.630000114440918,7.048440979022644
2013-01-29,275.35,275.46,258.35,260.35,10129193,-5.683958846543979,272.06,262.978,2.074845529681831,5.562026879608908,2013,1,29,1,1905,-15.0,17.109999999999957,6.213909569638625,-2.7993943448712977,44.88549618320614,4.821189507669317,1.3438411188764587,38906.061071634336,269.6351649304503,-0.2829654032981672,-9.002199527152072,1500.1800537109375,13.869999885559082,-2.7993943448712977,4321621.0,2.0551266271306545,3414846.0,-0.7092459209172453,2138962.0,0.5763581601160306,1884883.0,0.31273528492616687,5807572.0,74016.6436,69157.428484,2014.7077676126132,23.24386826886071,4.304983972040678,454653853.74045837,1255.1966883217067,545.6387277046686,-221140.45001229632,-0.0018496216125600817,0.005445481690718124,13.289999961853027,8.299382118727294
2013-01-30,283.0,284.2,267.11,272.76,13078805,4.766660265027833,272.15142857142854,263.76366666666667,2.230609429014864,5.608592287652452,2013,1,30,2,1906,-10.240000000000009,17.089999999999975,6.038869257950521,-5.683958846543979,54.493200616851226,4.690244327094035,0.2911991113211092,47949.86434961138,268.86962456022815,1.726631278256051,2.163744161515808,1507.8399658203125,13.640000343322754,-5.683958846543979,10129193.0,3.7899276368686508,4971234.0,-0.7698286391058073,2509597.0,0.60632948831707,2944198.0,0.1557638993330328,2949612.0,74066.40007346937,69571.27185344444,2969.508913468395,21.99839184783778,4.975618424810017,712705944.693677,1279.311042658169,588.3537218982002,228560.71310876723,0.005105995170664235,-0.0018496216125600817,13.869999885559082,8.922437716059449
2013-01-31,271.04,275.94,263.7,265.5,6772592,-2.6616805983281977,271.4814285714286,264.15166666666664,2.275321068502532,5.581614840681993,2013,1,31,3,1907,-5.5400000000000205,12.240000000000009,4.5159386068477,4.766660265027833,50.10311936065999,3.955056572203489,-0.4821704276499267,25508.82109227872,267.9141353468076,-1.9966862649868082,-0.41744908182079143,1501.9599609375,14.43000030517578,4.766660265027833,13078805.0,-2.7993943448712977,4321621.0,2.0551266271306545,3414846.0,-0.7092459209172453,2138962.0,0.0447116394876681,-6306213.0,73702.16605918368,69776.10300277776,2510.3225696685417,15.64247248933001,5.177085964771504,339327985.35705096,1050.0675199200264,601.0298524467246,-67896.33418754337,-0.0038996213232838084,0.005105995170664235,13.640000343322754,9.10128427401014
2013-02-01,268.32,268.93,262.8,265.0,6115731,-0.18832391713747842,271.0371428571429,264.305,2.2302386238464584,5.579729825986222,2013,2,32,4,1908,-3.319999999999993,6.1299999999999955,2.284585569469289,-2.6616805983281977,48.05246422893482,3.2940968602840712,-0.0969881250782566,23078.230188679245,266.4861892941618,-2.0553162264343694,0.5691269322725248,1498.1099853515625,13.369999885559082,-2.6616805983281977,6772592.0,-5.683958846543979,10129193.0,3.7899276368686508,4971234.0,-0.7698286391058073,2509597.0,-0.045082444656073584,-656861.0,73461.13280816328,69857.133025,2309.03931847306,10.851074124933376,4.973964319296544,293875945.1112878,872.9356679752789,589.4632194757382,-4346.182709732483,-0.0025633010773032927,-0.0038996213232838084,14.43000030517578,8.920954495385786
2013-02-04,262.78,264.68,259.07,259.98,3723793,-1.8943396226415055,269.0885714285714,264.3713333333333,2.2522442281523034,5.560604704979873,2013,2,35,0,1911,-2.7999999999999545,5.610000000000014,2.134865667097958,-0.18832391713747842,41.579712059173154,2.3382555263268614,-0.3911123625286985,14323.382567889837,264.9112262700934,-2.142722973793836,-2.7885032962995524,1513.1700439453125,14.0,-0.18832391713747842,6115731.0,4.766660265027833,13078805.0,-2.7993943448712977,4321621.0,2.0551266271306545,3414846.0,0.022005604305844972,-2391938.0,72408.65927346938,69892.20188844444,1728.8724549237495,5.467438906398107,5.072604063245365,154834240.70796457,607.8996717344575,595.4288095889286,-27133.35112860635,0.010052705569688847,-0.0025633010773032927,13.369999885559082,9.008976912609228
2013-02-05,262.0,268.03,261.46,266.89,4013030,2.6578967612893134,266.6457142857143,264.55100000000004,2.290403787223236,5.586836588492379,2013,2,36,1,1912,4.889999999999986,6.569999999999993,2.507633587786257,-1.8943396226415055,46.937278395891916,2.113955272926489,0.07767268481357581,15036.269624189741,263.5020207347693,4.225021296312983,-0.8370420310823192,1495.7099609375,14.210000038146973,-1.8943396226415055,3723793.0,-2.6616805983281977,6772592.0,-5.683958846543979,10129193.0,3.7899276368686508,4971234.0,0.03815955907093249,289237.0,71099.93694693877,69987.23160100002,2203.108103213462,4.4688068959337075,5.245949508526542,188360706.32106614,564.1935227913507,605.9286123136944,39964.85233600679,-0.011538744820964397,0.010052705569688847,14.0,9.161615148892906
2013-02-06,265.16,266.89,261.11,262.22,2770506,-1.749784555434808,264.6714285714286,264.72766666666666,2.2903579916213817,5.5691838460712555,2013,2,37,2,1913,-2.9399999999999977,5.779999999999973,2.1798159601749783,2.6578967612893134,45.98155467720686,1.5415951852432954,-0.3096224050156615,10565.57852185188,262.33731725100984,0.6760721049600337,-0.7933893559698504,1511.2900390625,14.0600004196167,2.6578967612893134,4013030.0,-0.18832391713747842,6115731.0,4.766660265027833,13078805.0,-2.7993943448712977,4321621.0,-4.579560185424825e-05,-1242524.0,70050.96510204082,70080.73749877777,2114.303370532964,2.3765157151653105,5.245739729783929,127392173.12252967,404.23708947449694,606.3211269532812,-18487.486116770146,0.010416510240551347,-0.011538744820964397,14.210000038146973,9.161431966485566
2013-02-07,264.1,264.1,255.11,260.23,3976115,-0.7589047364808255,264.6542857142857,264.78133333333335,2.2928898605080326,5.561565855358551,2013,2,38,3,1914,-3.8700000000000045,8.990000000000009,3.404013631200306,-1.749784555434808,43.893720957941134,0.9168504420699151,0.43515841510539954,15279.233754755407,261.67078731034815,-0.8688812427833759,-0.5719060675647256,1512.1199951171875,13.470000267028809,-1.749784555434808,2770506.0,-1.8943396226415055,3723793.0,-2.6616805983281977,6772592.0,-5.683958846543979,10129193.0,0.002531868886650912,1205609.0,70041.89094693877,70109.15448177779,1926.6587395336007,0.8406147331237986,5.257343912420545,174526482.3066841,238.591990539854,607.1144344517976,-11595.482866281585,0.0005491705981217621,0.010416510240551347,14.0600004196167,9.171559442032162
2013-02-08,261.4,265.25,260.55,261.95,3879178,0.6609537716635083,263.11,265.22533333333337,2.1725463282239965,5.5681536458542285,2013,2,39,4,1915,0.5500000000000114,4.699999999999989,1.7980107115531712,-0.7589047364808255,43.947149148910825,0.5541376040614523,-0.02437982804823302,14808.849016987975,261.5573175950956,1.4926735165040412,-1.0999911115996497,1509.3900146484375,13.199999809265137,-0.7589047364808255,3976115.0,2.6578967612893134,4013030.0,-0.18832391713747842,6115731.0,4.766660265027833,13078805.0,-0.12034353228403605,-96937.0,69226.87210000001,70344.4774417778,1931.3519183166134,0.30706848423496685,4.719957548279569,170478814.1411736,145.15634538389742,576.2143240853189,9787.96461177364,-0.0018053993582290984,0.0005491705981217621,13.470000267028809,8.690185312896006
2013-02-11,263.2,263.25,256.6,257.21,3403903,-1.809505630845587,261.92571428571426,265.522,2.2026974957123575,5.54989287185648,2013,2,42,0,1918,-5.990000000000009,6.649999999999977,2.5265957446808427,0.6609537716635083,42.524763879290454,-0.11447373744442757,-0.12251951315459098,13233.945025465573,261.8120747385088,-1.0866808813132314,-3.5153938571955905,1517.9300537109375,13.369999885559082,0.6609537716635083,3879178.0,-1.749784555434808,2770506.0,-1.8943396226415055,3723793.0,-2.6616805983281977,6772592.0,0.030151167488360997,-475275.0,68605.07980408162,70501.93248399999,1808.355542989406,0.013104236564495738,4.851876257617492,144750171.3430084,-29.443790008081212,584.8646444565366,-23946.8980418809,0.005657940611518475,-0.0018053993582290984,13.199999809265137,8.810789982849428
2013-02-12,259.19,260.16,257.0,258.7,2943615,0.5792931845573612,261.0257142857143,265.97266666666667,2.187895407934478,5.5556690891919835,2013,2,43,1,1919,-0.4900000000000091,3.160000000000025,1.2191828388441008,-1.809505630845587,44.543662298503975,-0.5181495891947066,-0.13522359479691404,11378.488596830306,262.2769922941898,-1.1463659872516314,-2.4306263069382226,1517.010009765625,12.81999969482422,-1.809505630845587,3403903.0,-0.7589047364808255,3976115.0,2.6578967612893134,4013030.0,-0.18832391713747842,6115731.0,-0.014802087777879613,-460288.0,68134.42351836734,70741.45941377777,1984.1378509631645,0.26847899678264314,4.786886316060776,131119392.49681078,-134.04529872467057,581.9203760360875,6591.480894707449,-0.000606117484177382,0.005657940611518475,13.369999885559082,8.751581631737963
2013-02-13,261.53,269.96,260.3,269.47,5295157,4.163123308851957,262.38142857142856,266.5926666666667,2.273589426192917,5.596457066898652,2013,2,44,2,1920,7.940000000000055,9.659999999999968,3.693648912170676,0.5792931845573612,47.731992567493734,0.030630294353613863,0.7988619435625923,19650.265335658885,262.7620353709973,-3.29581995264568,10.003784581648404,1519.4300537109375,12.880000114440918,0.5792931845573612,2943615.0,0.6609537716635083,3879178.0,-1.749784555434808,2770506.0,-1.8943396226415055,3723793.0,0.08569401825843892,2351542.0,68844.01405918367,71071.64992044444,2278.343114463277,0.0009382149321890292,5.169208878896237,252748394.56771243,8.253945419468328,606.1222680339063,81806.47764400713,0.001595272232703504,-0.000606117484177382,12.81999969482422,9.09435770477171
2013-02-14,267.41,270.65,265.4,269.24,3463180,-0.08535272943185346,262.71714285714285,266.99033333333335,2.232121999490681,5.595603175142513,2013,2,45,3,1921,1.829999999999984,5.25,1.963277364346883,4.163123308851957,40.93423478795328,0.4418894020412836,-0.34597217797319324,12862.798989748922,263.25041135599344,4.299717752464145,1.689870891542455,1520.3299560546875,13.300000190734863,4.163123308851957,5295157.0,-1.809505630845587,3403903.0,-0.7589047364808255,3976115.0,2.6578967612893134,4013030.0,-0.04146742670223569,-1831977.0,69020.29715102041,71283.83809344446,1675.6115776752845,0.19526624363640316,4.982368620610276,141762623.23294404,118.9743026055952,595.9549966846835,-1097.8750019083577,0.000592263093356804,0.001595272232703504,12.880000114440918,8.928487997962748
2013-02-15,267.66,268.92,263.11,265.09,3980892,-1.541375724260896,263.1271428571428,267.21066666666667,2.253155516976605,5.580069390969017,2013,2,46,4,1922,-2.57000000000005,5.810000000000002,2.1706642755734893,-0.08535272943185346,42.940038684719504,0.42801104593286254,0.1494903527971403,15017.133803613868,263.81002913239496,0.0439441626195933,1.23602670498542,1521.3800048828125,12.470000267028809,-0.08535272943185346,3463180.0,0.5792931845573612,2943615.0,0.6609537716635083,3879178.0,-1.749784555434808,2770506.0,0.02103351748592397,517712.0,69235.89330816324,71401.54038044445,1843.8469222452075,0.18319345544054297,5.076709783682112,170939656.4796904,113.46144816634252,602.0671877949966,-23147.04549286811,0.0006906716689645265,0.000592263093356804,13.300000190734863,9.012622067906364
2013-02-19,265.91,270.11,264.5,269.75,2855002,1.7578935455883071,264.4871428571428,267.564,2.2731329060679535,5.597495604138244,2013,2,50,1,1926,3.839999999999975,5.610000000000014,2.109736376969656,-1.541375724260896,57.0655441972339,0.7839979629882805,-0.28282354808922217,10583.881371640407,264.43208100780737,-1.2668157172229615,6.5847347094156135,1519.7900390625,12.8100004196167,-1.541375724260896,3980892.0,4.163123308851957,5295157.0,-1.809505630845587,3403903.0,-0.7589047364808255,3976115.0,0.019977389091348385,-1125890.0,69953.44873673467,71590.49409600001,3256.4763345264555,0.6146528059697732,5.16713320864894,162922242.81419116,211.48345051608868,608.208532879166,18605.33675047899,-0.0010450813177572682,0.0006906716689645265,12.470000267028809,9.092531624271828
2013-02-20,270.2,274.3,266.37,266.41,3530656,-1.2381835032437394,265.1242857142857,267.49566666666664,2.191117770032761,5.585036475499256,2013,2,51,2,1927,-3.7899999999999636,7.930000000000007,2.9348630643967457,1.7578935455883071,44.47345517841604,0.7875318955759667,0.23665622651052431,13252.715738898689,264.87287983985004,1.0350664040786102,0.5020537560713478,1530.93994140625,12.31999969482422,1.7578935455883071,2855002.0,-0.08535272943185346,3463180.0,0.5792931845573612,2943615.0,0.6609537716635083,3879178.0,-0.08201513603519262,675654.0,70290.88687551019,71553.93168544443,1977.8882155065803,0.6202064865494753,4.800997082153339,157020471.36640567,209.80637230039332,586.1145086400933,-16409.29400108302,0.007336475471722448,-0.0010450813177572682,12.8100004196167,8.764471080130988
2013-02-21,265.12,269.48,263.25,265.94,3637395,-0.17641980406142288,266.37142857142857,267.481,2.186562590213822,5.58327071942856,2013,2,52,3,1928,0.8199999999999932,6.230000000000018,2.3498792999396567,-1.2381835032437394,50.434267666798256,0.7438330462293266,0.03023205885818392,13677.502444160336,265.0057667259353,0.6224084885709145,0.31182478549379766,1511.949951171875,14.68000030517578,-1.2381835032437394,3530656.0,-1.541375724260896,3980892.0,4.163123308851957,5295157.0,-1.809505630845587,3403903.0,-0.004555179818938715,106739.0,70953.73795918367,71546.08536099999,2543.615355086252,0.5532876006627995,4.781055960922579,183449353.03987363,197.8149603142271,584.8639481929833,-2412.982301248399,-0.012404137955230099,0.007336475471722448,12.31999969482422,8.746250360855242
2013-02-22,266.62,267.11,261.61,265.42,3124702,-0.19553282695343732,267.3314285714286,267.45000000000005,2.186905233262175,5.581313477009103,2013,2,53,4,1929,-1.1999999999999886,5.5,2.062861000675118,-0.17641980406142288,50.414364640883996,0.6596378446474205,-0.1409505978866744,11772.66973099239,265.00982803298115,-0.08827405039587981,0.4984460174147216,1502.4200439453125,14.600000381469728,-0.17641980406142288,3637395.0,1.7578935455883071,2855002.0,-0.08535272943185346,3463180.0,0.5792931845573612,2943615.0,0.00034264304835263104,-512693.0,71466.09270204083,71529.50250000003,2541.6081621440144,0.43512208609109443,4.782554499269487,157529866.0220995,175.08107672631834,584.8878046359688,-2301.9433932901043,-0.006303057332801343,-0.012404137955230099,14.68000030517578,8.747620933048665
2013-02-25,266.94,268.69,259.65,259.87,3032509,-2.0910255444201664,265.96,267.2676666666667,2.2195385921820288,5.560181505973845,2013,2,56,0,1932,-7.069999999999993,9.04000000000002,3.3865288079718363,-0.19553282695343732,49.89259910173793,0.1434206599932395,-0.02950457355613434,11669.330819255782,265.196173960076,-3.3517746617806523,-1.9743992982953387,1515.5999755859375,13.6899995803833,-0.19553282695343732,3124702.0,-1.2381835032437394,3530656.0,-1.541375724260896,3980892.0,4.163123308851957,5295157.0,0.03263335891985397,-92193.0,70734.72159999999,71432.00564544446,2489.27144512674,0.020569485712896407,4.926351562185382,151299755.80941218,37.27072691244315,593.2109006091091,-24400.86882935335,0.008772467921830174,-0.006303057332801343,14.600000381469728,8.878154368728133
2013-02-26,260.89,262.04,255.73,259.36,3348560,-0.19625197213991585,264.54857142857145,266.9816666666667,2.211171916324707,5.558217057987366,2013,2,57,1,1933,-1.5299999999999727,6.310000000000031,2.418643872896635,-2.0910255444201664,41.59785762106677,-0.30334118735680704,0.10422096026755412,12910.857495373226,265.6677183081395,2.6529878105143916,-8.960706118653889,1487.8499755859375,17.5,-2.0910255444201664,3032509.0,-0.17641980406142288,3637395.0,1.7578935455883071,2855002.0,-0.08535272943185346,3463180.0,-0.00836667585732176,316051.0,69985.94664489797,71279.21033611112,1730.381758662543,0.09201587594703751,4.889281243543077,139292922.11559936,-78.67457035286148,590.3423635068975,-2533.78124548441,-0.018309580659152336,0.008772467921830174,13.6899995803833,8.844687665298807
2013-02-27,259.4,265.83,256.86,263.25,2908010,1.4998457742134486,264.2857142857143,266.66566666666665,2.203376558177436,5.573104151014085,2013,2,58,2,1934,3.8500000000000227,8.96999999999997,3.4579799537393874,-0.19625197213991585,51.16965705200995,-0.33959800579509647,-0.13156401557684494,11046.571699905033,266.47489867151126,-0.7463933641507894,-2.4785053073604786,1496.93994140625,16.56999969482422,-0.19625197213991585,3348560.0,-0.19553282695343732,3124702.0,-1.2381835032437394,3530656.0,-1.541375724260896,3980892.0,-0.00779535814727117,-440550.0,69846.9387755102,71110.57777877778,2618.333802820312,0.11532680554000638,4.854868257125843,148801874.40381545,-89.39917502555915,587.5648788040913,16568.153883648436,0.006109463971145868,-0.018309580659152336,17.5,8.813506232709756
2013-02-28,261.81,267.0,260.63,264.27,2667349,0.3874643874643757,263.5028571428571,266.41133333333335,2.204723496793362,5.5769713077898135,2013,2,59,3,1935,2.4599999999999795,6.3700000000000045,2.4330621443031224,1.4998457742134486,54.6911286576869,-0.2827667609157061,-0.08275796850767358,10093.272032391116,267.46937106442357,-1.300885193659253,-1.8984858707643184,1515.989990234375,15.0,1.4998457742134486,2908010.0,-2.0910255444201664,3032509.0,-0.17641980406142288,3637395.0,1.7578935455883071,2855002.0,0.0013469386159261632,-240661.0,69433.75572244897,70974.99852844446,2991.1195538516617,0.07995704107876007,4.86080569731275,145880327.33395252,-74.72677190719364,587.3633264120487,3910.7834655417387,0.012725994077109837,0.006109463971145868,16.56999969482422,8.818893987173396
2013-03-01,263.27,266.6,261.04,265.74,2956964,0.5562492904983563,263.4071428571429,266.305,2.19893621140899,5.582518387163162,2013,3,60,4,1936,2.4700000000000273,5.560000000000002,2.1119003304592256,0.3874643874643757,54.4265358561084,-0.11775348631323368,0.10857784264451342,11127.282306013396,268.5215962225942,1.5583339968886294,-4.339930219482824,1514.6800537109375,16.100000381469727,0.3874643874643757,2667349.0,-0.19625197213991585,3348560.0,-0.19553282695343732,3124702.0,-1.2381835032437394,3530656.0,-0.0057872853843718985,289615.0,69383.32290816329,70918.353025,2962.2478052962533,0.013865883538920912,4.835320461845723,160937307.17122173,-31.29181145287872,585.5877077792711,6189.542887894865,-0.0008640799292052304,0.012725994077109837,15.0,8.795744845635909
2013-03-04,265.36,273.3,264.14,273.11,3454394,2.7733875216376935,264.43142857142857,266.3926666666667,2.255223405810724,5.609874644433234,2013,3,63,0,1939,7.75,9.160000000000025,3.451914380464284,0.5562492904983563,67.49559859154928,0.6007925662819957,0.1682232181386043,12648.36146607594,269.6051031331804,2.1061033703907284,1.3987934964288797,1518.199951171875,16.15999984741211,0.5562492904983563,2956964.0,1.4998457742134486,2908010.0,-2.0910255444201664,3032509.0,-0.17641980406142288,3637395.0,0.05628719440173402,497430.0,69923.98041632654,70965.05285377779,4555.655829231549,0.36095170769970625,5.086032610116522,233156390.8010563,164.08245777727586,600.774977003001,35078.80785917805,0.002323855425648391,-0.0008640799292052304,16.100000381469727,9.020893623242841
2013-03-05,274.0,276.68,269.99,275.59,3687183,0.9080590238365271,265.88428571428574,266.5083333333333,2.258429033619324,5.618914254010959,2013,3,64,1,1940,1.589999999999975,6.689999999999998,2.4416058394160576,2.7733875216376935,68.18867111781172,1.3547441167053194,0.06738924396001145,13379.233644181575,270.71182798841494,0.24327909324283767,4.634892918342189,1525.199951171875,13.4399995803833,2.7733875216376935,3454394.0,0.3874643874643757,2667349.0,-0.19625197213991585,3348560.0,-0.19553282695343732,3124702.0,0.003205627808599676,232789.0,70694.45338979593,71026.69173611111,4649.694868813091,1.835331621747676,5.100501699894712,251424108.93818638,373.35393112281895,601.8901577014966,12149.133842616342,0.00461072337316093,0.002323855425648391,16.15999984741211,9.033716134477345
2013-03-06,275.76,276.49,271.83,273.79,2050652,-0.653144163431163,267.8728571428572,266.62833333333333,2.257787338739315,5.612361389177871,2013,3,65,2,1941,-1.9699999999999704,4.660000000000025,1.6898752538439314,0.9080590238365271,55.766150560597964,1.7864184753935888,-0.4438431724164491,7489.871799554402,271.6515030919448,-2.1522237335945165,4.290720641649727,1539.7900390625,13.18000030517578,0.9080590238365271,3687183.0,0.5562492904983563,2956964.0,1.4998457742134486,2908010.0,-2.0910255444201664,3032509.0,-0.0006416948800089806,-1636531.0,71755.86759387757,71090.66813611111,3109.863548347281,3.191290969227554,5.097603666971557,114356968.17939134,489.1035143780107,601.9900751491656,-4891.966050726619,0.00956601649469957,0.00461072337316093,13.4399995803833,9.031149354957279
2013-03-07,274.1,274.8,271.85,273.88,1938987,0.032871909127418775,269.94714285714286,266.8206666666667,2.2522562008151024,5.612690054252862,2013,3,66,3,1942,-0.22000000000002728,2.9499999999999886,1.0762495439620534,-0.653144163431163,56.21650589496248,2.1114463236491474,-0.05445341286576166,7079.695487074631,272.1379646941073,0.4282453244569717,1.3137899814357183,1541.4599609375,13.449999809265137,-0.653144163431163,2050652.0,2.7733875216376935,3454394.0,0.3874643874643757,2667349.0,-0.19625197213991585,3348560.0,-0.005531137924212448,-111665.0,72871.4599367347,71193.26816044445,3160.2955350383513,4.4582055776515,5.072657994110079,109003074.11575562,578.2829191210285,600.9485010056195,232.7231067009141,0.001084512714484509,0.00956601649469957,13.18000030517578,9.009024803260445
2013-03-08,275.0,275.44,271.5,274.19,1880017,0.11318825763106943,271.51,266.83966666666663,2.2216926477129486,5.613821296733053,2013,3,67,4,1943,-0.8100000000000023,3.9399999999999977,1.432727272727272,0.032871909127418775,63.59020310633222,2.366765050075628,-0.030412787708220868,6856.621320981801,272.0033589177288,-1.7949634969050987,3.9816045791762917,1544.260009765625,12.670000076293944,0.032871909127418775,1938987.0,0.9080590238365271,3687183.0,0.5562492904983563,2956964.0,1.4998457742134486,2908010.0,-0.03056355310215375,-58970.0,73717.6801,71203.40770677775,4043.713931104584,5.6015768022594905,4.935918220901772,119550662.87335739,648.9433090802364,592.8357255515073,776.0890205579717,0.0018164914425815581,0.001084512714484509,13.449999809265137,8.886770590851825
2013-03-11,273.43,273.99,270.4,271.24,1905076,-1.0758962763047442,272.5057142857143,266.4146666666667,2.112736731043917,5.603004037815642,2013,3,70,0,1946,-2.1899999999999977,3.590000000000032,1.31295029806533,0.11318825763106943,52.344979540446985,2.3045017724886634,0.013329134789738628,7023.5805928329155,271.15997821860344,-1.1743189550802766,1.25434073647682,1551.1500244140625,12.3100004196167,0.11318825763106943,1880017.0,-0.653144163431163,2050652.0,2.7733875216376935,3454394.0,0.3874643874643757,2667349.0,-0.1089559166690317,25059.0,74259.36431836736,70976.77461511112,2739.9968830898133,5.310728419403391,4.463656494702136,99721164.24299659,625.0730607698251,562.8640519554881,-7556.644206155202,0.004461693370848341,0.0018164914425815581,12.670000076293944,8.450946924175696
2013-03-12,271.0,277.4,270.36,274.13,3246856,1.0654770682790193,273.7042857142857,266.351,2.061657350742678,5.613602446425789,2013,3,71,1,1947,3.1299999999999955,7.039999999999964,2.597785977859765,-1.0758962763047442,62.32439335887612,2.459999184379342,0.7043183579027819,11844.219895669938,269.70855911090774,2.278181043536461,2.1432598455558036,1556.219970703125,11.789999961853027,-1.0758962763047442,1905076.0,0.032871909127418775,1938987.0,0.9080590238365271,3687183.0,0.5562492904983563,2956964.0,-0.05107938030123904,1341780.0,74914.03601836732,70942.855201,3884.330007551922,6.051595987147027,4.250431031871317,202358330.5236271,674.3595764139089,549.124497027663,12619.744690490437,0.0032685080161589664,0.004461693370848341,12.3100004196167,8.246629402970711
2013-03-13,275.35,276.5,272.64,275.1,1884200,0.35384671506220045,273.98857142857145,266.8426666666667,1.7606451678478263,5.617134667930529,2013,3,72,2,1948,-0.25,3.8600000000000136,1.4018521881242105,1.0654770682790193,64.39346323067264,2.6311723796283673,-0.41968476581653147,6849.145765176299,267.8378892737401,1.9788004642765171,5.283310261983445,1552.47998046875,12.18000030517578,1.0654770682790193,3246856.0,0.11318825763106943,1880017.0,-0.653144163431163,2050652.0,2.7733875216376935,3454394.0,-0.30101218289485154,-1362656.0,75069.73727346939,71205.00875377779,4146.518106839989,6.923068091319204,3.0998714070659004,121330163.41923338,723.8355216357639,469.8152516422949,2423.547729989815,-0.0024032529493148713,0.0032685080161589664,11.789999961853027,7.042580671391306
2013-03-14,269.67,270.0,263.53,265.74,5227305,-3.4023991275899723,272.58142857142855,266.6086666666667,1.65855354002365,5.582518387163162,2013,3,73,3,1949,-3.930000000000007,6.470000000000027,2.399228686913645,0.35384671506220045,50.39350713231678,1.9886308957963479,1.774283515550366,19670.749604876946,265.7884278334835,0.05872461519739744,-0.10715244868089258,1554.52001953125,11.699999809265137,0.35384671506220045,1884200.0,-1.0758962763047442,1905076.0,0.032871909127418775,1938987.0,0.9080590238365271,3687183.0,-0.10209162782417636,3343105.0,74300.63520204081,71080.1811417778,2539.505561094862,3.954652839715785,2.750799845124981,263422231.80029514,528.4587742489215,442.1847479009853,-66927.74129467411,0.00131405176760091,-0.0024032529493148713,12.18000030517578,6.634214160094643
2013-03-15,264.98,267.26,260.05,261.82,4866472,-1.4751260630691765,270.87142857142857,266.48600000000005,1.60808758068801,5.567657244751953,2013,3,74,4,1950,-3.160000000000025,7.2099999999999795,2.7209600724582907,-3.4023991275899723,52.49807840122981,1.1498461902779127,-0.06902849556320134,18587.090367428005,263.74747850799855,-0.09716417868508195,-1.8303143293134667,1563.2099609375,11.520000457763672,-3.4023991275899723,5227305.0,1.0654770682790193,3246856.0,0.11318825763106943,1880017.0,-0.653144163431163,2050652.0,-0.05046595933564002,-360833.0,73371.33081632653,71014.78819600002,2756.0482358216723,1.3221462612966297,2.585945667163017,255480428.59338963,301.0527295385631,428.5328270272251,-27418.301437615086,0.005590112251413926,0.00131405176760091,11.699999809265137,6.432350322752086
2013-03-18,259.3,261.49,257.12,257.89,2721496,-1.5010312428385908,268.58714285714285,266.24899999999997,1.6301382713374963,5.552533137416657,2013,3,77,0,1953,-1.410000000000025,4.3700000000000045,1.6853065946779808,-1.4751260630691765,48.26855123674908,0.1660707521619429,-0.44076612379563673,10552.933421226106,261.9149434077962,-1.8676478511053998,-2.1572955566908263,1560.699951171875,13.470000267028809,-1.4751260630691765,4866472.0,0.35384671506220045,1884200.0,-1.0758962763047442,1905076.0,0.032871909127418775,1938987.0,0.022050690649486393,-2144976.0,72139.05330816326,70888.53000099998,2329.8530384946716,0.027579494723633458,2.6573507836792007,131362669.11660768,42.82798627504345,434.022684605337,-15840.282768855923,-0.0016056766706628034,0.005590112251413926,11.520000457763672,6.520553085350002
2013-03-19,258.4,259.5,252.62,256.41,3739566,-0.5738880918220834,266.04714285714283,266.13,1.5968870992575122,5.546777725846036,2013,3,78,1,1954,-1.9899999999999523,6.8799999999999955,2.662538699690401,-1.5010312428385908,41.45854145854147,-0.7246487022270003,0.3740846945944436,14584.321984321983,260.3857706179385,-2.314025649259124,-1.6617449686793293,1552.0999755859375,13.029999732971191,-1.5010312428385908,2721496.0,-3.4023991275899723,5227305.0,1.0654770682790193,3246856.0,0.11318825763106943,1880017.0,-0.03325117207998418,1018070.0,70781.08222244897,70825.17689999999,1718.8106598696017,0.5251157416392758,2.5500484077750714,155036952.0479521,-185.80717373802517,424.9795637254017,-8369.768714101405,-0.005510332450180511,-0.0016056766706628034,13.470000267028809,6.387548397030059
2013-03-20,258.05,259.76,254.55,257.28,2738970,0.3393003393003191,264.05285714285714,265.80966666666666,1.5161900749655233,5.550164985990602,2013,3,79,2,1955,-0.7700000000000387,5.2099999999999795,2.018988568106948,-0.5738880918220834,41.238405615442424,-1.3448460103411435,-0.2675700870100969,10645.872201492539,259.12719232763334,-0.37189561592582454,-1.4752967117075286,1548.3399658203125,13.18000030517578,-0.5738880918220834,3739566.0,-1.4751260630691765,4866472.0,0.35384671506220045,1884200.0,-1.0758962763047442,1905076.0,-0.08069702429198888,-1000596.0,69723.91136530612,70654.77889344444,1700.6060977037532,1.808610791530491,2.298832343423959,112950755.82852833,-346.0019815405694,403.0179784298941,3612.1480501142537,-0.0024225306518709244,-0.005510332450180511,13.029999732971191,6.064760299862087
2013-03-21,256.09,257.0,252.68,253.39,2806446,-1.5119713930348166,261.09,265.51533333333333,1.5079262339323878,5.53492980380921,2013,3,80,3,1956,-2.6999999999999886,4.319999999999993,1.6869069467765212,0.3393003393003191,35.40534152682572,-2.1257430920790625,0.024635538176759786,11075.598879198074,258.30002601186715,3.1042063760197838,-8.014232387886949,1558.7099609375,13.06999969482422,0.3393003393003191,2738970.0,-1.5010312428385908,2721496.0,-3.4023991275899723,5227305.0,1.0654770682790193,3246856.0,-0.008263841033135488,67476.0,68167.98809999999,70498.39223511111,1253.53820863117,4.518783693521854,2.2738415269815144,99363179.10659394,-538.6420421019136,400.37753664463594,-16745.988666075966,0.006697492376419811,-0.0024225306518709244,13.18000030517578,6.031704935729522
2013-03-22,254.55,257.77,252.07,257.75,3126299,1.7206677453727615,258.6114285714286,265.43266666666665,1.5383920201242136,5.551990122897069,2013,3,81,4,1957,3.1999999999999886,5.699999999999989,2.2392457277548568,-1.5119713930348166,30.458015267175483,-2.3655257846990594,0.11397083713707667,12129.191076624636,258.0987578873031,1.8250626967171628,-2.173820584020291,1545.9000244140625,13.34000015258789,-1.5119713930348166,2806446.0,-0.5738880918220834,3739566.0,-1.4751260630691765,4866472.0,0.35384671506220045,1884200.0,0.030465786191825828,319853.0,66879.8709877551,70454.50053377777,927.6906940154948,5.595712238076101,2.366650007581859,95220862.67175545,-609.7142710061826,408.33949628029035,20870.30786301113,-0.008218293874078353,0.006697492376419811,13.06999969482422,6.153568080496825
2013-03-25,258.52,259.43,254.5,256.02,2515058,-0.671193016488858,257.22285714285715,265.235,1.5372689141125795,5.545255566427963,2013,3,84,0,1960,-2.5,4.930000000000007,1.9070091288875164,1.7206677453727615,24.617380025940278,-2.664437856869199,-0.19551584797231492,9823.677837668933,258.24773086442553,-0.8477634232532586,-1.3799674411723117,1556.8900146484375,12.850000381469728,1.7206677453727615,3126299.0,0.3393003393003191,2738970.0,-1.5010312428385908,2721496.0,-3.4023991275899723,5227305.0,-0.001123106011634123,-611241.0,66163.5982367347,70349.605225,606.0153993415634,7.099229093117731,2.3631957142968694,61914138.5732813,-682.1493801156523,407.73752043465004,-6593.583960879752,0.007109120939784219,-0.008218293874078353,13.34000015258789,6.14907565645035
2013-03-26,257.05,261.48,256.28,260.31,2421160,1.675650339817203,257.00714285714287,265.3383333333333,1.5325639039913221,5.561873228473508,2013,3,85,1,1961,3.259999999999991,5.2000000000000455,2.022952732931354,-0.671193016488858,33.576998050682235,-2.5260420403999433,-0.03733432787633528,9301.064115861856,258.39735414094895,1.604951064563453,0.3076947944875883,1551.68994140625,12.949999809265137,-0.671193016488858,2515058.0,-1.5119713930348166,2806446.0,-0.5738880918220834,3739566.0,-1.4751260630691765,4866472.0,-0.004705010121257347,-93898.0,66052.67147959184,70404.4311361111,1127.4147980955186,6.380888389867908,2.3487521198171226,81295284.6003898,-657.5540035365093,406.64795201188406,15585.33124640551,-0.0033400389194234714,0.007109120939784219,12.850000381469728,6.130255615965325
2013-03-27,258.66,265.93,257.9,265.3,2874924,1.9169451807460325,258.0657142857143,265.55833333333334,1.5675167514210058,5.580861261143694,2013,3,86,2,1962,6.639999999999986,8.03000000000003,3.104461455192155,1.675650339817203,40.66173269481935,-1.9907627877200866,0.18741594937963613,10836.502073124764,258.59762695658344,-2.7637382189327457,9.46611126234933,1563.75,13.720000267028809,1.675650339817203,2421160.0,1.7206677453727615,3126299.0,0.3393003393003191,2738970.0,-1.5010312428385908,2721496.0,0.03495284742968363,453764.0,66597.91288979593,70521.22840277778,1653.376505744941,3.9631364769710506,2.4571087659854634,116899391.20592083,-528.149367582139,416.26713597944325,20772.980425220907,0.007772209042497424,-0.0033400389194234714,12.949999809265137,6.270067005684041
2013-03-28,265.82,267.38,264.06,266.49,2473857,0.4485488126649173,259.5057142857143,265.459,1.3693419452956437,5.585336719449719,2013,3,87,3,1963,0.6700000000000159,3.319999999999993,1.2489654653524915,1.9169451807460325,41.77701836821872,-1.4537689255039936,-0.1395052530084273,9283.113812901047,258.93129897146514,-3.2819514019853977,10.840652430520265,1562.8599853515625,12.90999984741211,1.9169451807460325,2874924.0,-0.671193016488858,2515058.0,-1.5119713930348166,2806446.0,-0.5738880918220834,3739566.0,-0.1981748061253621,-401067.0,67343.21574693879,70468.480681,1745.3192637384843,2.113444088761036,1.8750973631460577,103350369.32934646,-387.41488095755926,363.5041434562363,4163.929678610058,-0.0005691540517586136,0.007772209042497424,13.720000267028809,5.477367781182579
2013-04-01,266.98,267.4,261.01,261.61,2524825,-1.831213178730906,260.1242857142857,265.2046666666667,1.4084055714486765,5.566854845152132,2013,4,91,0,1967,-5.3700000000000045,6.389999999999986,2.393437710689934,0.4485488126649173,40.12307692307692,-1.405767820628114,0.020602645989642898,9651.102786590725,259.4080891651718,-0.5235988657226552,2.7255097005508446,1569.1800537109375,13.460000038146973,0.4485488126649173,2473857.0,1.675650339817203,2421160.0,1.7206677453727615,3126299.0,0.3393003393003191,2738970.0,0.03906362615303283,50968.0,67664.64401836734,70333.5152217778,1609.861301775148,1.976183165513517,1.983606253687673,101303747.6923077,-367.7629195545209,373.5157301075225,-17673.22661209151,0.004043912070570643,-0.0005691540517586136,12.90999984741211,5.633622285794672
2013-04-02,262.4,265.89,260.55,263.32,2631038,0.6536447383509669,261.54285714285714,265.14566666666667,1.38705471273033,5.573370022599676,2013,4,92,1,1968,0.9200000000000159,5.339999999999975,2.035060975609747,-1.831213178730906,38.63779693083875,-1.2157297148634143,0.04206747002267486,9991.78945769406,260.05149299818083,3.3049964542929215,-0.03648945247374513,1562.1700439453125,13.109999656677246,-1.831213178730906,2524825.0,1.9169451807460325,2874924.0,-0.671193016488858,2515058.0,-1.5119713930348166,2806446.0,-0.02135085871834641,106213.0,68404.66612244898,70302.22455211112,1492.8793516687326,1.4779987396018786,1.9239207761074186,101657511.96132013,-320.1259485178342,367.7715465100252,6531.080605732383,-0.004467307463568049,0.004043912070570643,13.460000038146973,5.54821885092133
2013-04-03,262.12,263.67,257.75,259.03,2413784,-1.6291964150083604,261.7257142857143,264.7883333333333,1.3757413500664204,5.556943885107578,2013,4,93,2,1969,-3.090000000000032,5.920000000000016,2.258507553792162,0.6536447383509669,34.21104342699937,-1.395207213596393,-0.0825734938073871,9318.549974906382,260.73474532382664,2.161381813647343,-3.8661271374739954,1570.25,12.649999618530272,0.6536447383509669,2631038.0,0.4485488126649173,2473857.0,1.675650339817203,2421160.0,1.7206677453727615,3126299.0,-0.011313362663909698,-217254.0,68500.34951836734,70112.86146944443,1170.3954923640367,1.9466031688714114,1.8926642622825771,82578069.24739625,-361.40052453787365,364.2802591818373,-15181.748212193725,0.005172264111710456,-0.004467307463568049,13.109999656677246,5.50296540026568
2013-04-04,259.23,260.41,256.12,259.08,1964377,0.019302783461383477,262.16285714285715,264.544,1.3597475817090459,5.557136894314716,2013,4,94,3,1970,-0.1500000000000341,4.2900000000000205,1.6549010531188597,-1.6291964150083604,41.99134199134196,-1.5159350862379597,-0.18618360217815677,7582.12521228964,261.45733107180274,-1.044622451906987,-1.3327086198957545,1553.68994140625,14.100000381469728,-1.6291964150083604,2413784.0,-1.831213178730906,2524825.0,1.9169451807460325,2874924.0,-0.671193016488858,2515058.0,-0.015993768357374538,-449407.0,68729.36366530613,69983.52793599998,1763.2728022338388,2.2980591856872903,1.8489134859635983,82486826.40692635,-392.74846214253057,359.7130642556378,146.35612114992315,-0.010546128701639845,0.005172264111710456,12.649999618530272,5.438990326836233
2013-04-05,255.72,256.18,253.67,255.48,2557557,-1.3895321908290903,261.47285714285715,264.19533333333334,1.3804712120819158,5.543144128693388,2013,4,95,4,1971,-0.2400000000000091,2.5100000000000193,0.9815423119036523,0.019302783461383477,42.31701405719824,-1.880426324504242,0.30196851215423526,10010.791451385627,262.3611334830904,3.654844554388823,-10.535978037479225,1559.97998046875,15.640000343322754,0.019302783461383477,1964377.0,0.6536447383509669,2631038.0,0.4485488126649173,2473857.0,1.675650339817203,2421160.0,0.02072363037286995,593180.0,68368.05502244899,69799.17415511112,1790.7296787171138,3.5360031618885333,1.9057007673869137,108228175.52108577,-480.41131738434376,364.71405203305244,-13910.316977376999,0.004048451943253761,-0.010546128701639845,14.100000381469728,5.521884848327659
2013-04-08,255.92,259.68,255.63,258.95,2296023,1.3582276499138901,260.56571428571425,263.9796666666667,1.4066109099566397,5.556634992869901,2013,4,98,0,1974,3.030000000000001,4.050000000000011,1.5825257893091638,-1.3895321908290903,51.29901960784315,-1.8677579063424332,-0.10225930448470943,8866.665379416876,263.347678687021,-3.0059759996303574,-1.391702687390648,1553.260009765625,14.039999961853027,-1.3895321908290903,2557557.0,-1.6291964150083604,2413784.0,-1.831213178730906,2524825.0,1.9169451807460325,2874924.0,0.02613969787472392,-261534.0,67894.49146122448,69685.26441344444,2631.5894127258757,3.4885195967046694,1.978554252009046,117783728.89705884,-483.65590984737304,371.31667914005044,12042.950080858234,-0.004307728808869538,0.004048451943253761,15.640000343322754,5.626443639826562
2013-04-09,258.85,262.61,257.0,261.14,2157107,0.8457231125699849,259.8014285714285,264.022,1.3628076885702112,5.5650566619798925,2013,4,99,1,1975,2.2899999999999636,5.610000000000014,2.167278346532746,1.3582276499138901,55.69742230787758,-1.6618466624112216,-0.06050287823771805,8260.346940338517,264.3777994122508,-4.533573460885928,1.29577404863511,1563.1099853515625,13.109999656677246,1.3582276499138901,2296023.0,0.019302783461383477,1964377.0,0.6536447383509669,2631038.0,0.4485488126649173,2473857.0,-0.04380322138642856,-138916.0,67496.78228775508,69707.616484,3102.202851742059,2.7617343293673167,1.8572447960260816,120145299.54227889,-433.9746374220664,359.81121155168427,6985.966325291042,0.006341485343090536,-0.004307728808869538,14.039999961853027,5.4512307542808
2013-04-10,261.78,265.98,259.32,264.77,2322407,1.3900589721988155,260.2528571428571,264.20233333333334,1.3845185145288157,5.578861524593351,2013,4,100,2,1976,2.990000000000009,6.660000000000025,2.544121017648417,0.8457231125699849,58.459453354416084,-1.1920091161698565,0.0766304128631543,8771.412924424973,265.4837759438022,-1.2308159587819758,0.5170400149797842,1568.6099853515625,12.65999984741211,0.8457231125699849,2157107.0,-1.3895321908290903,2557557.0,-1.6291964150083604,2413784.0,-1.831213178730906,2524825.0,0.021710825958604518,165300.0,67731.5496510204,69802.87293877779,3417.5076864971497,1.4208857330320424,1.9168915170730785,135766643.6864694,-315.6082536882929,365.7930220817137,12192.781234457583,0.003518626361255661,0.006341485343090536,13.109999656677246,5.538074058115285
2013-04-11,264.74,270.97,264.74,269.85,3090466,1.918646372323174,261.18571428571425,264.4223333333333,1.4013568939827532,5.597866249064652,2013,4,101,3,1977,5.110000000000014,6.230000000000018,2.353252247488108,1.3900589721988155,68.10382754069512,-0.4050764618078233,0.3307167951181684,11452.532888641837,266.3919366335238,2.416527075901138,1.0415362905750953,1587.72998046875,12.550000190734863,1.3900589721988155,2322407.0,1.3582276499138901,2296023.0,0.019302783461383477,1964377.0,0.6536447383509669,2631038.0,0.016838379453937513,768059.0,68217.97734693876,69919.17036544443,4638.131325692743,0.16408693991074494,1.9638011443129895,210472563.48438188,-109.30988321884112,370.5500597396722,21973.3606807045,0.01218913260513399,0.003518626361255661,12.65999984741211,5.605427575931003
2013-04-12,270.12,273.27,267.02,272.87,2868165,1.1191402631091307,263.16285714285715,264.709,1.4129935930032074,5.6089954912940785,2013,4,102,4,1978,2.75,6.25,2.313786465274693,1.918646372323174,67.13508612873977,0.4569941529978223,-0.07193122331713087,10511.104188807856,266.7862007107702,4.004598414836491,2.0792008743933366,1593.300048828125,12.609999656677246,1.918646372323174,3090466.0,0.8457231125699849,2157107.0,-1.3895321908290903,2557557.0,-1.6291964150083604,2413784.0,0.011636699020454166,-222301.0,69254.68937959184,70070.854681,4507.119789513307,0.20884365587419704,1.9965508938681136,192554504.3064369,124.69999452851577,374.032121010286,11763.39990742991,0.003508196247406392,0.01218913260513399,12.550000190734863,5.6519743720127735
2013-04-15,271.08,275.12,267.1,267.72,3325919,-1.8873456224575702,264.3971428571429,264.775,1.4565292770446157,5.5899416582324415,2013,4,105,0,1981,-3.359999999999957,8.019999999999982,2.9585362254684897,1.1191402631091307,62.3054270088347,0.7163714819424172,0.1595982100053519,12423.124906618854,266.705913339634,-0.39554950359402996,1.4096361639601014,1588.8399658203125,13.119999885559082,1.1191402631091307,2868165.0,1.3900589721988155,2322407.0,1.3582276499138901,2296023.0,0.019302783461383477,1964377.0,0.043535684041408285,457754.0,69905.84915102043,70105.80062499999,3881.9662347532285,0.513188100140375,2.1214775348881107,207222803.4917965,191.78697314562393,385.6525393294881,-23446.730409750704,-0.002799273753297693,0.003508196247406392,12.609999656677246,5.826117108178437
2013-04-16,269.31,272.8,268.06,272.34,2137118,1.7256835499775747,266.8057142857143,264.74933333333337,1.4000733489699082,5.607051285696429,2013,4,106,1,1982,3.0299999999999727,4.740000000000009,1.7600534699788382,-1.8873456224575702,62.56528096929182,1.2799705689282064,-0.3574353434344011,7847.242417566278,266.41526654658276,3.072892316109033,2.851841137308213,1552.3599853515625,14.720000267028809,-1.8873456224575702,3325919.0,1.918646372323174,3090466.0,0.8457231125699849,2157107.0,-1.3895321908290903,2557557.0,-0.05645592807470745,-1188801.0,71185.28917551022,70092.20950044446,3914.4143827664293,1.6383246573223964,1.9602053824958143,133709388.13453099,348.5871847419077,370.6684857575506,13541.85715268038,-0.022960135226656075,-0.002799273753297693,13.119999885559082,5.600293395879589
2013-04-17,270.8,270.85,264.25,267.4,3135091,-1.8139090842329453,268.0128571428571,264.47633333333334,1.4271412644463113,5.588745664667843,2013,4,107,2,1983,-3.400000000000034,6.600000000000023,2.4372230428360497,1.7256835499775747,52.19573400250938,1.3128761719064528,0.46697140728775866,11724.349289454003,265.9344976539404,-2.432512264827127,3.898014610886719,1574.5699462890625,15.350000381469728,1.7256835499775747,2137118.0,1.1191402631091307,2868165.0,1.3900589721988155,2322407.0,1.3582276499138901,2296023.0,0.02706791547640308,997973.0,71830.89159387753,69947.73089344444,2724.394648060714,1.7236438427597418,2.0367321886854164,163638375.90966114,351.06308836778544,377.44508876945747,-21266.903682860695,0.014307223290395576,-0.022960135226656075,14.720000267028809,5.708565057785222
2013-04-18,266.77,266.99,256.6,259.42,3137551,-2.984293193717258,267.76714285714286,263.99733333333336,1.5193119209233314,5.558448369912527,2013,4,108,3,1984,-7.349999999999966,10.389999999999986,3.8947407879446665,-1.8139090842329453,43.5268265885369,0.6871141665828304,0.0007846662186201669,12094.483848585305,265.17079748285437,-4.879077750773594,-0.8717197320807486,1552.030029296875,16.34000015258789,-1.8139090842329453,3135091.0,-1.8873456224575702,3325919.0,1.918646372323174,3090466.0,0.8457231125699849,2157107.0,0.09217065647702016,2460.0,71699.24279387755,69694.59200711112,1894.5846328685627,0.47212587791881766,2.3083087130597435,136567638.28969052,178.2511570949179,401.09429562530374,-36093.485830856436,-0.014314967109152255,0.014307223290395576,15.350000381469728,6.077247683693372
2013-04-19,258.16,262.88,257.5,260.32,2602670,0.34692776193046004,267.13142857142856,263.5453333333333,1.5218260006473714,5.561911643470728,2013,4,109,4,1985,2.159999999999968,5.3799999999999955,2.0839789277967133,-2.984293193717258,48.72605174797548,0.2608093001146017,-0.17047722889604022,9997.964044253227,264.0063310891583,-1.9211722745213513,-1.7651588146370045,1541.6099853515625,16.670000076293945,-2.984293193717258,3137551.0,1.7256835499775747,2137118.0,1.1191402631091307,2868165.0,1.3900589721988155,2322407.0,0.0025140797240399415,-534881.0,71359.20013061224,69456.14272177777,2374.2281189463847,0.06802149102626837,2.3159543762463732,126817833.10290335,67.8938770058331,401.070140615945,3468.571289733983,-0.006713815936946199,-0.014314967109152255,16.34000015258789,6.0873040025894625
2013-04-22,259.35,264.6,258.03,263.55,2119071,1.2407805777504777,266.2314285714286,263.1906666666667,1.542535298322998,5.574243103301216,2013,4,112,0,1988,4.199999999999989,6.57000000000005,2.5332562174667625,0.34692776193046004,50.22051773729628,0.18150139276639266,-0.18580880403585553,8040.4894706886735,262.5727843776059,1.6881569613770275,-0.7109413389829342,1555.25,15.079999923706056,0.34692776193046004,2602670.0,-1.8139090842329453,3135091.0,-1.8873456224575702,3325919.0,1.918646372323174,3090466.0,0.02070929767562668,-483599.0,70879.17355918368,69269.32702044446,2522.10040180209,0.032942755576140334,2.3794151465724207,106420842.74209015,47.834692063582786,405.9808935224954,9976.483170837724,0.008847902373522176,-0.006713815936946199,16.670000076293945,6.170141193292011
2013-04-23,264.5,269.87,264.5,268.9,2271594,2.0299753367482243,265.6642857142857,263.11266666666666,1.5799595323433289,5.5943395632748185,2013,4,113,1,1989,4.399999999999977,5.3700000000000045,2.030245746691873,1.2407805777504777,59.27457244878785,0.5440778027611941,0.07197635190137563,8447.727779843808,261.1282002009249,3.885874097060114,3.8859257020149585,1562.5,13.8100004196167,1.2407805777504777,2119071.0,-2.984293193717258,3137551.0,1.7256835499775747,2137118.0,1.1191402631091307,2868165.0,0.03742423402033079,152523.0,70577.51270408163,69228.27536044444,3513.4749389865997,0.2960206554574488,2.4962721238425503,134647763.12723178,146.30252116248508,415.7073657802728,17148.679044645763,0.004661629963028435,0.008847902373522176,15.079999923706056,6.319838129373352
2013-04-24,269.5,271.47,266.81,268.78,1854821,-0.04462625511342244,265.81571428571425,262.93433333333337,1.5666829862952059,5.593893201118918,2013,4,114,2,1990,-0.7200000000000273,4.660000000000025,1.7291280148423098,2.0299753367482243,59.10285285285287,0.8123746732384802,-0.1834716062817563,6900.889203065705,259.7303782612041,0.630195119350396,8.41942661944546,1578.780029296875,13.56999969482422,2.0299753367482243,2271594.0,0.34692776193046004,2602670.0,-1.8139090842329453,3135091.0,-1.8873456224575702,3325919.0,-0.013276546048123006,-416773.0,70657.99396122448,69134.46364544447,3493.1472153459786,0.6599526097193276,2.4544955795468644,109625212.6313814,218.3500646730387,411.9347465462058,-307.9608420854726,0.01041921875000007,0.004661629963028435,13.8100004196167,6.2667319451808225
2013-04-25,271.76,275.8,270.5,274.7,6100250,2.202544832204789,266.15285714285716,262.921,1.6187606937696495,5.615679593101228,2013,4,115,3,1991,2.9399999999999977,5.300000000000011,1.9502502207830479,-0.04462625511342244,67.28417266187054,1.4855716552564786,2.2888618362634454,22206.95303967965,258.4994349911123,2.409406213415092,13.791158795472597,1578.9300537109375,13.609999656677246,-0.04462625511342244,1854821.0,1.2407805777504777,2119071.0,-2.984293193717258,3137551.0,1.7256835499775747,2137118.0,0.052077707474443624,4245429.0,70837.34336530614,69127.45224099999,4527.159890792407,2.2069231429014735,2.620386183693597,410450274.28057575,408.08653369895467,425.60618036661,48911.80965656085,9.502553318285756e-05,0.01041921875000007,13.56999969482422,6.4750427750785775
2013-04-26,269.97,272.02,252.81,254.81,14031227,-7.2406261376046555,264.3542857142857,262.5566666666667,2.003538932636024,5.540518169395703,2013,4,116,4,1992,-15.160000000000025,19.20999999999998,7.115605437641211,2.202544832204789,47.1257983893363,0.40940892999691414,1.3001068808655383,55065.44876574702,257.62000478760325,-1.7650215949910375,-1.0449831926122215,1585.1600341796875,13.9399995803833,2.202544832204789,6100250.0,2.0299753367482243,2271594.0,0.34692776193046004,2602670.0,-1.8139090842329453,3135091.0,0.3847782388663743,7930977.0,69883.1883755102,68936.0032111111,2220.840873832372,0.16761567196121815,4.014168254588298,661232774.757012,104.32148945251369,526.0425036898056,-398708.3276121979,0.00394569756532781,9.502553318285756e-05,13.609999656677246,8.014155730544076
2013-04-29,254.9,257.01,249.15,249.74,7118558,-1.9897178289706052,262.9714285714286,262.154,2.0176929106197976,5.5204203766869995,2013,4,119,0,1995,-5.159999999999997,7.859999999999985,3.083562181247542,-7.2406261376046555,42.38985313751669,-0.8428485775995114,-0.49266318619177063,28503.876031072316,256.9056984563703,-3.7780590066314064,-3.387639449738913,1582.3399658203125,13.720000267028809,-7.2406261376046555,14031227.0,-0.04462625511342244,1854821.0,1.2407805777504777,2119071.0,-2.984293193717258,3137551.0,0.014153977983773824,-6912669.0,69153.97224489797,68724.71971599999,1796.8996490202335,0.7103937247615195,4.071084681565391,301754628.1708945,-210.49300376970197,528.9462672906224,-56714.67033379248,-0.001779043313336115,0.00394569756532781,13.9399995803833,8.070771642479144
2013-04-30,249.37,254.68,248.56,253.81,4248890,1.62969488267799,262.0414285714286,262.018,2.0256696174855175,5.536585955607315,2013,4,120,1,1996,4.439999999999998,6.1200000000000045,2.4541845450535367,-1.9897178289706052,42.72630740642421,-1.4896845328092923,-0.40312490254346456,16740.435759032345,256.24617190517773,-1.976466805661443,-0.4597050995162988,1593.5799560546875,13.710000038146973,-1.9897178289706052,7118558.0,2.202544832204789,6100250.0,2.0299753367482243,2271594.0,0.34692776193046004,2602670.0,0.00797670686571994,-2869668.0,68665.71028775511,68653.43232399998,1825.5373445882606,2.219160007291239,4.103337399203923,181539380.27608177,-378.0968312723265,530.7619018343203,27281.802490294645,0.007103397801462963,-0.001779043313336115,13.720000267028809,8.10267846994202
2013-05-01,253.9,254.2,245.75,248.23,4391802,-2.1984949371577245,259.8528571428571,261.74533333333335,2.06202146071991,5.5143557357322,2013,5,121,2,1997,-5.670000000000016,8.449999999999989,3.3280819220165374,1.62969488267799,35.74630801687758,-2.4246165828133712,0.033635137647715085,17692.47069250292,256.06433483155774,1.493501584722642,-9.327836416280405,1597.550048828125,13.880000114440918,1.62969488267799,4248890.0,-7.2406261376046555,14031227.0,-0.04462625511342244,1854821.0,1.2407805777504777,2119071.0,0.036351843234392334,142912.0,67523.5073653061,68510.61952177779,1277.7985368374862,5.878765573653589,4.251932504469471,156990707.04113898,-601.8625743517631,539.7244945766198,-38896.80724327909,0.002491304410772388,0.007103397801462963,13.710000038146973,8.248085842879618
2013-05-02,248.94,252.93,245.78,252.55,3936070,1.7403214760504548,257.51714285714286,261.5876666666666,2.0877148621573474,5.531609248914061,2013,5,122,3,1998,3.6100000000000136,7.150000000000006,2.872178034867842,-2.1984949371577245,36.82914182006739,-2.7848668603629108,-0.1037687946769914,15585.309839635715,256.48867863969133,2.7143588447063176,-6.653037484397629,1582.77001953125,14.479999542236328,-2.1984949371577245,4391802.0,-1.9897178289706052,7118558.0,2.202544832204789,6100250.0,2.0299753367482243,2271594.0,0.02569340143743748,-455732.0,66315.07886530612,68428.10735211108,1356.385687202637,7.755483429947576,4.3585533456726715,144962080.24371266,-703.3181255846531,546.120459457062,27123.449424818504,-0.009251684670359306,0.002491304410772388,13.880000114440918,8.350859448629421
2013-05-03,256.08,259.25,254.7,258.05,3514574,2.1777865769154525,255.9842857142857,261.743,2.106627342969263,5.553153364594737,2013,5,123,4,1999,1.9700000000000273,4.550000000000011,1.7767885035926319,1.7403214760504548,43.76048522389984,-2.5966314155899113,-0.10708549390635835,13619.740360395272,257.11495066315365,1.1509695339056356,-0.21592019705929033,1597.5999755859375,12.920000076293944,1.7403214760504548,3936070.0,1.62969488267799,4248890.0,-7.2406261376046555,14031227.0,-0.04462625511342244,1854821.0,0.018912480811915433,-421496.0,65527.95453265306,68509.398049,1914.9800670311563,6.742494708428467,4.437878762145736,153799463.59530255,-670.0607367929766,551.3949606308038,29660.887737942452,0.009369621531673644,-0.009251684670359306,14.479999542236328,8.426509371877046
2013-05-06,258.09,259.5,253.42,255.72,2348369,-0.9029257895756704,253.27285714285713,261.67533333333336,2.090680545489596,5.544083095898526,2013,5,126,0,2002,-2.369999999999976,6.0800000000000125,2.3557673679724176,2.1777865769154525,38.949468085106396,-2.6054312076840915,-0.3318197312106673,9183.360707023307,257.81892818433835,0.3544421188971535,-2.453370303235488,1614.4000244140625,13.0600004196167,2.1777865769154525,3514574.0,-2.1984949371577245,4391802.0,-1.9897178289706052,7118558.0,2.202544832204789,6100250.0,-0.015946797479666763,-1166205.0,64147.14016530612,68473.98007511112,1517.0610641127216,6.788271777974184,4.370945143288675,91467723.41755322,-666.2608684289759,547.0795286345052,-8291.893217347206,0.010515804384613414,0.009369621531673644,12.920000076293944,8.362722181958361
2013-05-07,256.31,259.74,252.91,257.73,3133969,0.7860159549507362,253.69,261.7323333333333,2.0915914251118313,5.551912525318075,2013,5,127,1,2003,1.420000000000016,6.8300000000000125,2.664741914088413,-0.9029257895756704,43.30981043309813,-2.4222922276132977,0.3345300504307458,12159.892135180227,258.72809132073434,-1.3062764375890923,0.3081851168547587,1617.550048828125,12.630000114440918,-0.9029257895756704,2348369.0,1.7403214760504548,3936070.0,1.62969488267799,4248890.0,-7.2406261376046555,14031227.0,0.0009108796222352389,785600.0,64358.6161,68503.8143121111,1875.7396797508954,5.867499635955792,4.374754689601342,135731603.2932061,-624.2973758227753,547.4371040745115,9557.869228731633,0.0019512043895104636,0.010515804384613414,13.0600004196167,8.366365700447318
2013-05-08,256.87,260.3,255.33,258.68,2676986,0.3686028013812903,254.96714285714285,261.678,2.0699281910620213,5.555591776578392,2013,5,128,2,2004,1.8100000000000023,4.969999999999999,1.9348308482890173,0.7860159549507362,49.43286327406498,-2.175419326103622,-0.14581605625326866,10348.639245399721,259.9357205679789,-1.7163852120878362,0.4606646441089879,1625.949951171875,12.869999885559082,0.7860159549507362,3133969.0,2.1777865769154525,3514574.0,-2.1984949371577245,4391802.0,-1.9897178289706052,7118558.0,-0.021663234049809965,-456983.0,65008.24393673469,68475.375684,2443.607971472402,4.732449244385137,4.284602716153292,132331082.9245861,-562.7374712764849,541.6546691807276,3814.5374163386996,0.0051929783253603645,0.0019512043895104636,12.630000114440918,8.279712764248075
2013-05-09,258.73,263.55,256.88,260.16,2769255,0.5721354569352188,255.87428571428572,261.50666666666666,2.0413522818976313,5.561296826359446,2013,5,129,3,2005,1.4300000000000068,6.670000000000016,2.5779770417037122,0.3686028013812903,49.878456396232174,-1.8391466046803089,0.03446749441349328,10644.430350553504,261.31384698561146,-0.827675761947483,-0.32617122366394824,1632.68994140625,12.90999984741211,0.3686028013812903,2676986.0,-0.9029257895756704,2348369.0,1.7403214760504548,3936070.0,1.62969488267799,4248890.0,-0.028575909164390012,92269.0,65471.65008979592,68385.73671111111,2487.8604124708345,3.3824602335071083,4.167119138808666,138126164.76754794,-478.47238067362923,533.8272307314433,6090.056022429041,0.004145263038088709,0.0051929783253603645,12.869999885559082,8.165409127590578
2013-05-10,260.88,263.65,260.21,263.63,3145219,1.333794587945869,258.07428571428574,261.4113333333333,2.0550787879673136,5.574546604953836,2013,5,130,4,2006,2.75,3.4399999999999977,1.3186139221097815,0.5721354569352188,50.060551014229475,-1.2779170183266615,0.13576358984636672,11930.429010355423,262.61986503945633,1.7268664113385024,-0.716731450794839,1626.68994140625,13.079999923706056,0.5721354569352188,2769255.0,0.7860159549507362,3133969.0,2.1777865769154525,3514574.0,-2.1984949371577245,4391802.0,0.013726506069682287,375964.0,66602.33694693878,68335.88519511108,2506.0587678482716,1.633071905728905,4.223348824753202,157451396.2004238,-336.8972635414578,537.220886067586,15912.741645884453,-0.0036749169868910414,0.004145263038088709,12.90999984741211,8.220315151869272
2013-05-13,262.77,265.88,262.0,264.51,2149498,0.33380116071766164,259.78285714285715,261.508,2.026924965171115,5.577879057767046,2013,5,133,0,2009,1.740000000000009,3.8799999999999955,1.476576473722265,1.333794587945869,46.43610975807763,-0.7534446413450269,-0.3165824065033309,8126.339268836718,263.7687476118491,0.5252484613832513,0.21600392676765523,1632.0999755859375,12.56999969482422,1.333794587945869,3145219.0,0.3686028013812903,2676986.0,-0.9029257895756704,2348369.0,1.7403214760504548,3936070.0,-0.02815382279619838,-995721.0,67487.13286530612,68386.43406399999,2156.3122894642324,0.5676788275715362,4.108424814433927,99814325.05276835,-199.29364208217305,530.057093791968,2712.58148032321,0.0033257930979830874,-0.0036749169868910414,13.079999923706056,8.10769986068442
2013-05-14,264.5,269.4,264.03,268.33,2700374,1.4441798041662013,261.25142857142856,261.675,2.040044439208486,5.592217566313047,2013,5,134,1,2010,3.829999999999984,5.3700000000000045,2.030245746691873,0.33380116071766164,49.65538367284424,-0.029217626429499433,0.25628123403697045,10063.630604106884,264.7229485655287,0.38158363775197346,3.225467796719272,1633.75,12.609999656677246,0.33380116071766164,2149498.0,0.5721354569352188,2769255.0,0.7860159549507362,3133969.0,2.1777865769154525,3514574.0,0.013119474037370793,550876.0,68252.30893061224,68473.80562500001,2465.657127697366,0.0008536696941737837,4.1617813139454665,134088107.03017308,-7.839965699827582,533.8286286298805,14533.69207504007,0.0010109824390323041,0.0033257930979830874,12.56999969482422,8.160177756833946
2013-05-15,267.07,269.05,264.56,266.56,2720489,-0.6596355234226414,262.8,261.92600000000004,2.0195543614281544,5.585599358978478,2013,5,135,2,2011,-0.5099999999999909,4.490000000000009,1.681207174149103,1.4441798041662013,43.34314687602226,0.39733308470295015,0.007448968179963211,10205.916116446579,265.4190171521229,-1.362742470809594,2.5037253186867474,1649.1300048828125,12.979999542236328,1.4441798041662013,2700374.0,1.333794587945869,3145219.0,0.3686028013812903,2676986.0,-0.9029257895756704,2348369.0,-0.020490077780331628,20115.0,69063.84000000001,68605.22947600002,1878.6283811164383,0.15787358019956174,4.078599818763481,117914554.30160291,105.91310705841839,528.9737956714308,-6732.18481947981,0.009413928007842465,0.0010109824390323041,12.609999656677246,8.078217445712653
2013-05-16,265.96,268.43,263.85,264.12,1643468,-0.9153661464585849,263.7128571428571,262.094,2.028284111056514,5.576403545326371,2013,5,136,3,2012,-1.839999999999975,4.579999999999984,1.7220634681906994,-0.6596355234226414,60.654612039368274,0.532353350294386,-0.39589242963305493,6222.429198849008,265.8454919694706,-0.779890147092192,-0.9456018223783644,1658.0699462890625,13.06999969482422,-0.6596355234226414,2720489.0,0.33380116071766164,2149498.0,0.5721354569352188,2769255.0,0.7860159549507362,3133969.0,0.008729749628359595,-1077021.0,69544.47102244895,68693.264836,3678.9819616462787,0.2834000895696573,4.113936435164313,99683913.9391165,140.60516687975323,531.6010958032459,-5695.801037361796,0.00542100463867623,0.009413928007842465,12.979999542236328,8.11313644422603
2013-05-17,265.83,269.98,265.0,269.9,2527271,2.188399212479175,265.3157142857143,262.57466666666664,2.0437494718192544,5.598051520023959,2013,5,137,4,2013,4.069999999999993,4.980000000000018,1.8733777226046793,-0.9153661464585849,72.70270270270268,1.0931543748997115,0.5377670876463674,9363.731011485736,266.0210831751187,0.557907683914348,3.3210091409669644,1652.449951171875,12.729999542236328,-0.9153661464585849,1643468.0,1.4441798041662013,2700374.0,1.333794587945869,3145219.0,0.3686028013812903,2676986.0,0.01546536076274041,883803.0,70392.42824693878,68945.4555751111,5285.682980277572,1.194986487362379,4.176911903561481,183739432.1621621,295.0423657854321,536.6368363131168,20491.581571402214,-0.0033894801179924494,0.00542100463867623,13.06999969482422,8.174997887277073
2013-05-20,269.0,271.79,266.5,267.63,2208934,-0.8410522415709498,266.3828571428571,262.864,2.040355364404978,5.589605429593802,2013,5,140,0,2016,-1.3700000000000045,5.2900000000000205,1.9665427509293756,2.188399212479175,66.22065727699531,1.3389881762298046,-0.12596076954153312,8253.68605911146,266.00702784886033,0.44019854134819053,1.182773609791468,1665.7099609375,13.279999732971191,2.188399212479175,2527271.0,-0.6596355234226414,2720489.0,0.33380116071766164,2149498.0,0.5721354569352188,2769255.0,-0.0033941074142762595,-318337.0,70959.82657959183,69097.48249599998,4385.175450197272,1.7928893360832183,4.163050013056171,146277061.36150235,358.3534056043826,536.3359725089501,-6941.781161238592,0.008024454692997729,-0.0033894801179924494,12.729999542236328,8.161421457619895
2013-05-21,268.74,270.77,267.66,268.86,1741466,0.4595897320928133,267.13,263.1213333333333,2.0369032256325537,5.594190798026107,2013,5,141,1,2017,0.12000000000000455,3.109999999999957,1.1572523628786027,-0.8410522415709498,76.96732026143796,1.614453539935937,-0.2116260603530934,6477.222346202484,265.8217278310444,1.9931837828618844,1.0450883860937097,1666.199951171875,13.079999923706056,-0.8410522415709498,2208934.0,-0.9153661464585849,1643468.0,1.4441798041662013,2700374.0,1.333794587945869,3145219.0,-0.0034521387724244512,-467468.0,71358.4369,69232.83605511111,5923.968388226758,2.606460232611678,4.148974750592302,134035971.34640533,434.06197874717606,535.952692599405,2976.864882796783,0.00029416299707984983,0.008024454692997729,13.279999732971191,8.147612902530227
2013-05-22,267.39,267.59,260.8,262.96,3332597,-2.1944506434575795,266.90857142857146,263.061,2.064635748293242,5.572001929355964,2013,5,142,2,2018,-4.430000000000007,6.789999999999964,2.5393619806275343,0.4595897320928133,63.06803916645741,1.3412203799913982,0.9136733074317844,12673.398996045027,265.5829224053462,-1.094557030974898,-1.528365374371333,1669.3900146484375,13.449999809265137,0.4595897320928133,1741466.0,2.188399212479175,2527271.0,-0.6596355234226414,2720489.0,0.33380116071766164,2149498.0,0.027732522660688375,1591131.0,71240.18550204084,69201.08972099998,3977.577564301806,1.7988721077042706,4.262720773130395,210180358.12201846,352.68731112253806,543.1251445817685,-27811.14858166565,0.0019145742228108276,0.00029416299707984983,13.079999923706056,8.258542993173023
2013-05-23,260.49,263.17,259.59,261.8,2007811,-0.4411317310617502,265.9757142857143,262.79266666666666,2.0336659233221956,5.5675808534758,2013,5,143,3,2019,1.3100000000000023,3.580000000000041,1.3743329878306425,-2.1944506434575795,55.283178360101445,1.0193286406616835,-0.39752361296610417,7669.255156608097,265.43702926711694,-0.8861566965497121,-2.7508725705671964,1651.6199951171875,14.9399995803833,-2.1944506434575795,3332597.0,-0.8410522415709498,2208934.0,-0.9153661464585849,1643468.0,1.4441798041662013,2700374.0,-0.03096982497104639,-1324786.0,70743.0805897959,69059.98565377778,3056.2298095947885,1.0390308776731956,4.135797087681919,110998173.62637365,266.86023812522876,534.4324910989686,-3383.151803188784,-0.010644618318860766,0.0019145742228108276,13.449999809265137,8.134663693288758
2013-05-24,259.85,261.93,258.34,261.74,1696290,-0.022918258212378806,265.28714285714284,262.4216666666667,2.0210860742899404,5.567351644627335,2013,5,144,4,2020,1.8899999999999864,3.590000000000032,1.3815662882432294,-0.4411317310617502,59.060806742925976,0.7507316524043972,-0.15515454392868655,6480.820661725376,265.41972069829455,-1.8552053149273444,-1.8245153833672134,1646.6700439453125,14.59000015258789,-0.4411317310617502,2007811.0,0.4595897320928133,1741466.0,2.188399212479175,2527271.0,-0.6596355234226414,2720489.0,-0.012579849032255286,-311521.0,70377.26816530612,68865.13113611111,3488.1788931252504,0.5635980139218367,4.084788919688722,100184255.86995791,196.49650270032694,530.3767760919567,-148.52912135354185,-0.002997027879602432,-0.010644618318860766,14.9399995803833,8.08434429715976
2013-05-28,266.48,271.1,266.0,267.29,3470996,2.120424849086877,265.73999999999995,262.4073333333333,2.0325606188727035,5.588334211296536,2013,5,148,1,2024,0.8100000000000023,5.100000000000023,1.9138396877814556,-0.022918258212378806,63.003264417845514,0.9744721128591323,1.0462279445142046,12985.880504321149,265.5306036341444,-0.50814158135831,2.2675379472138957,1652.6300048828125,13.670000076293944,-0.022918258212378806,1696290.0,-2.1944506434575795,3332597.0,-0.8410522415709498,2208934.0,-0.9153661464585849,1643468.0,0.011474544582763091,1774706.0,70617.74759999997,68857.60858711111,3969.411327304959,0.9495958987401414,4.131302669392187,218684078.78128412,260.4666510461175,533.3588118367358,27535.583708635393,0.003619402052897236,-0.002997027879602432,14.59000015258789,8.130242475490832
2013-05-29,265.46,268.25,264.84,265.53,1903490,-0.6584608477683607,265.11571428571426,262.18033333333335,2.009852090650188,5.581727828648895,2013,5,149,2,2025,0.06999999999999318,3.410000000000025,1.2845626459730375,2.120424849086877,59.116316209741775,0.9982633897070627,-0.45160121187117475,7168.643844386699,265.8277765650763,2.626456767485672,-2.9242333325619825,1656.5699462890625,15.300000190734863,2.120424849086877,3470996.0,-0.4411317310617502,2007811.0,0.4595897320928133,1741466.0,2.188399212479175,2527271.0,-0.022708528222515234,-1567506.0,70286.34196122448,68738.52718677779,3494.738842210178,0.996529795229435,4.0395054262909325,112527316.74208137,265.06887786891633,526.9436910773633,-4720.271303124306,0.0023840432490085384,0.003619402052897236,13.670000076293944,8.039408362600739
2013-05-30,265.71,268.57,265.61,266.83,1667469,0.48958686400784046,265.00142857142856,262.16133333333335,1.984552449223592,5.586611751498252,2013,5,150,3,2026,1.1200000000000045,2.9599999999999795,1.1139964623085241,-0.6584608477683607,58.919497191762446,1.1092307617137749,-0.12399382187455676,6249.181126559983,266.30552873693443,1.4140594340600283,-0.8895881709945002,1649.1400146484375,14.899999618530272,-0.6584608477683607,1903490.0,-0.022918258212378806,1696290.0,-2.1944506434575795,3332597.0,-0.8410522415709498,2208934.0,-0.025299641426596242,-236021.0,70225.75714489796,68728.56469511111,3471.507149330103,1.2303928827321213,3.9384484237193575,98246435.06285094,295.97604414808654,520.2729161583892,3059.5169903694855,-0.00448513004673845,0.0023840432490085384,15.300000190734863,7.938209796894398
2013-05-31,266.0,271.91,265.94,269.2,3374389,0.8882059738410275,265.05,262.4873333333333,1.9073568008649704,5.595454597770573,2013,5,151,4,2027,3.1999999999999886,5.970000000000027,2.2443609022556497,0.48958686400784046,57.67429043813721,1.3725900330954914,1.0236592104560867,12534.877414561664,266.97191833815555,1.5928110334989667,0.635270628345495,1652.1300048828125,15.020000457763672,0.48958686400784046,1667469.0,2.120424849086877,3470996.0,-0.4411317310617502,2007811.0,0.4595897320928133,1741466.0,-0.07719564835862158,1706920.0,70251.5025,68899.60016044443,3326.3237775426055,1.8840033989530822,3.6380099658058542,194615491.2372554,369.5012369093063,500.65700037424375,11133.553000978643,0.0018130602664518936,-0.00448513004673845,14.899999618530272,7.629427203459841
2013-06-03,268.96,269.11,262.95,266.88,2544780,-0.8618127786032659,265.61,262.706,1.9156154242063308,5.586799119170382,2013,6,154,0,2030,-2.079999999999984,6.160000000000025,2.2903033908387957,0.8882059738410275,53.1407368142062,1.3782123678464586,-0.24585458285929684,9535.296762589927,267.7775678969557,-1.8251980089757431,0.9276301120200401,1631.7099609375,16.399999618530273,0.8882059738410275,3374389.0,-0.6584608477683607,1903490.0,-0.022918258212378806,1696290.0,-2.1944506434575795,3332597.0,0.008258623341360405,-829609.0,70548.67210000001,69014.44243600001,2823.9379091567303,1.8994693308849422,3.669582453457201,135231484.23005566,367.81731673086284,503.24366563154837,-8217.64059777435,-0.01235982875739905,0.0018130602664518936,15.020000457763672,7.662461696825289
2013-06-04,267.0,268.88,263.02,265.7,2088372,-0.44214628297362113,266.1671428571429,262.7776666666667,1.9057074858298313,5.582367852765768,2013,6,155,1,2031,-1.3000000000000114,5.860000000000014,2.194756554307121,-0.8618127786032659,46.2524935879168,1.2727801529892986,-0.17935067078490086,7859.887090703802,268.68938886844745,-1.8913340371081961,-1.0980548313392546,1640.72998046875,16.15999984741211,-0.8618127786032659,2544780.0,0.48958686400784046,1667469.0,2.120424849086877,3470996.0,-0.4411317310617502,2007811.0,-0.009907938376499503,-456408.0,70844.94793673471,69052.10209877779,2139.293163100285,1.6199693178434622,3.6317210215478566,96592412.53918499,338.1776866492566,500.7773664755628,-3475.219861747035,0.005527955180262278,-0.01235982875739905,16.399999618530273,7.622829943319289
2013-06-05,265.81,271.66,265.02,267.17,3512355,0.5532555513737325,266.9428571428571,262.72,1.871433002287727,5.587885159910029,2013,6,156,2,2032,1.3600000000000136,6.640000000000043,2.4980249050073526,-0.44214628297362113,50.87668870365049,1.2929369059873466,0.681862714114152,13146.517198787289,269.6591665905906,-2.384922825984472,-0.10424376460611029,1629.050048828125,16.860000610351562,-0.44214628297362113,2088372.0,0.8882059738410275,3374389.0,-0.6584608477683607,1903490.0,-0.022918258212378806,1696290.0,-0.03427448354210427,1423983.0,71258.48897959183,69021.79840000001,2588.437453448157,1.6716858428641326,3.5022614820516558,178696991.9517103,345.4339531726394,491.6628783610317,7273.383621459319,-0.007118740913899857,0.005527955180262278,16.15999984741211,7.4857320091508655
2013-06-06,267.75,270.5,264.21,267.83,2476268,0.2470337238462239,267.02,262.68833333333333,1.8719730750596961,5.590352450881295,2013,6,157,3,2033,0.07999999999998408,6.2900000000000205,2.349206349206357,0.5532555513737325,55.619509239624314,1.3466444827694204,-0.29498356515784996,9245.670761303812,270.6846222185666,0.27116480865768633,-3.1257870272242485,1609.2900390625,17.700000762939453,0.5532555513737325,3512355.0,-0.8618127786032659,2544780.0,0.48958686400784046,1667469.0,2.120424849086877,3470996.0,0.0005400727719691023,-1036087.0,71299.6804,69005.16046944444,3093.5298080566545,1.8134513629733198,3.5042831937484547,137728810.905786,360.6717918201338,491.7454871323065,2283.992477621033,-0.012129774514809788,-0.007118740913899857,16.860000610351562,7.487892300238741
2013-06-07,269.74,280.1,269.13,276.87,4632539,3.375275361236607,268.64,262.7606666666667,1.9307549140612266,5.623548081945595,2013,6,158,4,2034,7.1299999999999955,10.970000000000027,4.066879217023811,0.2470337238462239,59.60849186655639,2.0945162938349995,0.8707744880602584,16731.819987719868,271.6943990055262,3.3943653596482304,1.7812356348255776,1625.27001953125,15.899999618530272,0.2470337238462239,2476268.0,-0.44214628297362113,2088372.0,0.8882059738410275,3374389.0,-0.6584608477683607,1903490.0,0.058781839001530445,2156271.0,72167.44959999999,69043.16794711111,3553.1723026053196,4.386998505140302,3.7278145381715744,276138663.3030053,579.9087262740964,507.3264483886706,56474.49975319706,0.00992983246081569,-0.012129774514809788,17.700000762939453,7.723019656244901
2013-06-10,276.68,282.47,275.24,281.07,3086555,1.516957416838216,270.6742857142857,263.636,1.372672101724559,5.638603748631207,2013,6,161,0,2037,4.389999999999986,7.230000000000018,2.6131270782131044,3.375275361236607,67.59162303664917,2.9916293504380747,-0.33372282456769387,10981.445903155798,272.70109399788333,1.4859456836469715,6.8829603184697135,1644.6700439453125,15.15999984741211,3.375275361236607,4632539.0,0.5532555513737325,3512355.0,-0.8618127786032659,2544780.0,0.48958686400784046,1667469.0,-0.5580828123366677,-1545984.0,73264.56894693877,69503.94049600001,4568.627504728483,8.949846170402536,1.8842286988529178,208625262.04188466,840.8572615276296,361.88578221025585,16658.38581039983,0.011936493124790282,0.00992983246081569,15.899999618530272,5.490688406898244
2013-06-11,276.0,278.41,274.24,274.78,3097745,-2.237876685523188,271.4714285714286,264.47066666666666,1.387838031778603,5.615970777495802,2013,6,162,1,2038,-1.2200000000000273,4.170000000000016,1.5108695652173971,1.516957416838216,56.84234858992134,3.1586366813899076,0.003625401134922157,11273.546109614967,273.7345617460282,0.942429187408716,0.10300906656306097,1638.6400146484375,16.90999984741211,1.516957416838216,3086555.0,0.2470337238462239,2476268.0,-0.44214628297362113,2088372.0,0.8882059738410275,3374389.0,0.015165930054044097,11190.0,73696.73653061225,69944.73352711111,3231.052593218133,9.976985685021848,1.9260944024511066,176083101.1326859,867.9301873123187,367.04244948984166,-25228.806001877972,-0.0036664067173072246,0.011936493124790282,15.15999984741211,5.5513521271144555
2013-06-12,276.6,276.8,270.45,271.67,2238283,-1.131814542543108,272.1557142857143,265.06600000000003,1.390122879066508,5.604588094436128,2013,6,163,2,2039,-4.930000000000007,6.350000000000023,2.2957339117859807,-2.237876685523188,60.76105757351128,3.005395853145501,-0.2774476272256109,8238.977435859682,274.7127619594312,-1.6764553624467562,-1.3663065969844297,1629.93994140625,16.510000228881836,-2.237876685523188,3097745.0,3.375275361236607,4632539.0,0.5532555513737325,3512355.0,-0.8618127786032659,2544780.0,0.002284847287905123,-859462.0,74068.73281836734,70259.98435600002,3691.9061174515527,9.032404234104174,1.9324416189041576,136000442.22881156,816.4758914240383,368.4743110626431,-9324.994477590517,-0.005309325516534513,-0.0036664067173072246,16.90999984741211,5.560491516265984
2013-06-13,271.5,276.8,270.29,275.79,2651415,1.5165458092538664,273.59714285714284,265.98466666666667,1.3299207253673198,5.619639706543773,2013,6,164,3,2040,4.2900000000000205,6.509999999999991,2.3977900552486155,-1.131814542543108,66.10637807966842,3.17974681844521,0.184575408918354,9613.891004024801,275.46741447844954,-2.1868739825834513,2.509459504133929,1612.1500244140625,18.3799991607666,-1.131814542543108,2238283.0,1.516957416838216,3086555.0,0.2470337238462239,2476268.0,-0.44214628297362113,2088372.0,-0.060202153699188354,413132.0,74855.39657959183,70747.84290177778,4370.053222812065,10.110789829412436,1.768689135761538,175275442.43610403,876.9423750590046,353.7385208299181,14579.906112777258,-0.010914461656077346,-0.005309325516534513,16.510000228881836,5.319682901469264
2013-06-14,275.0,277.07,273.44,273.99,2150743,-0.652670510170783,274.57142857142856,266.69933333333336,1.3159720285460115,5.613091609371697,2013,6,165,4,2041,-1.009999999999991,3.6299999999999955,1.3199999999999985,1.5165458092538664,63.55988487934468,3.1365204030139466,-0.18883200102586728,7849.713493193182,275.8848848067015,-2.4594505544480256,0.564565747746542,1635.52001953125,16.6299991607666,1.5165458092538664,2651415.0,-2.237876685523188,3097745.0,3.375275361236607,4632539.0,0.5532555513737325,3512355.0,-0.013948696821308282,-500672.0,75389.46938775509,71128.53440044446,4039.858965875548,9.83776023852277,1.7317823799155045,136700977.4850564,859.3752252217913,350.9688626985356,-5123.276510296873,0.01449616646297014,-0.010914461656077346,18.3799991607666,5.263888114184056
2013-06-17,276.35,280.2,275.65,278.06,2885580,1.4854556735647284,276.03285714285715,267.36633333333333,1.2873076914471167,5.627836917741397,2013,6,168,0,2044,1.7099999999999795,4.550000000000011,1.646462818889094,-0.652670510170783,62.3254749370565,3.391582095732929,0.3416665775501768,10377.544414874488,275.9477411809283,0.6833836332984315,1.428875185773279,1630.6400146484375,16.530000686645508,-0.652670510170783,2150743.0,-1.131814542543108,2238283.0,1.516957416838216,3086555.0,0.2470337238462239,2476268.0,-0.02866433709889482,734837.0,76194.13822244898,71484.75620011111,3884.4648261296575,11.502829112096165,1.6571610924589049,179845143.9688715,943.0633175394981,344.1827373340136,15415.382228745268,-0.002983763466381295,0.01449616646297014,16.6299991607666,5.149230765788502
2013-06-18,279.08,282.91,278.11,281.76,2146455,1.3306480615694394,276.7314285714286,268.2343333333333,1.2824764150942558,5.641055644747896,2013,6,169,1,2045,2.680000000000007,4.800000000000011,1.719936935645697,1.4854556735647284,67.78435239973703,3.8479229422137564,-0.25614434533092134,7618.02597955707,275.82647994429584,3.033054646050629,2.9004654096535205,1639.77001953125,16.809999465942383,1.4854556735647284,2885580.0,1.5165458092538664,2651415.0,-2.237876685523188,3097745.0,3.375275361236607,4632539.0,-0.004831276352860847,-739125.0,76580.28355918368,71949.65757877777,4594.718430251735,14.806510969214973,1.644745755273014,145496062.13017756,1084.190768198148,344.00420621853095,10136.911502683244,0.005599031546383859,-0.002983763466381295,16.530000686645508,5.129905660377062
2013-06-19,281.26,283.34,277.87,278.16,2827458,-1.2776831345826078,276.3157142857143,268.9153333333333,1.3122672835512454,5.628196487699606,2013,6,170,2,2046,-3.099999999999966,5.46999999999997,1.9448197397425766,1.3306480615694394,61.81931984143548,3.87442448356245,0.3172687058428898,10164.861949956858,275.6907601958732,1.020542176618972,1.4486976275078405,1651.8299560546875,16.889999389648438,1.3306480615694394,2146455.0,-0.652670510170783,2150743.0,-1.131814542543108,2238283.0,1.516957416838216,3086555.0,0.02979086845698964,681003.0,76350.3739612245,72315.45650177776,3821.6283056576985,15.011165078828157,1.7220454234789648,174791530.44022548,1077.7099143477312,352.888793978611,-12987.472678820357,0.007354651188759442,0.005599031546383859,16.809999465942383,5.249069134205001
2013-06-20,275.14,278.6,272.39,273.44,2984673,-1.696865113603696,276.12428571428575,269.4073333333333,1.3598504065195338,5.6110822193672805,2013,6,171,3,2047,-1.6999999999999886,6.210000000000036,2.2570327833103283,-1.2776831345826078,54.21638822593477,3.4745105973420323,0.05560294794829845,10915.275746050322,275.5306987969076,0.7172215192498054,-2.8079203161573787,1624.6199951171875,18.399999618530277,-1.2776831345826078,2827458.0,1.4854556735647284,2885580.0,1.5165458092538664,2651415.0,-2.237876685523188,3097745.0,0.04758312296828837,157215.0,76244.62116122451,72580.31125377778,2939.4167522652783,12.072223891042086,1.8491931281113414,161818190.09546542,950.0701777372053,366.35367175267686,-18521.750618837348,-0.01647261622648477,0.007354651188759442,16.889999389648438,5.4394016260781655
2013-06-21,274.57,275.84,269.79,273.36,4202058,-0.029256875365701873,276.36571428571426,269.8473333333333,1.3585166668387363,5.610789607807036,2013,6,172,4,2048,-1.2099999999999795,6.0499999999999545,2.203445387332904,-1.696865113603696,56.744379683597025,3.1152104232679676,0.40787885306028504,15371.883230904301,275.3921590969698,-1.0978811642203776,-0.93427793274941,1588.6199951171875,18.96999931335449,-1.696865113603696,2984673.0,1.3306480615694394,2146455.0,-0.652670510170783,2150743.0,-1.131814542543108,2238283.0,-0.00133373968079753,1217385.0,76378.00803265304,72817.58330711111,3219.924625676219,9.70453598123739,1.84556753407863,238443174.60449636,851.5739213045316,366.5920998353214,-449.73327182268974,-0.022159028023906124,-0.01647261622648477,18.399999618530277,5.434066667354955
2013-06-24,271.29,273.16,265.0,270.61,3864968,-1.0059994146912499,275.6257142857143,270.08000000000004,1.3567995773463764,5.600678669968875,2013,6,175,0,2051,-0.6800000000000068,8.160000000000025,3.0078513767555104,-0.029256875365701873,54.94859907276761,2.578833245024555,-0.08022021590373096,14282.428587265806,275.46293128419467,-1.9149639308323962,-2.9379673533622395,1588.77001953125,20.8700008392334,-0.029256875365701873,4202058.0,-1.2776831345826078,2827458.0,1.4854556735647284,2885580.0,1.5165458092538664,2651415.0,-0.0017170894923599356,-337090.0,75969.53437551022,72943.20640000002,3019.348540059757,6.650380905643876,1.8409050930873054,212374577.06107646,697.8580644360948,366.44442984970937,-14368.114799158975,9.443694182609264e-05,-0.022159028023906124,18.96999931335449,5.427198309385517
2013-06-25,272.3,273.47,269.0,272.09,2449610,0.5469125309485845,275.3542857142857,270.3326666666666,1.3586441445283903,5.606132893919445,2013,6,176,1,2052,-0.21000000000003638,4.470000000000027,1.6415717958134508,-1.0059994146912499,54.957678355501784,2.2472689800757735,-0.3662017382808862,9002.940203609101,275.8782679063117,-2.100037076981553,-1.6882308293301662,1577.52001953125,18.649999618530277,-1.0059994146912499,3864968.0,-1.696865113603696,2984673.0,1.3306480615694394,2146455.0,-0.652670510170783,2150743.0,0.0018445671820139786,-1415358.0,75819.98266122448,73079.75066711109,3020.3464102267894,5.050217868810807,1.8459139114612817,134624878.47642073,611.4594167888172,367.2858946414118,4923.820812734618,-0.007080949326649044,9.443694182609264e-05,20.8700008392334,5.434576578113592
2013-06-26,273.98,277.98,273.5,277.57,3029416,2.0140394722334642,275.2842857142858,270.6406666666667,1.3818261388106998,5.626073153628491,2013,6,177,2,2053,3.589999999999975,4.480000000000018,1.635155850792035,0.5469125309485845,58.945628214548144,2.3990375020665624,0.23669318789521587,10914.061317865764,276.73572292642274,1.5663201221067182,-0.7320430485294764,1592.27001953125,17.229999542236328,0.5469125309485845,2449610.0,-0.029256875365701873,4202058.0,-1.2776831345826078,2827458.0,1.4854556735647284,2885580.0,0.023181994282309493,579806.0,75781.43796122452,73246.37045377778,3474.587085607734,5.755380936321772,1.9094434779004874,178570829.24320358,665.9008394486157,373.9783474251537,21981.35029655803,0.009350119058636697,-0.007080949326649044,18.649999618530277,5.527304555242836
2013-06-27,279.18,280.2,274.54,277.55,2520422,-0.007205389631437242,274.68285714285713,271.007,1.3742116641145787,5.626001097136171,2013,6,178,3,2054,-1.6299999999999955,5.659999999999968,2.0273658571530797,2.0140394722334642,50.748568912373415,2.4890095634318072,-0.16801720199536807,9080.965591785263,278.0065583655768,2.0557880555188515,-2.5123464210956286,1606.43994140625,16.600000381469727,2.0140394722334642,3029416.0,-1.0059994146912499,3864968.0,-1.696865113603696,2984673.0,1.3306480615694394,2146455.0,-0.007614474696121087,-508994.0,75450.67200816325,73444.794049,2575.4172466539135,6.195168606854995,1.8884576977885597,127907809.55526203,690.8246043304981,372.4209804566996,-65.4318953184879,0.008899195300537954,0.009350119058636697,17.229999542236328,5.496846656458274
2013-06-28,276.19,279.83,276.19,277.69,3193262,0.050441361916764293,274.61571428571426,271.45933333333335,1.3597788747314343,5.626505383581552,2013,6,179,4,2055,1.5,3.6399999999999864,1.3179333067815584,-0.007205389631437242,45.91392649903288,2.5423038045193493,0.26695529558145425,11499.37700313299,279.56032249828337,0.2961392832109728,-2.16646178149432,1611.1199951171875,17.25,-0.007205389631437242,2520422.0,0.5469125309485845,2449610.0,-0.029256875365701873,4202058.0,-1.2776831345826078,2827458.0,-0.014432789383144407,672840.0,75413.79053265305,73690.16965377779,2108.088646558594,6.463308634473558,1.8489985881658857,146615196.76015475,705.9723434769782,369.12466681534534,580.0442372323475,0.002913307612882665,0.008899195300537954,16.600000381469727,5.43911549892573
2013-07-01,279.0,283.29,277.16,282.1,2889165,1.5881018401814995,275.85285714285715,271.86600000000004,1.3333039761241081,5.642261618007951,2013,7,182,0,2058,3.1000000000000227,6.1299999999999955,2.197132616487454,0.050441361916764293,59.27051671732531,2.906881300476641,-0.09523083292257262,10241.634172279333,281.276369512356,0.8549200709598105,-0.031289583315754044,1609.780029296875,16.899999618530273,0.050441361916764293,3193262.0,2.0140394722334642,3029416.0,-1.0059994146912499,3864968.0,-1.696865113603696,2984673.0,-0.026474898607326214,-304097.0,76094.79879387755,73911.12195600002,3512.994151938739,8.44995889506077,1.7776994927483563,171242302.43161118,820.0312148644606,362.48001877295684,16264.758075462538,-0.0008316983367927522,0.002913307612882665,17.25,5.3332159044964556
2013-07-02,281.04,286.58,280.59,283.73,3238218,0.5778092874866969,277.3342857142857,272.4026666666667,1.3218310540095892,5.64802308172996,2013,7,183,1,2059,2.6899999999999977,5.990000000000009,2.1313692001138658,1.5881018401814995,65.8684210526316,3.2894205773607155,0.12081449138418887,11413.026468825996,283.1462842172035,-0.9604644126354909,1.5441801954319772,1614.2900390625,16.489999771118164,1.5881018401814995,2889165.0,-0.007205389631437242,2520422.0,0.5469125309485845,2449610.0,-0.029256875365701873,4202058.0,-0.011472922114518891,349053.0,76914.30603265307,74203.21280711112,4338.648891966763,10.820287734764102,1.7472373353441015,213296306.6842106,933.3073004145558,360.0703039950228,6594.552692019161,0.002801631082226086,-0.0008316983367927522,16.899999618530273,5.287324216038314
2013-07-03,282.49,285.4,282.0,284.03,1380205,0.10573432488631962,279.25142857142856,272.90833333333336,1.3210440875465723,5.649079866385166,2013,7,184,2,2060,1.5399999999999636,3.3999999999999773,1.2035824276965474,0.5778092874866969,62.05383265067288,3.575576186573528,-0.5737763794778485,4859.363447523149,285.17897654864544,-2.5783534152794125,1.4293768666339588,1611.47998046875,17.219999313354492,0.5778092874866969,3238218.0,0.050441361916764293,3193262.0,2.0140394722334642,3029416.0,-1.0059994146912499,3864968.0,-0.0007869664630169027,-1858013.0,77981.36035918367,74478.95840277779,3850.6781466377156,12.784745065991693,1.7451574812417558,85647010.09362197,1015.5709042724791,360.5239401921892,513.8015135011188,-0.0017407395980600926,0.002801631082226086,16.489999771118164,5.2841763501862715
2013-07-05,285.0,286.38,282.07,285.88,1985473,0.6513396472203725,281.2214285714286,273.6723333333333,1.2437165207708245,5.655572142351778,2013,7,186,4,2062,0.8799999999999955,4.310000000000002,1.5122807017543867,0.10573432488631962,67.36780601811279,3.906603217306383,0.4385348553294619,6945.127326150832,287.3339240063098,-1.4500792588647464,-0.003844747445100438,1618.6500244140625,15.59000015258789,0.10573432488631962,1380205.0,1.5881018401814995,2889165.0,-0.007205389631437242,2520422.0,0.5469125309485845,2449610.0,-0.07732756677574781,605268.0,79085.49188775511,74896.5460321111,4538.421287694074,15.261548697468584,1.5468307840382847,133756959.91820045,1116.8197277635488,340.3708022445667,4523.636782515652,0.004449353409421208,-0.0017407395980600926,17.219999313354492,4.9748660830832705
2013-07-08,286.42,291.67,286.14,290.59,3047097,1.6475444242339377,283.08142857142855,274.632,1.2599411015706334,5.671913338981806,2013,7,189,0,2065,4.169999999999959,5.53000000000003,1.9307310941973428,0.6513396472203725,67.96673358187556,4.497161680503837,0.5346957626721693,10485.897656491965,289.5223110009028,3.1310610943987776,-2.063372095301588,1634.199951171875,14.65999984741211,0.6513396472203725,1985473.0,0.5778092874866969,3238218.0,0.050441361916764293,3193262.0,2.0140394722334642,3029416.0,0.01622458079980893,1061624.0,80135.0952020408,75422.735424,4619.476873789651,20.224463180592092,1.5874515794270212,207101229.99713227,1306.8302127376098,346.0201446065462,17275.98221704105,0.009606725680828543,0.004449353409421208,15.59000015258789,5.039764406282529
2013-07-09,291.0,292.57,288.01,291.53,2774816,0.32347981692417704,285.0785714285714,275.625,1.2579342766730541,5.675142916447037,2013,7,190,1,2066,0.5299999999999727,4.560000000000002,1.5670103092783512,1.6475444242339377,65.21332918094053,4.983585984370791,-0.08935750978718437,9518.114773779715,291.71170949727804,0.7848527460555063,-0.9665622433335557,1642.8900146484375,14.329999923706056,1.6475444242339377,3047097.0,0.10573432488631962,1380205.0,1.5881018401814995,2889165.0,-0.007205389631437242,2520422.0,-0.002006824897579307,-272281.0,81269.7918877551,75969.140625,4252.7783028617105,24.836129263616986,1.58239864442896,180954989.22454068,1452.8648220236164,346.71813500801056,3078.918024485567,0.005317625588185049,0.009606725680828543,14.65999984741211,5.031737106692162
2013-07-10,291.41,293.34,289.4,292.33,1828422,0.27441429698487063,287.17,276.4596666666667,1.2136029922889398,5.677883301130512,2013,7,191,2,2067,0.9199999999999591,3.9399999999999977,1.3520469441680096,0.32347981692417704,74.17263732514498,5.3717123080913325,-0.3410654976762423,6254.650566141006,293.9079031064591,-0.39179543699842906,-1.1861076694606822,1651.56005859375,14.460000038146973,0.32347981692417704,2774816.0,0.6513396472203725,1985473.0,0.5778092874866969,3238218.0,0.050441361916764293,3193262.0,-0.04433128438411438,-946394.0,82466.6089,76429.94729344446,5501.58012776749,28.855293120899912,1.4728322228926685,135618881.88331622,1570.3126590243392,335.51227871386953,1716.3655379936072,0.005277312460364447,0.005317625588185049,14.329999923706056,4.854411969155763
2013-07-11,294.99,300.69,292.1,299.66,4007401,2.507440221667312,289.67857142857144,277.5973333333333,1.2634651614712307,5.702648498614998,2013,7,192,3,2068,4.670000000000016,8.589999999999975,2.9119631173938014,0.27441429698487063,91.07142857142867,6.199313133706141,1.1917265270271304,13373.159580858304,295.84897537739505,0.6920636625571029,3.1189609600479002,1657.4100341796875,13.56999969482422,0.27441429698487063,1828422.0,1.6475444242339377,3047097.0,0.10573432488631962,1380205.0,1.5881018401814995,2889165.0,0.049862169182290916,2178979.0,83913.67474489797,77060.27947377777,8294.005102040834,38.43148332974146,1.596344214251523,364959733.9285718,1857.6861736463825,350.734559583983,33532.398223819684,0.0035420907374803523,0.005277312460364447,14.460000038146973,5.0538606458849245
2013-07-12,298.69,307.55,298.5,307.55,4540808,2.632984048588405,293.08142857142855,278.95466666666664,1.32703282511139,5.728637675654378,2013,7,193,4,2069,8.860000000000014,9.050000000000011,3.0298972178512877,2.507440221667312,93.02793858545184,7.4064726052424135,0.13310547160116992,14764.454560234108,297.61029464424604,-0.6205426063757677,10.560247962129722,1675.260009765625,13.899999618530272,2.507440221667312,4007401.0,0.32347981692417704,2774816.0,0.6513396472203725,1985473.0,0.5778092874866969,3238218.0,0.06356766364015942,533407.0,85896.72377346938,77815.70605511109,8654.197357458599,54.85583645220634,1.7610161189231173,422422007.7523284,2277.8606497423043,370.18199938467274,38874.573343204735,0.010769800603247948,0.0035420907374803523,13.56999969482422,5.308131300445552
2013-07-15,307.27,307.99,304.35,306.57,2245587,-0.31864737441067437,296.3014285714286,280.20033333333333,1.3326068234074016,5.725446114292227,2013,7,196,0,2072,-0.6999999999999886,3.6399999999999864,1.184625899046437,2.632984048588405,97.36564805057955,8.18967193359424,-0.5054653268757454,7324.875232410216,299.2373874797131,-2.337783949761397,9.670396470048274,1679.5899658203125,13.979999542236328,2.632984048588405,4540808.0,0.27441429698487063,1828422.0,1.6475444242339377,3047097.0,0.10573432488631962,1380205.0,0.005573998296011462,-2295221.0,87794.53657346939,78512.22680011111,9480.069420309326,67.07072637990123,1.7758409457919655,218643033.5089568,2510.7077246819863,373.39687612102836,-2334.0522606932936,0.002584647176824273,0.010769800603247948,13.899999618530272,5.330427293629555
2013-07-16,307.3,309.39,305.51,306.87,2660220,0.09785693316370914,299.3,281.53333333333336,1.3115625840220109,5.726424205137025,2013,7,197,1,2073,-0.4300000000000068,3.8799999999999955,1.2626098275300994,-0.31864737441067437,97.28113104948342,8.733891670239302,0.18464348074690484,8668.88258871835,300.75815949551503,-0.9208678436753366,7.032708348160327,1682.699951171875,13.779999732971191,-0.31864737441067437,2245587.0,2.507440221667312,4007401.0,0.32347981692417704,2774816.0,0.6513396472203725,1985473.0,-0.021044239385390684,414633.0,89580.49,79261.01777777779,9463.618458266767,76.28086370747546,1.7201964118064943,258789210.44045678,2680.1693368463348,369.2485861549968,848.3102640882535,0.0018516336813452217,0.002584647176824273,13.979999542236328,5.246250336087996
2013-07-17,306.97,308.8,305.69,308.69,2030031,0.5930850197151782,301.88571428571424,282.96633333333335,1.300175520583271,5.732337537073475,2013,7,198,2,2074,1.7199999999999704,3.1100000000000136,1.0131283187282187,0.09785693316370914,96.98067632850241,9.205928310969853,-0.23689356519385618,6576.277171272151,302.2344356164379,3.422730145188095,3.0328342383739937,1677.9100341796875,14.199999809265137,0.09785693316370914,2660220.0,2.632984048588405,4540808.0,0.27441429698487063,1828422.0,1.6475444242339377,3047097.0,-0.011387063438739853,-630189.0,91134.9844897959,80069.94580011112,9405.251581133749,84.74911606671624,1.6904563843239797,196873779.3478261,2841.7780103132836,367.90589974920607,3900.29147577642,-0.00284656631079816,0.0018516336813452217,13.779999732971191,5.200702082333123
2013-07-18,306.27,306.34,301.87,304.11,3064259,-1.4836891379701234,303.68285714285713,284.1976666666667,1.3500308268750347,5.717389478062418,2013,7,199,3,2075,-2.159999999999968,4.46999999999997,1.4594965226760606,0.5930850197151782,85.24416135881104,9.105490598596703,0.5094641411879917,10076.153365558515,303.5432520455148,0.2738002350232106,0.29294771946200626,1681.050048828125,13.630000114440918,0.5930850197151782,2030031.0,-0.31864737441067437,2245587.0,2.507440221667312,4007401.0,0.32347981692417704,2774816.0,0.04985530629176371,1034228.0,92223.27772244897,80768.3137387778,7266.567045767013,82.90995904113294,1.82258323351289,261210188.64118895,2769.0707459392434,383.67561092595554,-14949.87930100027,0.0018713843915789674,-0.00284656631079816,14.199999809265137,5.4001233075001664
2013-07-19,304.39,305.79,301.91,305.23,2973041,0.3682877906020954,305.52571428571434,285.4443333333333,1.3496103620972733,5.72106559077876,2013,7,200,4,2076,0.8400000000000318,3.8799999999999955,1.2746805085580983,-1.4836891379701234,85.61821003621314,9.01237853792145,-0.029768371407247196,9740.330242767748,303.6079263897511,-0.8262657148693684,2.4483393251182406,1686.1500244140625,13.890000343322754,-1.4836891379701234,3064259.0,0.09785693316370914,2660220.0,2.632984048588405,4540808.0,0.27441429698487063,1828422.0,-0.0004204647777614756,-91218.0,93345.96208979595,81478.4674321111,7330.477889805109,81.22296691078716,1.821448129480333,254546448.78427315,2750.8483011297644,385.2386300686147,3587.244704843705,0.003033803538147417,0.0018713843915789674,13.630000114440918,5.398441448389121
2013-07-22,309.25,309.25,302.0,303.48,2520663,-0.5733381384529723,306.07142857142856,286.3313333333333,1.2423018826899124,5.715315710469874,2013,7,203,0,2079,-5.769999999999982,7.25,2.3443815683104283,0.3682877906020954,79.69444444444443,8.697121185108358,-0.15216002739282775,8305.862000790827,303.71399120346945,0.281006345199649,-0.5149975486691005,1694.4100341796875,13.229999542236328,0.3682877906020954,2973041.0,0.5930850197151782,2030031.0,-0.31864737441067437,2245587.0,2.507440221667312,4007401.0,-0.10730847940736088,-452378.0,93679.71938775509,81985.63244844443,6351.204475308639,75.6399169084606,1.5433139677349008,200882837.41666663,2639.402337256685,355.7099544731128,-4762.067457780693,0.0048987395225970065,0.003033803538147417,13.890000343322754,4.969207530759604
2013-07-23,303.16,305.06,300.56,301.06,1999524,-0.7974166337155753,305.14428571428573,286.9976666666667,1.2368589296691617,5.707309580432358,2013,7,204,1,2080,-2.1000000000000227,4.5,1.4843646919118616,-0.5733381384529723,73.55259581407988,8.157963758430242,-0.20674679637857185,6641.612967514781,303.663575180403,-0.11088253437208856,-2.492692646030889,1696.6300048828125,12.149999618530272,-0.5733381384529723,2520663.0,-1.4836891379701234,3064259.0,0.09785693316370914,2660220.0,2.632984048588405,4540808.0,-0.005442953020750707,-521139.0,93113.03510408165,82367.66067211113,5409.984350989401,66.55237268386128,1.5298200119023442,147070180.59255224,2456.0365691130087,354.9756268108802,-5296.132654997349,0.001310173251068969,0.0048987395225970065,13.229999542236328,4.947435718676616
2013-07-24,303.02,303.84,298.04,298.94,2001737,-0.7041785690560021,304.05428571428575,287.803,1.1603838937488216,5.700242884357668,2013,7,205,2,2081,-4.079999999999984,5.7999999999999545,1.9140650782126443,-0.7974166337155753,69.30846930846931,7.473461914070697,0.0011067634096915135,6696.116277513883,303.5957103315848,-1.4652712321970212,-3.1904390993877882,1696.06005859375,12.6899995803833,-0.7974166337155753,1999524.0,0.3682877906020954,2973041.0,0.5930850197151782,2030031.0,-0.31864737441067437,2245587.0,-0.0764750359203401,2213.0,92449.00866122452,82830.566809,4803.663917883033,55.85263298106524,1.3464907808716764,138737327.42812744,2234.116704592294,333.96196577259207,-4715.26157853233,-0.00033592845076546585,0.001310173251068969,12.149999618530272,4.64153557499526
2013-07-25,299.0,304.5,296.75,303.4,5474341,1.4919381815748922,303.5585714285714,288.86066666666665,1.1485150738632153,5.715052066914432,2013,7,206,3,2082,4.399999999999977,7.75,2.591973244147157,-0.7041785690560021,71.25181950509457,7.207787113913582,1.7347953302556731,18043.312458800265,303.512061856432,-0.28557643322689436,0.17351457679484383,1685.2099609375,13.470000267028809,-0.7041785690560021,2001737.0,-0.5733381384529723,2520663.0,-1.4836891379701234,3064259.0,0.09785693316370914,2660220.0,-0.011868819885606285,3472604.0,92147.80628775507,83440.4847471111,5076.821782786576,51.952195079498686,1.319086874891027,390056756.84133893,2186.8426103613806,331.76082991284426,26919.506779370065,-0.006397236702364251,-0.00033592845076546585,12.6899995803833,4.594060295452891
2013-07-26,299.55,313.62,295.55,312.01,8818273,2.837837837837842,304.03285714285715,290.068,1.2170787927141096,5.743035238577902,2013,7,207,4,2083,12.45999999999998,18.069999999999993,6.0323819061926205,1.4919381815748922,73.73670212765956,7.604334924458101,0.6108373592364815,28262.78965417775,303.4751385078415,2.733305073261636,5.801556418896837,1687.31005859375,13.40999984741211,1.4919381815748922,5474341.0,-0.7974166337155753,1999524.0,0.3682877906020954,2973041.0,0.5930850197151782,2030031.0,0.0685637188508943,3343932.0,92435.97822244899,84139.444624,5437.1012406631935,57.82590964333319,1.4812807876744345,650230369.4813828,2372.628539780172,353.0356112449963,80205.21388347753,0.0012461934743619452,-0.006397236702364251,13.470000267028809,4.8683151708564765
2013-07-29,311.07,313.0,305.9,306.1,3213015,-1.894170058651956,304.31714285714287,291.1383333333333,1.2745349224651792,5.723911845951367,2013,7,210,0,2086,-4.96999999999997,7.100000000000023,2.2824444658758556,2.837837837837842,64.54382112198047,7.356908452098878,-0.6356412417714897,10496.618752041815,303.4520232757903,-0.36644097243356444,3.0144176966433065,1690.3199462890625,13.539999961853027,2.837837837837842,8818273.0,-0.7041785690560021,2001737.0,-0.5733381384529723,2520663.0,-1.4836891379701234,3064259.0,0.05745612975106962,-5605258.0,92608.9234367347,84761.5291361111,4165.904845026213,54.12410197256391,1.6244392685833202,207380265.42224008,2251.949677187467,371.0659731016415,-19882.380957202266,0.001783837937777033,0.0012461934743619452,13.40999984741211,5.098139689860773
2013-07-30,307.72,309.78,301.57,302.41,3053775,-1.205488402482846,303.9142857142857,291.95,1.2885140815477956,5.711783712541687,2013,7,211,1,2087,-5.310000000000002,8.20999999999998,2.668009879110873,-1.894170058651956,59.51302378255949,6.784857415896113,-0.04956092641957788,10098.128368770873,303.3879275270224,-0.9047064221911894,-0.07322110483119104,1687.9200439453125,13.449999809265137,-1.894170058651956,3213015.0,1.4919381815748922,5474341.0,-0.7974166337155753,1999524.0,0.3682877906020954,2973041.0,0.013979159082616377,-159240.0,92363.89306122449,85234.80249999999,3541.7999997434918,46.03429015404048,1.660268538346959,181739384.20158562,2051.8087311411437,376.1816861078789,-12173.176635336307,-0.0014197917672442717,0.001783837937777033,13.539999961853027,5.154056326191153
2013-07-31,303.91,305.15,301.0,301.22,1891314,-0.3935055057703085,303.59142857142854,292.5986666666667,1.2788291641891019,5.707840894783702,2013,7,212,2,2088,-2.6899999999999977,4.149999999999977,1.3655358494290997,-1.205488402482846,51.665243381725034,6.16442019475835,-0.3806636048824815,6278.846026160281,303.1456568224725,-0.07668884968096644,-1.8489679727915131,1687.760009765625,13.550000190734863,-1.205488402482846,3053775.0,2.837837837837842,8818273.0,-0.7041785690560021,2001737.0,-0.5733381384529723,2520663.0,-0.009684917358693701,-1162461.0,92167.75550204079,85613.97973511113,2669.2973736928825,38.00007633754457,1.6354040311805969,97715198.1212639,1856.8466510651103,374.183708336179,-2470.7604811780934,-9.481146945411467e-05,-0.0014197917672442717,13.449999809265137,5.115316656756363
2013-08-01,303.08,306.21,298.9,305.57,2970920,1.4441272159883,304.2357142857143,293.51233333333334,1.264595006081242,5.72217888493435,2013,8,213,3,2089,2.490000000000009,7.310000000000002,2.411904447670583,-0.3935055057703085,47.71362586605079,5.955081401049199,0.5708232477526207,9722.551297575024,302.594386118901,0.4157068961372403,2.559906984961742,1689.4200439453125,12.890000343322754,-0.3935055057703085,1891314.0,-1.894170058651956,3213015.0,1.4919381815748922,5474341.0,-0.7974166337155753,1999524.0,-0.014234158107859773,1079606.0,92559.3698469388,86149.48981877779,2276.590093285471,35.46299449312209,1.5992005294056166,141753365.35796762,1819.6942237186038,371.17423095658626,14040.600937670455,0.0009835724096329823,-9.481146945411467e-05,13.550000190734863,5.058380024324947
2013-08-02,304.63,305.33,301.5,304.21,2508146,-0.4450698694243638,304.98857142857145,294.53799999999995,1.2153973330345287,5.71771825239468,2013,8,214,4,2090,-0.4200000000000159,3.829999999999984,1.2572629091028409,1.4441272159883,47.29853479853478,5.614715321635515,-0.15576791027695125,8244.78485256895,301.774850116837,-0.4410118529849184,2.8761617361478784,1706.0999755859375,12.65999984741211,1.4441272159883,2970920.0,-1.205488402482846,3053775.0,2.837837837837842,8818273.0,-0.7041785690560021,2001737.0,-0.04919767304671341,-462774.0,93018.02870204083,86752.63344399998,2237.1513940882055,31.525028143008605,1.477190677147445,118631630.86080582,1708.0525479947398,357.98069967732397,-3669.5053177648347,0.009873170204416581,0.0009835724096329823,12.890000343322754,4.861589332138124
2013-08-05,303.4,303.62,298.3,300.99,2233158,-1.058479339929641,304.6442857142857,295.45899999999995,1.2411108603362484,5.707077041605631,2013,8,217,0,2093,-2.409999999999968,5.319999999999993,1.7534607778510198,-0.4450698694243638,43.69098712446352,5.027195284241486,-0.10963795568519541,7419.3760590052825,300.8287495936543,0.34825842679947117,-0.1870080204537885,1708.010009765625,12.289999961853027,-0.4450698694243638,2508146.0,-0.3935055057703085,1891314.0,-1.894170058651956,3213015.0,1.4919381815748922,5474341.0,0.02571352730171972,-274988.0,92808.14081836732,87296.02068099997,1908.902355910037,25.272692425899837,1.5403561676445827,97568877.42489271,1513.135508603845,366.69737368408755,-7853.256273625693,0.0011195323879138463,0.009873170204416581,12.65999984741211,4.964443441344997
2013-08-06,300.51,301.36,297.52,300.75,1848951,-0.07973686833450122,303.0357142857143,296.46366666666665,1.2180652833474148,5.7062793548547885,2013,8,218,1,2094,0.2400000000000091,3.840000000000032,1.2778276929220431,-1.058479339929641,41.181697023545084,4.490452288741949,-0.17204649200817856,6147.800498753118,299.8155991752205,1.5466248722229927,-0.6122240474434761,1705.7900390625,12.1899995803833,-1.058479339929641,2233158.0,1.4441272159883,2970920.0,-1.205488402482846,3053775.0,2.837837837837842,8818273.0,-0.023045576988833583,-384207.0,91830.64413265306,87890.70565344444,1695.932169739062,20.164161757467806,1.483683034496218,76142939.8933807,1350.503525839141,361.11210014054683,-490.2063589158583,-0.0012997410380689578,0.0011195323879138463,12.289999961853027,4.872261133389657
2013-08-07,300.15,300.99,296.15,296.91,1963110,-1.2768079800498655,301.72285714285715,297.291,1.253398535675012,5.693429062576709,2013,8,219,2,2095,-3.2399999999999523,4.840000000000032,1.6125270697984448,-0.07973686833450122,41.86991869918699,3.712429118037278,0.06174257727760235,6611.801556027079,298.6465391005411,-1.4912829474473566,-0.24525615309369186,1695.300048828125,13.170000076293944,-0.07973686833450122,1848951.0,-0.4450698694243638,2508146.0,-0.3935055057703085,1891314.0,-1.894170058651956,3213015.0,0.0353332523275971,114159.0,91036.68252244899,88381.938681,1753.0900918765283,13.78212995645104,1.571007889232264,82195256.09756097,1102.2573294364483,372.62410406936,-8442.000989241493,-0.006149637407978026,-0.0012997410380689578,12.1899995803833,5.013594142700072
2013-08-08,298.52,298.52,292.55,295.74,2344280,-0.3940588056987049,300.77,297.8966666666667,1.2163356056285997,5.689480689945341,2013,8,220,3,2096,-2.7799999999999727,5.96999999999997,1.999866005627754,-1.2768079800498655,39.29618768328443,2.967226586937784,0.1941663992338687,7926.827618854399,297.22698215826875,-1.45753708520401,-0.029445073064721328,1693.3499755859375,12.5,-1.2768079800498655,1963110.0,-1.058479339929641,2233158.0,1.4441272159883,2970920.0,-1.205488402482846,3053775.0,-0.03706293004641226,381170.0,90462.59289999999,88742.42401111113,1544.190366439915,8.80443361823045,1.4794723055198924,92121266.86217003,877.5275908209802,362.34232246474113,-3123.636224465273,-0.0011502820657236512,-0.006149637407978026,13.170000076293944,4.865342422514345
2013-08-09,295.68,299.27,294.3,297.26,1950386,0.5139649692297299,300.2042857142857,298.5536666666667,1.216719783497562,5.694607176720749,2013,8,221,4,2097,1.579999999999984,4.96999999999997,1.680871212121202,-0.3940588056987049,42.94784580498862,2.470817463290757,-0.1680234442984626,6561.21240664738,295.63198040042374,-0.09814185060112289,1.726161450177358,1696.0999755859375,12.880000114440918,-0.3940588056987049,2344280.0,-0.07973686833450122,1848951.0,-0.4450698694243638,2508146.0,-0.3935055057703085,1891314.0,0.0003841778689623876,-393894.0,90122.61316122446,89134.29188011112,1844.5174592890783,6.104938936902572,1.4804070315543543,83764877.18820854,734.4751991378105,363.25615266907,3372.2333326922426,0.0016239997871960732,-0.0011502820657236512,12.5,4.86687913399021
2013-08-12,295.79,299.08,295.26,296.69,1504525,-0.19175132880306922,298.9357142857143,299.187,1.218795574704179,5.692687822650587,2013,8,224,0,2100,0.8999999999999773,3.819999999999993,1.2914567767672989,0.5139649692297299,44.828402366863884,2.008265386777623,-0.2286014153095849,5071.033738919411,294.0461896312177,0.7602014034303959,1.8836089653518684,1688.3699951171875,13.520000457763672,0.5139649692297299,1950386.0,-1.2768079800498655,1963110.0,-1.058479339929641,2233158.0,1.4441272159883,2970920.0,0.0020757912066169393,-445861.0,89362.56127551022,89512.860969,2009.5856587654475,4.033129863729076,1.48546265291849,67445452.07100588,595.832257603053,364.64779160901924,-972.3774578429934,-0.004557502847719608,0.0016239997871960732,12.880000114440918,4.875182298816753
2013-08-13,295.88,296.37,290.67,293.97,2350502,-0.9167818261484939,297.47285714285715,299.58266666666674,1.2081597831731739,5.683477721315837,2013,8,225,1,2101,-1.9099999999999682,5.699999999999989,1.9264566716236275,-0.19175132880306922,44.20070011668613,1.4060007640191543,0.5622884299031257,7995.720651767187,292.54659353179534,1.284877049796508,0.13852941840815447,1690.6500244140625,12.859999656677246,-0.19175132880306922,1504525.0,-0.3940588056987049,2344280.0,-0.07973686833450122,1848951.0,-0.4450698694243638,2508146.0,-0.010635791531005134,845977.0,88490.1007367347,89749.77416711116,1953.701890805217,1.9768381484224455,1.4596500616770505,103893834.02567098,413.3220445987108,361.9437296024413,-7330.331380500347,0.0013504322532791324,-0.004557502847719608,13.520000457763672,4.832639132692748
2013-08-14,294.29,294.29,290.54,291.34,1415276,-0.8946491138551727,296.0942857142857,299.83633333333336,1.2198025211881116,5.674490970020802,2013,8,226,2,2102,-2.9500000000000455,3.75,1.2742532875734818,-0.9167818261484939,35.29985372988783,0.7083176463135601,-0.39788351594680627,4857.81561062676,291.1065366362799,1.2095582430246412,-0.9760948793045259,1693.8800048828125,12.479999542236328,-0.9167818261484939,2350502.0,0.5139649692297299,1950386.0,-1.2768079800498655,1963110.0,-1.058479339929641,2233158.0,0.011642738014937759,-935226.0,87671.82603265306,89901.82678677779,1246.0796733514758,0.5017138880791816,1.4879181906968735,49959035.78742073,206.36126307699257,365.74111534379904,-4346.040431319055,0.0019104962127625136,0.0013504322532791324,12.859999656677246,4.879210084752458
2013-08-15,288.82,289.3,285.15,286.47,2261393,-1.6715864625523214,294.05428571428575,299.91766666666666,1.2617242955665458,5.657633818630221,2013,8,227,3,2103,-2.349999999999966,4.150000000000034,1.436881102416742,-0.8946491138551727,15.74570815450636,-0.234862205408092,0.597845932524822,7893.995880895032,289.80345057619513,-0.13039860583557758,-3.2030519703595246,1679.6099853515625,14.140000343322754,-0.8946491138551727,1415276.0,-0.19175132880306922,1504525.0,-0.3940588056987049,2344280.0,-0.07973686833450122,1848951.0,0.04192177437843414,846117.0,86467.9229469388,89950.60677877777,247.92732528688808,0.055160255529152796,1.591948198022896,35607234.2006436,-67.28097598325613,378.41340670296205,-13195.496649947923,-0.008424457157599652,0.0019104962127625136,12.479999542236328,5.046897182266207
2013-08-16,286.55,288.33,284.5,284.82,2422856,-0.575976542046297,292.32714285714286,299.8823333333333,1.2609870871650513,5.651857401791282,2013,8,228,4,2104,-1.7300000000000182,3.829999999999984,1.336590472866859,-1.6715864625523214,17.77710478497869,-1.102768217948892,0.07139979649711492,8506.621726002388,288.7358989261185,-2.5936914465965812,-1.3222074795219214,1661.219970703125,14.5600004196167,-1.6715864625523214,2261393.0,-0.9167818261484939,2350502.0,0.5139649692297299,1950386.0,-1.2768079800498655,1963110.0,-0.0007372084014944935,161463.0,85455.15845102041,89929.41384544442,316.02545453611225,1.216097742518175,1.5900884339970005,43071364.99091433,-314.0904438362034,378.14775000225893,-4899.614566238758,-0.010948979113498347,-0.008424457157599652,14.140000343322754,5.043948348660251
2013-08-19,285.19,289.56,283.48,285.57,2477429,0.26332420476089524,290.87428571428575,299.715,1.2232023337959221,5.654487182931324,2013,8,231,0,2107,0.37999999999999545,6.079999999999984,2.131912058627576,-0.575976542046297,22.007978723404136,-1.7103553420996604,0.02252424411520959,8675.38256819694,287.92548822318037,-0.7245393089811195,-1.63094891419928,1655.25,14.9399995803833,-0.575976542046297,2422856.0,-0.8946491138551727,1415276.0,-0.19175132880306922,1504525.0,-0.3940588056987049,2344280.0,-0.03778475336912912,54573.0,84607.85008979593,89829.08122499999,484.35112748980913,2.9253153962488465,1.4962239494037906,54523204.72074439,-488.4261750434,366.61208747364475,2284.438215766992,-0.0035937267841766873,-0.010948979113498347,14.5600004196167,4.892809335183642
2013-08-20,285.88,289.52,285.74,287.09,1586060,0.5322687957418415,289.4214285714286,299.567,1.225996587552186,5.659795755451088,2013,8,232,1,2108,1.2099999999999795,3.7799999999999727,1.3222331047992069,0.26332420476089524,26.76751068727377,-2.045640350000099,-0.35979598204428864,5524.609007628271,287.3307959363287,0.5052897199685085,-0.7460856562972253,1646.81005859375,15.220000267028809,0.26332420476089524,2477429.0,-1.6715864625523214,2261393.0,-0.9167818261484939,2350502.0,0.5139649692297299,1950386.0,0.0027942537562639647,-891369.0,83764.76331632653,89740.387489,716.4996283933154,4.184644441548527,1.503067632689605,42454878.00065744,-587.2828880815283,367.26811974324573,2940.57698343483,-0.0050988922557015925,-0.0035937267841766873,14.9399995803833,4.903986350208697
2013-08-21,285.09,288.5,283.83,284.57,1815346,-0.8777735204987924,287.69,299.30833333333334,1.2337029981461543,5.650979268996308,2013,8,233,2,2109,-0.5199999999999818,4.670000000000016,1.6380792030586888,0.5322687957418415,13.261021693491855,-2.4860415345374918,0.14456325737992248,6379.259936043856,286.9490811137343,0.5004405102955937,-2.8795216240299055,1650.6600341796875,16.0,0.5322687957418415,1586060.0,-0.575976542046297,2422856.0,-0.8946491138551727,1415276.0,-0.19175132880306922,1504525.0,0.007706410593968149,229286.0,82765.5361,89585.47840277778,175.8546963552616,6.180402511445527,1.52202308763481,24073342.687193666,-707.4528394833341,369.25758820346186,-5599.545452238117,0.0023378382745762316,-0.0050988922557015925,15.220000267028809,4.934811992584628
2013-08-22,284.8,289.87,284.8,289.73,1422672,1.8132621147696648,287.0842857142857,298.9773333333333,1.189160269557016,5.668949454815954,2013,8,234,3,2110,4.930000000000007,5.069999999999993,1.7801966292134808,-0.8777735204987924,27.64051883878939,-2.391130308354093,-0.21630807570567812,4910.337210506334,286.723945808404,0.920845332771999,2.0852088588240463,1645.030029296875,15.260000228881836,-0.8777735204987924,1815346.0,0.26332420476089524,2477429.0,-1.6715864625523214,2261393.0,-0.9167818261484939,2350502.0,-0.044542728589138214,-392674.0,82417.38710408164,89387.4458471111,763.9982816774711,5.717504151529539,1.4141021466929151,39323392.21741818,-692.7821842394313,355.53196629810446,8903.72843455489,-0.0034107597968290326,0.0023378382745762316,16.0,4.7566410782280855
2013-08-23,291.21,291.5,287.9,290.01,1967985,0.09664170089391799,286.8942857142857,298.3926666666666,1.072159194959137,5.669915405144624,2013,8,235,4,2111,-1.1999999999999886,3.6000000000000227,1.2362212836097741,1.8132621147696648,31.351902173912976,-2.2671841304799045,0.3833019838726004,6785.921175131893,286.60270188552533,1.2848287166128598,2.122469397861778,1659.9200439453125,14.289999961853027,1.8132621147696648,1422672.0,0.5322687957418415,1586060.0,-0.575976542046297,2422856.0,-0.8946491138551727,1415276.0,-0.11700107459787912,545313.0,82308.33117551017,89038.18352044442,982.9417699226092,5.140123881499921,1.1495253393354246,61700073.199728124,-657.5060696804771,319.92444127504336,655.8029644968009,0.00905151540291449,-0.0034107597968290326,15.260000228881836,4.288636779836565
2013-08-26,290.43,291.05,285.62,286.21,1717913,-1.3102996448398407,286.85714285714283,297.714,1.091375959808865,5.65672580711292,2013,8,238,0,2114,-4.220000000000027,5.430000000000007,1.8696415659539327,0.09664170089391799,27.969696969696898,-2.447372348607189,-0.127070074212964,6002.281541525454,286.8413904339673,-1.034081549233254,0.4026911152658954,1664.2900390625,14.369999885559082,0.09664170089391799,1967985.0,-0.8777735204987924,1815346.0,0.26332420476089524,2477429.0,-1.6715864625523214,2261393.0,0.01921676484972812,-250072.0,82287.02040816325,88633.625796,782.3039485766718,5.989631412727068,1.1911014856487214,48049506.030302905,-700.4624398948636,324.9179024985364,-7864.787372089533,0.002632653984224964,0.00905151540291449,14.289999961853027,4.36550383923543
2013-08-27,283.87,285.28,279.74,280.93,2475891,-1.8447992732608776,286.3014285714286,296.8493333333334,1.1286725428650262,5.638105527980331,2013,8,239,1,2115,-2.9399999999999977,5.539999999999964,1.951597562264404,-1.3102996448398407,26.800232288037094,-2.9818517519991588,0.44122024805679905,8813.19545794326,287.58806753339536,-2.5394322802960994,-4.118635253099228,1652.5400390625,16.559999465942383,-1.3102996448398407,1717913.0,1.8132621147696648,1422672.0,0.5322687957418415,1586060.0,-0.575976542046297,2422856.0,0.037296583056161126,757978.0,81968.50800204082,88119.52670044448,718.2524506927459,8.891439870900452,1.2739017090174043,66354453.91986045,-837.6916126891236,335.0456919011212,-16258.576575919793,-0.007060067490771482,0.002632653984224964,14.369999885559082,4.5146901714600745
2013-08-28,280.07,283.0,279.33,281.58,1457461,0.23137436372049347,285.7314285714286,295.9456666666667,1.1208425441759275,5.640416599034381,2013,8,240,2,2116,1.509999999999991,3.670000000000016,1.3103866890420308,-1.8447992732608776,29.12735849056594,-3.314770352924427,-0.4113387867236482,5176.0103700546915,288.5334818595146,0.7371032163011402,-7.690585075815761,1630.25,16.959999084472656,-1.8447992732608776,2475891.0,0.09664170089391799,1967985.0,-0.8777735204987924,1815346.0,0.26332420476089524,2477429.0,-0.007829998689098616,-1018430.0,81642.44927346939,87583.83761877779,848.4030126379437,10.98770249262673,1.256288008834766,42451989.03301872,-933.3730359764601,331.7084939645077,1197.5961059820802,-0.013488350379180725,-0.007060067490771482,16.559999465942383,4.4833701767037155
2013-08-29,281.45,285.98,280.0,283.98,1566414,0.8523332623055824,285.28714285714284,295.27466666666663,1.1169024867553754,5.6489038131462115,2013,8,241,3,2117,2.5300000000000296,5.980000000000018,2.124711316397235,0.23137436372049347,30.919540229885072,-3.346375862447985,0.07475534508299031,5515.930699345024,289.50075090478987,1.1451464315051332,-6.665897336294961,1633.5,16.790000915527344,0.23137436372049347,1457461.0,-1.3102996448398407,1717913.0,1.8132621147696648,1422672.0,0.5322687957418415,1586060.0,-0.0039400574205521455,108953.0,81388.75387959182,87187.1287751111,956.0179680274814,11.198231412774497,1.2474711649203416,48432800.68965519,-950.3038174179788,329.7930094758645,4701.411207624256,0.0019935592700506266,-0.013488350379180725,16.959999084472656,4.467609947021515
2013-08-30,284.59,284.87,280.0,280.98,1534606,-1.0564124234101024,284.7742857142857,294.46633333333335,1.1212179488938159,5.638283492423505,2013,8,242,4,2118,-3.609999999999957,4.8700000000000045,1.711233704627712,0.8523332623055824,28.901423583131887,-3.572318915636515,-0.02030625364686478,5461.620044131255,290.3923028208694,0.639812145490016,-10.052114966359397,1638.8900146484375,16.75,0.8523332623055824,1566414.0,-1.8447992732608776,2475891.0,0.09664170089391799,1967985.0,-0.8777735204987924,1815346.0,0.0043154621384404734,-31808.0,81096.39380408164,86710.42146677779,835.2922851316121,12.761462435014447,1.2571296889216554,44352298.03921569,-1003.7501689155481,330.1609382782827,-5769.723266565889,0.003299672267179421,0.0019935592700506266,16.790000915527344,4.484871795575259
2013-09-03,284.73,291.39,284.17,288.8,2898422,2.7831162360310246,284.6414285714286,293.97700000000003,1.2499300603425005,5.665734407018671,2013,9,246,1,2122,4.069999999999993,7.21999999999997,2.5357356091735928,-1.0564124234101024,43.89321993857782,-3.084811975363891,0.8887075900915284,10036.087257617728,291.3157545800734,-0.21278594395325898,-2.3029686361201698,1635.949951171875,16.469999313354492,-1.0564124234101024,1534606.0,0.23137436372049347,1457461.0,-1.3102996448398407,1717913.0,1.8132621147696648,1422672.0,0.12871211144868466,1363816.0,81020.7428591837,86422.47652900002,1926.6147565763656,9.516064923348472,1.562325155747807,127221074.32081261,-890.8936984850918,367.4506893493073,27931.59739289998,-0.0017939358042846631,0.003299672267179421,16.75,4.999720241370028
2013-09-04,288.33,295.23,287.58,293.64,2439351,1.675900277008302,285.15999999999997,293.7296666666667,1.2872853256665173,5.68235452724258,2013,9,247,2,2123,5.310000000000002,7.650000000000034,2.653209863697858,2.7831162360310246,52.581948810058385,-2.281610674861213,-0.15838652894575045,8307.284429914182,292.5831655838993,0.5521999117627501,0.5046345043379574,1640.719970703125,16.8799991607666,2.7831162360310246,2898422.0,0.8523332623055824,1566414.0,-1.8447992732608776,2475891.0,0.09664170089391799,1967985.0,0.037355265324016784,-459071.0,81316.22559999998,86277.11708011111,2764.8613406636005,5.205747271640639,1.6571035096763516,128265829.41176473,-669.9721585662465,378.1138896129176,13922.180277279931,0.0029157490593358926,-0.0017939358042846631,16.469999313354492,5.149141302666067
2013-09-05,293.63,297.0,292.71,294.1,1819790,0.15665440675658449,286.2871428571429,293.5683333333334,1.2823659538292473,5.68391984555995,2013,9,248,3,2124,0.4700000000000273,4.2900000000000205,1.4610223750979194,1.675900277008302,59.50660353849986,-1.5896254887139776,-0.25398599873490946,6187.657259435566,294.25771628721395,-1.9382330339079887,1.7805167466940475,1653.280029296875,16.1200008392334,1.675900277008302,2439351.0,-1.0564124234101024,1534606.0,0.23137436372049347,1457461.0,-1.3102996448398407,1717913.0,-0.004919371837269981,-619561.0,81960.32816530614,86182.36633611114,3541.035864688204,2.526909194369152,1.6444624395403953,108289522.05332667,-467.50885623078085,376.4620357890625,969.3237771899519,0.007655211625398506,0.0029157490593358926,16.8799991607666,5.129463815316967
2013-09-06,295.33,298.88,290.8,295.86,2291973,0.5984359061543598,288.42,293.317,1.2554978832645325,5.68988636946409,2013,9,249,4,2125,0.5300000000000296,8.079999999999984,2.73592252734229,0.15665440675658449,63.71769383697817,-0.8889576022600636,0.2594711477697975,7746.81606165078,295.74968032597957,-1.8587438956435038,1.9690635696639447,1657.43994140625,15.350000381469728,0.15665440675658449,1819790.0,2.7831162360310246,2898422.0,0.8523332623055824,1566414.0,-1.8447992732608776,2475891.0,-0.026868070564714852,472183.0,83186.09640000001,86034.862489,4059.944507902886,0.7902456186159614,1.5762749348817215,146039233.89662036,-263.0069962046624,368.2588726255029,4635.972889665134,0.0025161569943745743,0.007655211625398506,16.1200008392334,5.021991533058099
2013-09-09,297.22,299.96,296.6,299.71,1646144,1.301291151220152,291.01000000000005,292.90700000000004,1.160245568157129,5.702815340465995,2013,9,252,0,2128,2.4899999999999523,3.359999999999957,1.130475741874691,0.5984359061543598,66.31287494231657,-0.022748202875789048,-0.2817786247918278,5492.456040839478,296.95127635006855,1.786208579017243,0.9725150709141985,1656.8499755859375,15.859999656677246,0.5984359061543598,2291973.0,1.675900277008302,2439351.0,-1.0564124234101024,1534606.0,0.23137436372049347,1457461.0,-0.0952523151074034,-645829.0,84686.82010000003,85794.51064900002,4397.397383115317,0.0005174807340780571,1.3461697784282594,109160541.20904477,-6.817863883902735,339.84404863220027,7147.284444410082,-0.0003559500441457919,0.0025161569943745743,15.350000381469728,4.640982272628548
2013-09-10,300.86,301.0,297.22,300.36,1779887,0.21687631376998695,293.35,292.7156666666667,1.1124343613146475,5.7049817552316835,2013,9,253,1,2129,-0.5,3.7799999999999727,1.2563983248022244,1.301291151220152,65.62279255945379,0.7080169755919314,0.08124623362233185,5925.845651884405,298.07579491321377,1.6427794049745945,0.6414256818116542,1675.1099853515625,14.890000343322754,1.301291151220152,1646144.0,0.15665440675658449,1819790.0,2.7831162360310246,2898422.0,0.8523332623055824,1566414.0,-0.047811206842481635,133743.0,86054.22250000002,85682.46151211114,4306.350903301103,0.5012880377263457,1.2375102082335276,116801155.38026851,212.65997878879253,325.6269656951246,1285.1755609505951,0.01102091923510895,-0.0003559500441457919,15.859999656677246,4.44973744525862
2013-09-11,298.91,301.86,297.84,299.64,1743950,-0.239712345185783,296.0157142857143,292.62333333333333,1.0918395679373745,5.702581754079682,2013,9,254,2,2130,0.7299999999999613,4.020000000000039,1.3448864206617503,0.21687631376998695,68.5271699041062,1.2150493293705154,-0.020190607605988453,5820.150847683887,299.33920887964024,1.3600450154878925,-1.0592538951281654,1681.0400390625,14.739999771118164,0.21687631376998695,1779887.0,0.5984359061543598,2291973.0,1.675900277008302,2439351.0,-1.0564124234101024,1534606.0,-0.02059479337727299,-35937.0,87625.30310408164,85628.41521111112,4695.973015066239,1.4763448728037392,1.1921136421136727,119507957.95426601,364.0773810525812,319.49773383506096,-1395.1620090333274,0.0035400981205977455,0.01102091923510895,14.890000343322754,4.367358271749481
2013-09-12,299.39,302.0,297.66,298.86,1606193,-0.26031237484981373,297.45285714285717,292.54466666666667,1.0905591829036982,5.699975236313247,2013,9,255,3,2131,-0.5299999999999727,4.339999999999975,1.449614215571654,-0.239712345185783,62.57922292642602,1.5362279617682475,-0.07899137016542901,5374.399384327109,300.7383518076892,-1.1945300708407938,-0.6838217368483583,1689.2099609375,13.93000030517578,-0.239712345185783,1743950.0,1.301291151220152,1646144.0,0.15665440675658449,1819790.0,2.7831162360310246,2898422.0,-0.0012803850336762235,-137757.0,88478.20222244899,85582.3819951111,3916.159142075324,2.359996350518624,1.1893193314155819,100514309.80986498,459.1170886540585,319.03727264283475,-1399.0226671255666,0.00486004002590934,0.0035400981205977455,14.739999771118164,4.3622367316147574
2013-09-13,300.14,300.22,296.2,297.92,1350645,-0.3145285417921473,298.0642857142857,292.2896666666667,1.055829914240305,5.696824994088702,2013,9,256,4,2132,-2.2199999999999704,4.020000000000039,1.3393749583527816,-0.26031237484981373,60.70365358592697,1.6953710160767628,-0.1591016770711864,4533.582841031149,302.25133058348956,-0.38092279494711995,-3.9504077885424067,1685.0400390625,14.270000457763672,-0.26031237484981373,1606193.0,0.21687631376998695,1779887.0,0.5984359061543598,2291973.0,1.675900277008302,2439351.0,-0.03472926866339332,-255548.0,88842.31841836733,85433.24924011112,3684.9335586802245,2.874282882153155,1.1147768078046896,81989086.19756433,505.0849331095892,308.608173689994,-1425.9412000834275,-0.0024685633943845042,0.00486004002590934,13.93000030517578,4.223319656961166
2013-09-16,299.82,301.0,295.26,296.06,1818071,-0.6243286788399582,298.3442857142858,292.01800000000003,1.0584763475762153,5.6905621364853465,2013,9,259,0,2135,-3.759999999999991,5.740000000000009,1.9144820225468644,-0.3145285417921473,64.06740931162528,1.6523592094401351,0.3460761339952394,6140.886982368439,303.8478942180745,-2.975740178574812,-4.81215403949966,1691.699951171875,14.100000381469728,-0.3145285417921473,1350645.0,-0.239712345185783,1743950.0,1.301291151220152,1646144.0,0.15665440675658449,1819790.0,0.002646433335910414,467426.0,89009.31281836738,85274.51232400001,4104.63293590333,2.7302909570216283,1.120372178378285,116479098.91459589,489.19746754684644,309.09414606651126,-3833.9318566075854,0.003952376178004924,-0.0024685633943845042,14.270000457763672,4.2339053903048125
2013-09-17,297.63,304.65,296.01,304.17,2297156,2.739309599405537,299.5314285714286,292.124,1.1602575289412456,5.717586755632598,2013,9,260,1,2136,6.5400000000000205,8.639999999999986,2.9029331720592637,-0.6243286788399582,80.70824524312894,2.246781763107265,0.2635128111058369,7552.210934674688,305.5394282905737,-1.0790038153466628,-0.2904244752270415,1697.72998046875,14.4399995803833,-0.6243286788399582,1818071.0,-0.26031237484981373,1606193.0,0.21687631376998695,1779887.0,0.5984359061543598,2291973.0,0.10178118136503023,479085.0,89719.07670204082,85336.43137600001,6513.820850225045,5.04802829103139,1.3461975334648453,185399429.8097251,683.4036088843368,338.93907038443245,20687.84391008984,0.0035644792048956653,0.003952376178004924,14.100000381469728,4.641030115765034
2013-09-18,304.06,312.74,302.91,312.03,2946338,2.58408127034222,301.2914285714286,292.5,1.2491814770586205,5.743099337033152,2013,9,261,2,2137,7.96999999999997,9.829999999999984,3.23291455633756,2.739309599405537,83.79578246392894,3.313901635489117,0.2826024875977078,9442.48309457424,307.3719456829184,1.724881424774881,2.933172892306686,1705.739990234375,14.68000030517578,2.739309599405537,2297156.0,-0.3145285417921473,1350645.0,-0.239712345185783,1743950.0,1.301291151220152,1646144.0,0.08892394811737492,649182.0,90776.52493061226,85556.25,7021.733158742101,10.981944049697443,1.5604543626263567,246890698.1132075,1034.036727321669,365.38558203964647,24400.14371021234,0.0047180705163805126,0.0035644792048956653,14.4399995803833,4.996725908234453
2013-09-19,313.77,314.54,311.04,312.06,2350946,0.009614460148066328,302.96285714285716,293.00500000000005,1.2209750359487097,5.743195477013036,2013,9,262,3,2138,-1.7099999999999795,3.5,1.115466743155815,2.58408127034222,82.89597000937205,4.114592115155972,-0.20207864813880827,7533.6345574568995,309.3516076087353,2.8597982792562324,-0.15140588799152965,1727.3399658203125,13.020000457763672,2.58408127034222,2946338.0,-0.6243286788399582,1818071.0,-0.26031237484981373,1606193.0,0.21687631376998695,1779887.0,-0.028206441109910774,-595392.0,91786.49280816328,85851.93002500004,6871.74184379471,16.929868274103693,1.490780038409953,194883949.10965317,1283.9996154555727,357.75179040815175,72.43182922276468,0.012663111441134411,0.0047180705163805126,14.68000030517578,4.88390014379479
2013-09-20,312.54,320.57,312.41,316.34,5305603,1.3715311158110532,305.34857142857146,293.69166666666666,1.2351600090418673,5.756817584535343,2013,9,263,4,2139,3.7999999999999545,8.159999999999968,2.610865809176415,0.009614460148066328,90.21838034576885,5.036448278824821,1.256794924256023,16771.837263703612,311.33536168937053,3.1511490538855287,1.8534892567438987,1722.43994140625,13.300000190734863,0.009614460148066328,2350946.0,2.739309599405537,2297156.0,-0.3145285417921473,1350645.0,-0.239712345185783,1743950.0,0.014184973093157582,2954657.0,93237.7500734694,86254.79506944444,8139.356152213811,25.365811265277504,1.5256202479363057,478662909.41765225,1593.2300485234437,362.75620165552107,23003.096676488818,-0.002836745812070385,0.012663111441134411,13.020000457763672,4.940640036167451
2013-09-23,314.18,315.9,308.77,311.49,1884997,-1.5331605234873757,307.15285714285716,294.16600000000005,1.2749540847133007,5.741367234983472,2013,9,266,0,2142,-2.6899999999999977,7.1299999999999955,2.2693997071742302,1.3715311158110532,77.67748231275924,5.314410250031756,-0.6447157844263884,6051.549006388648,313.11785663115813,-0.9058239716147763,-0.7220326595433448,1711.43994140625,14.039999961853027,1.3715311158110532,5305603.0,2.58408127034222,2946338.0,-0.6243286788399582,1818071.0,-0.26031237484981373,1606193.0,0.03979407567143345,-3420606.0,94342.87765102042,86533.63555600004,6033.791258449024,28.24295630564259,1.6255079181271304,146421821.12710422,1655.3856487823916,375.0481432837729,-9277.996042544328,-0.006386289434869519,-0.002836745812070385,13.300000190734863,5.099816338853202
2013-09-24,312.43,318.08,311.28,314.13,2011481,0.8475392468457965,309.4685714285714,294.74733333333336,1.2790731025865474,5.749806912967481,2013,9,267,1,2143,1.6999999999999886,6.800000000000011,2.176487533207442,-1.5331605234873757,76.41144624903329,5.682221934025392,0.06710037204303232,6403.339381784612,314.481421885796,-1.100757785775714,0.7493358999797124,1702.5999755859375,14.170000076293944,-1.5331605234873757,1884997.0,0.009614460148066328,2350946.0,2.739309599405537,2297156.0,-0.3145285417921473,1350645.0,0.004119017873246644,126484.0,95770.79670204081,86875.99050711113,5838.709117868903,32.28764610751927,1.6360280017603763,153700172.31245172,1784.9563761353966,377.003386125778,5427.081436935758,-0.0051652211722070795,-0.006386289434869519,14.039999961853027,5.116292410346205
2013-09-25,314.53,316.71,310.75,312.65,2008700,-0.4711425206124886,311.8385714285714,295.36999999999995,1.2682164000512883,5.745084354013307,2013,9,268,2,2144,-1.8799999999999955,5.9599999999999795,1.8948907894318443,0.8475392468457965,73.29816628987689,5.787576137336373,-0.0013825633948320037,6424.75611706381,315.4785364874257,-4.440580648543283,1.6120441611175806,1698.02001953125,14.239999771118164,0.8475392468457965,2011481.0,1.3715311158110532,5305603.0,2.58408127034222,2946338.0,-0.6243286788399582,1818071.0,-0.010856702535259055,-2781.0,97243.29463061223,87243.43689999997,5372.621181458445,33.49603754546541,1.6083728373590493,147234026.6264757,1809.4856793382169,374.59307808314895,-3026.9757913139483,-0.0026899777518858414,-0.0051652211722070795,14.170000076293944,5.072865600205205
2013-09-26,313.9,319.37,313.26,318.12,1990700,1.7495602110986885,313.83142857142855,296.26266666666663,1.2803867617687803,5.7624286700889344,2013,9,269,3,2145,4.220000000000027,6.110000000000014,1.946479770627593,-0.4711425206124886,75.57444852941177,6.240516597054807,-0.008961019564892703,6257.701496290708,316.1794192599993,-1.4716966955833168,3.4122774355840306,1694.050048828125,13.800000190734863,-0.4711425206124886,2008700.0,-1.5331605234873757,1884997.0,0.009614460148066328,2350946.0,2.739309599405537,2297156.0,0.012170361717491973,-18000.0,98490.16555918366,87771.56766044443,5711.497270524708,38.94404739811651,1.6393902597127434,150446054.6875,1985.2331398550753,379.33079640631684,10948.22555084295,-0.0023379999396125895,-0.0026899777518858414,14.239999771118164,5.121547047075069
2013-09-27,316.92,317.21,313.35,316.01,1657900,-0.6632717213630124,314.40000000000003,297.24733333333336,1.2393862609019648,5.755773858655822,2013,9,270,4,2146,-0.910000000000025,3.859999999999957,1.2179729900290157,1.7495602110986885,69.50694112015319,6.355948392024459,-0.1671773747927865,5246.352963513813,316.6346994935194,-0.7950205850215774,0.17032109150216002,1695.52001953125,14.619999885559082,1.7495602110986885,1990700.0,0.8475392468457965,2011481.0,1.3715311158110532,5305603.0,2.58408127034222,2946338.0,-0.041000500866815504,-332800.0,98847.36000000002,88355.97717377779,4831.214863880442,40.398079962078306,1.5360783037125532,115235557.68310197,2008.5432513636492,368.40426102308,-3479.757560987748,0.0008677256637972253,-0.0023379999396125895,13.800000190734863,4.957545043607865
2013-09-30,313.41,315.31,311.06,312.64,1625300,-1.0664219486725135,314.48285714285714,298.17466666666667,1.2549543719850516,5.7450523688544175,2013,9,273,0,2149,-0.7700000000000387,4.25,1.3560511789668483,-0.6632717213630124,63.797752808988726,6.1051220388864635,-0.01966342963990586,5198.631013306039,316.6926011126878,4.995365043976435,-9.047966156664245,1687.260009765625,17.489999771118164,-0.6632717213630124,1657900.0,-0.4711425206124886,2008700.0,-1.5331605234873757,1884997.0,0.009614460148066328,2350946.0,0.015568111083086755,-32600.0,98899.46743673469,88908.13184177778,4070.1532634768287,37.27251510969721,1.5749104757643952,103690487.64044937,1908.7053542374638,374.19560154851877,-5543.9342156391895,-0.004871667494618315,0.0008677256637972253,14.619999885559082,5.019817487940259
2013-10-01,314.22,321.0,313.65,320.95,2398300,2.6580092118730914,315.14142857142855,299.35400000000004,1.3254870564533014,5.771285347757787,2013,10,274,1,2150,6.729999999999961,7.350000000000023,2.3391254535039216,-1.0664219486725135,70.45498176233443,6.501937607922059,0.4756045037839167,7472.503505218881,316.4142737648897,4.21684429312055,0.31888194198972997,1682.4100341796875,16.309999465942383,-1.0664219486725135,1625300.0,1.7495602110986885,1990700.0,0.8475392468457965,2011481.0,1.3715311158110532,5305603.0,0.0705326844682499,773000.0,99314.1200020408,89612.81731600003,4963.904455130877,42.27519265731123,1.7569159368252376,168972182.76060665,2086.7968752625848,396.78985229752163,19861.98315262575,-0.002874468403130881,-0.004871667494618315,17.489999771118164,5.301948225813248
2013-10-02,318.04,321.73,317.52,320.51,2218300,-0.13709300514098688,316.43,300.468,1.3287876441003927,5.769913477122026,2013,10,275,2,2151,2.4699999999999704,4.210000000000036,1.3237328637907295,2.6580092118730914,70.91787439613523,6.7036371265919,-0.075053162656882,6921.156906180775,315.84464755385426,-0.1612131276741013,4.826565573819835,1691.9000244140625,16.399999618530273,2.6580092118730914,2398300.0,-0.6632717213630124,1657900.0,-0.4711425206124886,2008700.0,-1.5331605234873757,1884997.0,0.003300587647091291,-180000.0,100127.9449,90281.01902400001,5029.344908866014,44.93875072502131,1.765676603113872,157317120.77294677,2148.58273544397,399.2581658475568,-948.8421993206179,0.005640711860710024,-0.002874468403130881,16.309999465942383,5.3151505764016065
2013-10-03,320.39,322.92,313.02,314.76,2679340,-1.7940157873389317,316.52,301.47433333333333,1.3685386352716495,5.751810443666782,2013,10,276,3,2152,-5.6299999999999955,9.900000000000034,3.089984081900195,-0.13709300514098688,64.88684582743986,6.326579631229606,0.20783482847225354,8512.326852204855,315.047277707804,-1.0588784280562968,0.7716007202522519,1692.3499755859375,16.6299991607666,-0.13709300514098688,2218300.0,-1.0664219486725135,1625300.0,1.7495602110986885,1990700.0,0.8475392468457965,2011481.0,0.0397509911712568,461040.0,100184.9104,90886.77365877778,4210.302761433949,40.02560983028934,1.872897996231189,173853921.4992927,1991.3542047258309,412.57927270943037,-15271.248759844622,0.0002659443024897179,0.005640711860710024,16.399999618530273,5.474154541086591
2013-10-04,315.74,319.2,312.62,319.04,1814900,1.3597661710509579,317.43285714285713,302.45133333333337,1.3541984393341706,5.765316486773473,2013,10,277,4,2153,3.3000000000000114,6.579999999999984,2.083993158928227,-1.7940157873389317,69.48118006103765,6.300490942484487,-0.3226316928795897,5688.628385155466,314.3164323893426,-4.736667060114749,9.460234670772195,1678.7900390625,17.719999313354492,-1.7940157873389317,2679340.0,2.6580092118730914,2398300.0,-0.6632717213630124,1657900.0,-0.4711425206124886,2008700.0,-0.014340195937478928,-864440.0,100763.61879387754,91476.80903511113,4827.634382674336,39.69618611632906,1.8338534130951034,126101393.69277723,2010.1086302902509,409.57912357453904,7735.204437814642,-0.008012489567202352,0.0002659443024897179,16.6299991607666,5.416793757336677
2013-10-07,315.24,315.34,309.74,310.03,2084850,-2.824097291875638,316.27714285714285,303.1186666666667,1.4715050382118207,5.73666906699042,2013,10,280,0,2156,-5.210000000000036,5.599999999999966,1.7764243116355685,1.3597661710509579,54.89311957247825,5.489504181302607,0.14874097746432313,6724.671805954263,313.7725079886218,-2.4485344081351235,-1.2939735804866928,1687.1500244140625,18.76000022888184,1.3597661710509579,1814900.0,-0.13709300514098688,2218300.0,-1.0664219486725135,1625300.0,1.7495602110986885,1990700.0,0.11730659887765005,269950.0,100031.23109387755,91880.92608177778,3013.2545763983944,30.134656156538803,2.1653270774827718,114443920.34068127,1701.910981329247,446.0406451760495,-18991.12743594789,0.004979768259901762,-0.008012489567202352,17.719999313354492,5.886020152847323
2013-10-08,311.5,311.55,300.27,303.23,3170073,-2.1933361287617137,314.45142857142855,303.686,1.511726210767327,5.714491593464553,2013,10,281,1,2157,-8.269999999999982,11.28000000000003,3.621187800963091,-2.824097291875638,42.51955117307043,4.2491070985383885,0.5205280955464422,10454.351482373115,313.1982245022902,-3.7440265673265496,-6.224197934963627,1676.219970703125,19.01000022888184,-2.824097291875638,2084850.0,-1.7940157873389317,2679340.0,2.6580092118730914,2398300.0,-0.6632717213630124,1657900.0,0.04022117255550639,1085223.0,98879.70093061223,92225.18659599999,1807.9122319593553,18.054911134849323,2.285316136320941,134790081.1458689,1288.4567454897956,459.09008604308644,-22929.90680906253,-0.006478412442742609,0.004979768259901762,18.76000022888184,6.046904843069342
2013-10-09,303.42,303.5,296.5,298.23,3251612,-1.648913366091742,312.39285714285717,304.26266666666663,1.502970540580518,5.697865000892164,2013,10,282,2,2158,-5.189999999999998,7.0,2.307033155362204,-2.1933361287617137,39.15974290641168,2.830002750520407,0.025721489694401356,10903.034570633403,312.61830672461423,7.165283366537788,-21.55359009115199,1656.989990234375,20.190000534057617,-2.1933361287617137,3170073.0,1.3597661710509579,1814900.0,-0.13709300514098688,2218300.0,-1.0664219486725135,1625300.0,-0.008755670186809006,81539.0,97589.29719387756,92575.7703271111,1533.48546449626,8.00891556795307,2.2589204458528944,127332289.9514031,843.991720287701,457.2978245984699,-17978.159434477755,-0.011472229662484956,-0.006478412442742609,19.01000022888184,6.011882162322081
2013-10-10,304.65,306.7,302.59,305.17,2556190,2.3270630050632013,310.1385714285715,305.049,1.5518908019385445,5.7208689983797,2013,10,283,3,2159,0.5200000000000387,4.110000000000014,1.3490891186607628,-1.648913366091742,41.595184349134726,2.239536349645732,-0.21386992051942233,8376.282072287577,312.1557571804577,4.956913291081135,-11.942670471538861,1660.8800048828125,17.65999984741211,-1.648913366091742,3251612.0,-2.824097291875638,2084850.0,-1.7940157873389317,2679340.0,2.6580092118730914,2398300.0,0.04892026135802641,-695422.0,96185.93348775513,93054.89240099999,1730.1593610385025,5.015523061384531,2.4083650611414584,106325194.2814147,683.4393078213881,473.402737240551,19492.13613039455,0.0023476391959900145,-0.011472229662484956,20.190000534057617,6.2075632077542195
2013-10-11,304.77,310.93,303.84,310.89,2162268,1.8743651079725865,308.7642857142857,305.94599999999997,1.5759168959402274,5.739439151864236,2013,10,284,4,2160,6.1200000000000045,7.090000000000032,2.3263444564753857,2.3270630050632013,49.55436720142601,2.2076947381382297,-0.15410513303001738,6955.090224838367,311.98739126339757,0.08636178363485386,-1.1837530470324396,1691.0899658203125,16.309999465942383,2.3270630050632013,2556190.0,-2.1933361287617137,3170073.0,1.3597661710509579,1814900.0,-0.13709300514098688,2218300.0,0.024026094001682985,-393922.0,95335.38413265304,93602.95491599999,2455.635308733766,4.8739160568032265,2.4835140629098817,107149822.45989302,686.3502171397942,482.14547064532877,13036.378440238246,0.018189129165674833,0.0023476391959900145,17.65999984741211,6.303667583760898
2013-10-14,309.22,311.64,307.0,310.7,1938900,-0.061114863778188866,308.1842857142857,306.93666666666667,1.5564232396630604,5.738827816399001,2013,10,287,0,2163,1.4799999999999613,4.639999999999986,1.500549770390009,1.8743651079725865,47.35625096346539,2.142431997063852,-0.10330264333560868,6240.424847119408,312.31454762458134,-1.2887653953644733,-0.32578222921688393,1699.8599853515625,17.079999923706055,1.8743651079725865,2162268.0,-1.648913366091742,3251612.0,-2.824097291875638,2084850.0,-1.7940157873389317,2679340.0,-0.019493656277167037,-223368.0,94977.55396122448,94210.11734444444,2242.614505314717,4.590014862043006,2.4224533009632565,91819034.99306305,665.6536214877389,477.72336110471423,-381.3827144497277,0.005186015947410416,0.018189129165674833,16.309999465942383,6.225692958652189
2013-10-15,309.92,310.79,305.26,306.4,2261100,-1.3839716768587085,306.37857142857143,307.5233333333333,1.516997557886139,5.724891437866436,2013,10,288,1,2164,-3.5200000000000387,5.53000000000003,1.7843314403717183,-0.061114863778188866,45.3833653420003,1.7238650973951053,0.16617669812780433,7379.569190600523,314.1710734423894,-4.511696767473496,-3.259376674915927,1709.1700439453125,16.40999984741211,-0.061114863778188866,1938900.0,2.3270630050632013,2556190.0,-2.1933361287617137,3170073.0,1.3597661710509579,1814900.0,-0.039425681776921406,322200.0,93867.82903061225,94570.60054444443,2059.6498497654743,2.971710874017036,2.3012815906325095,102616327.37479688,528.1922658418603,466.5121456596717,-10213.114747210268,0.0054769561457876925,0.005186015947410416,17.079999923706055,6.067990231544513
2013-10-16,308.38,310.8,305.55,310.49,2178262,1.334856396866857,306.4442857142857,308.085,1.5068658342730872,5.738151694735743,2013,10,289,2,2165,2.1100000000000136,5.25,1.702445035346002,-1.3839716768587085,44.246719951741824,1.702550687712801,-0.03663615054619429,7015.562497987053,314.92029853000633,-2.672395676617848,-1.7579028533884866,1700.489990234375,17.139999389648438,-1.3839716768587085,2261100.0,1.8743651079725865,2162268.0,-1.648913366091742,3251612.0,-2.824097291875638,2084850.0,-0.010131723613051813,-82838.0,93908.10024693876,94916.367225,1957.772226487868,2.8986788442313314,2.2706446424995272,96380948.69552104,528.6249630279476,464.24276055202404,9364.768478057244,-0.005078519683682892,0.0054769561457876925,16.40999984741211,6.027463337092399
2013-10-17,307.0,311.0,305.24,310.77,2645160,0.0901800380044282,307.52142857142854,308.6406666666666,1.5069762569485319,5.73905308873812,2013,10,290,3,2166,3.769999999999982,5.759999999999991,1.8762214983713326,1.334856396866857,45.93672456575682,1.6887852591843853,0.21434427998101246,8511.632396949513,317.35698177661,-4.971985419000567,-1.6149963576094137,1720.1700439453125,14.520000457763672,1.334856396866857,2178262.0,-0.061114863778188866,1938900.0,2.3270630050632013,2556190.0,-2.1933361287617137,3170073.0,0.00011042267544469908,466898.0,94569.42903061223,95259.06112044441,2110.182663830206,2.8519956516384712,2.2709774390066078,121509986.35235731,524.8237949967314,465.11415659543275,767.5793330366294,0.01157316645434947,-0.005078519683682892,17.139999389648438,6.027905027794077
2013-10-18,319.39,331.89,316.75,328.93,5969400,5.843549892203237,311.90714285714284,309.74300000000005,1.825921486638024,5.795844962170038,2013,10,291,4,2167,9.54000000000002,15.139999999999986,4.740286170512535,0.0901800380044282,60.27500946133469,3.1074159318851002,1.2567254910856054,18147.934210926338,320.1524896144889,9.013660589885411,-0.23615020437432577,1736.719970703125,12.859999656677246,0.0901800380044282,2645160.0,-1.3839716768587085,2261100.0,1.8743651079725865,2162268.0,-1.648913366091742,3251612.0,0.3189452296894921,3324240.0,97286.06576530612,95940.72604900003,3633.0767655639866,9.656033773733347,3.3339892753664118,359805641.4784913,1022.122322474966,565.5663990357216,106048.35900197004,0.00962109927217103,0.01157316645434947,14.520000457763672,7.30368594655215
2013-10-21,329.89,330.0,323.8,326.44,2525777,-0.7569999695983931,314.94571428571425,310.634,1.8283799298442092,5.788246164601042,2013,10,294,0,2170,-3.4499999999999886,6.199999999999989,1.8794143502379548,5.843549892203237,53.73723621511233,3.9848340836376224,-0.5768792508459812,7737.339174120819,323.26074751308283,5.972020895095169,-2.7927684081780058,1745.199951171875,13.34000015258789,5.843549892203237,5969400.0,1.334856396866857,2178262.0,-0.061114863778188866,1938900.0,2.3270630050632013,2556190.0,0.002458443206185157,-3443623.0,99190.80294693875,96493.481956,2887.6905560387804,15.87890267412009,3.342973167857115,135728275.27569777,1300.8092382626655,567.9569711272261,-5857.165519581916,0.004882756352088791,0.00962109927217103,12.859999656677246,7.3135197193768136
2013-10-22,327.72,337.11,325.68,332.54,3941628,1.8686435485847364,318.0385714285714,311.70666666666665,1.8504918215669306,5.806760153612234,2013,10,295,1,2171,4.819999999999993,11.430000000000007,3.487733430977666,-0.7569999695983931,57.60333712552143,5.113468429499221,0.560560572053669,11853.094364587718,326.9838654390074,-2.4094208935500334,7.965555454542653,1746.47998046875,12.989999771118164,-0.7569999695983931,2525777.0,0.0901800380044282,2645160.0,-1.3839716768587085,2261100.0,1.8743651079725865,2162268.0,0.022111891722721433,1415851.0,101148.53291632651,97161.04604444443,3318.1444479964753,26.14755937948523,3.424319981686097,227050926.50739476,1700.432791545671,576.810637394556,22149.208315152933,0.0007334571010133573,0.004882756352088791,13.34000015258789,7.401967286267677
2013-10-23,330.84,331.72,324.06,326.76,2816776,-1.7381367655019075,320.3328571428571,312.61066666666665,1.88699301753295,5.789225956473668,2013,10,296,2,2172,-4.079999999999984,7.660000000000025,2.3153185830008542,1.8686435485847364,57.58150113722516,5.478370342302469,-0.2853775140627173,8620.320724690904,331.39075140983675,-1.2128246099143474,-3.4179267999224408,1752.27001953125,13.710000038146973,1.8686435485847364,3941628.0,5.843549892203237,5969400.0,1.334856396866857,2178262.0,-0.061114863778188866,1938900.0,0.036501195966019306,-1124852.0,102613.1393653061,97725.42891377777,3315.6292732162624,30.012541607419273,3.560742648218108,162194190.44730854,1790.1122930507547,589.8941452063204,-14983.296382003307,0.0033152622001118015,0.0007334571010133573,12.989999771118164,7.547972070131777
2013-10-24,329.64,332.65,326.75,332.21,5832056,1.6678908067082832,324.02,313.72233333333327,1.8998249717441578,5.805767299074111,2013,10,297,3,2173,2.569999999999993,5.899999999999977,1.7898313311491256,-1.7381367655019075,58.199477026522196,6.136588418233146,1.070472057415996,17555.329460281147,335.97966141137607,-3.967049195224857,0.19738778384873967,1747.47998046875,13.5,-1.7381367655019075,2816776.0,-0.7569999695983931,2525777.0,0.0901800380044282,2645160.0,-1.3839716768587085,2261100.0,0.012831954211207863,3015280.0,104988.96039999998,98421.70243211107,3387.179126160685,37.65771741479318,3.60933492326269,339422609.18939096,2038.6360384212333,596.0175230605112,29280.372615538014,-0.002733619253373676,0.0033152622001118015,13.710000038146973,7.59929988697661
2013-10-25,358.6,368.4,352.62,363.39,12039315,9.385629571656494,331.57714285714286,315.9046666666666,2.5074873944350617,5.89547663769682,2013,10,298,4,2174,4.789999999999964,15.779999999999973,4.400446179587276,1.6678908067082832,76.03434816549571,9.069647156717565,1.0643346017253608,33130.562205894494,340.16228290641686,-1.3901145405830728,24.61783163416618,1756.010009765625,13.15999984741211,1.6678908067082832,5832056.0,1.8686435485847364,3941628.0,5.843549892203237,5969400.0,1.334856396866857,2178262.0,0.607662422690904,6207259.0,109943.40166530613,99795.75842177775,5781.222100951822,82.25849954735502,6.287493033250735,915401468.384075,3295.8190802795957,792.1269695098766,310951.18436524837,0.0048813316273796925,-0.002733619253373676,13.5,10.02994957774024
2013-10-28,359.92,362.75,357.2,358.16,3635186,-1.4392250749882929,338.34714285714284,317.9746666666667,2.526600425853012,5.8809798139327105,2013,10,301,0,2177,-1.759999999999991,5.550000000000011,1.5420093354078714,9.385629571656494,77.21732236646517,10.84706187026842,-0.6980570738451481,10149.614697341969,343.9302354952575,-4.015162742369152,18.24492724711172,1759.4200439453125,13.619999885559082,9.385629571656494,12039315.0,-1.7381367655019075,2816776.0,-0.7569999695983931,2525777.0,0.0901800380044282,2645160.0,0.0191130314179504,-8404129.0,114478.78907959182,101107.88864177778,5962.514873446602,117.65875121743102,6.3837097119206225,280699329.2240611,3884.983679455337,803.3949282104696,-14607.579973884274,0.0019419218345699818,0.0048813316273796925,13.15999984741211,10.106401703412075
2013-10-29,358.96,362.89,356.29,362.7,2190674,1.2675899039535254,343.1714285714285,319.9256666666667,2.499108190103119,5.893576046288857,2013,10,302,1,2178,3.740000000000009,6.599999999999966,1.838644974370394,-1.4392250749882929,82.09059233449477,12.478175257007422,-0.39736948810872397,6039.906258615936,347.53536755161923,7.606779386315456,7.5578530620653055,1762.9300537109375,13.25,-1.4392250749882929,3635186.0,1.6678908067082832,5832056.0,1.8686435485847364,3941628.0,5.843549892203237,5969400.0,-0.027492235749893013,-1444512.0,117766.62938775506,102352.43219211113,6738.865349828212,155.70485774459223,6.245541745840488,179833726.271777,4525.834165716592,799.5288537908672,7656.124194247272,0.001994981117615424,0.0019419218345699818,13.619999885559082,9.996432760412517
2013-10-30,362.61,365.0,358.65,361.08,4504134,-0.4466501240694809,348.11999999999995,321.5606666666667,2.4780436420036116,5.889099540429954,2013,10,303,2,2179,-1.5300000000000296,6.350000000000023,1.7511927415129265,1.2675899039535254,79.3861032271628,13.484680898959539,1.0560494167548433,12474.061149883682,351.0651356739233,4.976910864418393,5.037953461658276,1772.27001953125,13.720000267028809,1.2675899039535254,2190674.0,9.385629571656494,12039315.0,-1.7381367655019075,2816776.0,-0.7569999695983931,2525777.0,-0.02106454809950753,2313460.0,121187.53439999996,103401.26234711113,6302.153385593749,181.83661894676425,6.1407002916745235,357565646.6729737,4869.04857899631,796.8413655517761,-5571.5409602458385,0.005297978669461134,0.001994981117615424,13.25,9.912174568014393
2013-10-31,361.89,366.0,359.0,364.03,2466937,0.8169934640522847,352.61857142857144,323.29299999999995,2.4767315005793415,5.897236281823016,2013,10,304,3,2180,2.1399999999999864,7.0,1.9342894249633868,-0.4466501240694809,78.76786487656993,14.35490975349228,-0.45229493616308925,6776.7409279455,354.80173622939435,-4.268759468165414,13.497023238771021,1763.239990234375,13.829999923706056,-0.4466501240694809,4504134.0,-1.4392250749882929,3635186.0,1.6678908067082832,5832056.0,1.8686435485847364,3941628.0,-0.0013121414242700524,-2037197.0,124339.85691632653,104518.36384899997,6204.376537213579,206.06343403090779,6.134198925961997,194315360.2750108,5225.617797563794,800.7099570167969,5536.553045707088,-0.005095176918505584,0.005297978669461134,13.720000267028809,9.906926002317391
2013-11-01,365.14,365.77,356.1,359.0,3332100,-1.3817542510232594,357.2242857142857,324.715,2.495928853999829,5.883322388488279,2013,11,305,4,2181,-6.139999999999986,9.669999999999959,2.6482992824669878,0.8169934640522847,74.84567901234568,14.471870710707492,0.35070332156840656,9281.615598885794,358.60946251614143,-1.2209712925452663,1.6115087764038094,1758.699951171875,13.460000038146973,0.8169934640522847,2466937.0,1.2675899039535254,2190674.0,9.385629571656494,12039315.0,-1.7381367655019075,2816776.0,0.01919735342048723,865163.0,127609.19030408163,105439.83122499999,5601.875666819084,209.43504186743337,6.229660844228898,249393287.03703704,5195.40158514399,810.4655378265544,-12824.911810124242,-0.0025748276398248615,-0.005095176918505584,13.829999923706056,9.983715415999313
2013-11-04,360.12,361.0,354.4,358.74,1940496,-0.07242339832869149,361.0142857142857,326.28999999999996,2.469984948669953,5.882597892120868,2013,11,308,0,2184,-1.3799999999999955,6.600000000000023,1.8327224258580534,-1.3817542510232594,78.09145556032635,14.377844444016205,-0.4176357252183308,5409.1988626860675,359.02161571323177,-2.630409965688818,2.3487942524570826,1763.4000244140625,13.350000381469728,-1.3817542510232594,3332100.0,-0.4466501240694809,4504134.0,-1.4392250749882929,3635186.0,1.6678908067082832,5832056.0,-0.025943905329875783,-1391604.0,130331.31448979588,106465.16409999998,6098.2754315304255,206.72241085632766,6.10082564665611,151536157.14899105,5157.907915846374,805.9313889015189,-391.75256387141803,0.0026724702181606386,-0.0025748276398248615,13.460000038146973,9.879939794679785
2013-11-05,356.78,360.17,354.84,358.89,2007000,0.04181301220940181,360.3714285714286,327.78200000000004,2.4704610605598267,5.883015934850922,2013,11,309,1,2185,2.1100000000000136,5.330000000000041,1.4939178205056454,-0.07242339832869149,77.1239632369424,14.152292873884676,0.034271650134810816,5592.242748474463,359.2362091092688,0.32369847912996275,-0.6699075883988144,1765.6700439453125,13.220000267028809,-0.07242339832869149,1940496.0,0.8169934640522847,2466937.0,1.2675899039535254,2190674.0,9.385629571656494,12039315.0,0.00047611188987373154,66504.0,129867.56653061228,107441.03952400002,5948.105705373243,200.28739358820698,6.103177851742384,154787794.2165434,5079.116389508471,809.7726673524212,233.82851431990147,0.001287296982999786,0.0026724702181606386,13.350000381469728,9.881844242239254
2013-11-06,360.45,362.87,354.5,356.18,2287377,-0.7551060213435767,360.0885714285714,329.233,2.474745806986861,5.87543622104786,2013,11,310,2,2186,-4.269999999999982,8.370000000000005,2.322097378277155,0.04181301220940181,74.77359519912714,13.598116653708814,0.13969955156950675,6421.969229041496,359.47642445393734,-1.0180724688094795,-2.2783519851278697,1765.0,13.010000228881836,0.04181301220940181,2007000.0,-1.3817542510232594,3332100.0,-0.4466501240694809,4504134.0,-1.4392250749882929,3635186.0,0.004284746427034136,280377.0,129663.77927346938,108394.368289,5591.09053900293,184.908776527873,6.124366809199049,171035401.86579385,4843.377189718006,814.7679862717051,-4849.267633732401,-0.00037948423467348835,0.001287296982999786,13.220000267028809,9.898983227947497
2013-11-07,355.86,357.9,341.88,343.56,4249496,-3.5431523387051467,357.3542857142857,330.081,2.5668891297226843,5.839361768898024,2013,11,311,3,2187,-12.300000000000011,16.019999999999982,4.501770359129989,-0.7551060213435767,58.494948321913846,12.002245066349246,0.8578030643833527,12369.006869251369,359.96259688604954,5.865856290350992,-22.268453176400556,1770.739990234375,12.989999771118164,-0.7551060213435767,2287377.0,-0.07242339832869149,1940496.0,0.8169934640522847,2466937.0,1.2675899039535254,2190674.0,0.09214332273582349,1962119.0,127702.08551836734,108953.46656100001,3421.6589791833712,144.05388663270483,6.58891980428848,248574048.9141796,4123.491314994947,847.2813308279934,-43825.275616248015,0.0032521191129604166,-0.00037948423467348835,13.010000228881836,10.267556518890729
2013-11-08,345.95,351.05,344.04,350.31,2649912,1.9647223192455376,355.8157142857143,331.22433333333333,2.5781347016788563,5.858818476755733,2013,11,312,4,2188,4.360000000000014,7.009999999999991,2.0263043792455533,-3.5431523387051467,63.2068164213788,11.153602141023725,-0.3764173445509773,7564.477177357197,360.6654785424173,2.429098040145599,-12.78457658256292,1748.3699951171875,13.760000228881836,-3.5431523387051467,4249496.0,0.04181301220940181,2007000.0,-1.3817542510232594,3332100.0,-0.4466501240694809,4504134.0,0.01124557195617193,-1599584.0,126604.82253265308,109709.55899211111,3995.1016421258805,124.40284072024903,6.646778540000725,167492501.31680873,3907.218366022021,853.9409478071113,14862.097143777171,-0.012633133741011049,0.0032521191129604166,12.989999771118164,10.312538806715452
2013-11-11,350.59,355.37,348.06,354.38,2262069,1.1618280951157578,354.4371428571429,332.61566666666664,2.5672418387076408,5.870369783729923,2013,11,315,0,2191,3.7900000000000205,7.310000000000002,2.0850566188425237,1.9647223192455376,62.361331220285265,10.686276747779743,-0.14636070933676293,6383.173429651786,361.295522048489,-6.410968064509229,-0.504553983979747,1769.9599609375,12.850000381469728,1.9647223192455376,2649912.0,-0.7551060213435767,2287377.0,-0.07242339832869149,1940496.0,0.8169934640522847,2466937.0,-0.0108928629712155,-387843.0,125625.6882367347,110633.1817121111,3888.9356315661257,114.196510730138,6.590730658410989,141065634.15213948,3787.0027538781856,853.904855676301,7416.150226565854,0.012348625222698084,-0.012633133741011049,13.760000228881836,10.268967354830579
2013-11-12,352.99,355.48,347.28,349.53,2343800,-1.3685873920650238,353.0842857142857,333.5683333333333,2.5530183720244954,5.8565893948999594,2013,11,316,1,2192,-3.4600000000000364,8.200000000000045,2.323011983342317,1.1618280951157578,63.02482553483585,9.811463100676576,0.03613108176629454,6705.576059279604,361.894076312154,-0.7600988618879069,-11.603977450266143,1769.510009765625,12.800000190734863,1.1618280951157578,2262069.0,-3.5431523387051467,4249496.0,0.04181301220940181,2007000.0,-1.3817542510232594,3332100.0,-0.014223466683145336,81731.0,124668.51281836735,111267.83300277777,3972.1286336964968,96.26480817593801,6.517902807894605,147717586.08854827,3429.400697579483,851.6060833255909,-9177.166851263133,-0.0002542154522165996,0.012348625222698084,12.850000381469728,10.212073488097985
2013-11-13,347.4,356.22,345.68,356.22,2774336,1.9139987983864293,352.7242857142857,334.7586666666666,2.5679050068418237,5.875548517510639,2013,11,317,2,2193,8.82000000000005,10.54000000000002,3.033966609096149,-1.3685873920650238,63.54201917653698,9.547931461485518,0.1836914412492534,7788.265678513278,362.6793522502226,-1.44769442113248,-5.0116578290900975,1764.3699951171875,13.350000381469728,-1.3685873920650238,2343800.0,1.9647223192455376,2649912.0,-0.7551060213435767,2287377.0,-0.07242339832869149,1940496.0,0.014886634817328215,430536.0,124414.42173265306,112063.3649084444,4037.5882010313935,91.16299519322499,6.594136124163306,176286911.31415692,3401.1641452103718,859.6284562170263,14906.731150188682,-0.0029047672067807895,-0.0002542154522165996,12.800000190734863,10.271620027367248
2013-11-14,357.39,368.94,356.43,367.4,4163658,3.1385099096064017,353.94,336.5133333333334,2.5815349091521322,5.906451172781026,2013,11,318,3,2194,10.009999999999991,12.509999999999991,3.5003777386048833,1.9139987983864293,52.92061179898034,10.124504320108088,0.5007764019931256,11332.765378334241,363.6408374511795,1.4433290356155792,2.3158335132048933,1782.75,12.800000190734863,1.9139987983864293,2774336.0,1.1618280951157578,2262069.0,-3.5431523387051467,4249496.0,0.04181301220940181,2007000.0,0.013629902310308584,1389322.0,125273.5236,113241.22351111114,2800.591153178377,102.50558772788733,6.664322487171107,220343328.6817189,3719.742887207711,868.7209173951479,35567.99644314636,0.010417318892113503,-0.0029047672067807895,13.350000381469728,10.32613963660856
2013-11-15,367.63,372.9,365.55,369.17,4492700,0.4817637452368073,355.7957142857143,338.18433333333337,2.5769890804024906,5.91125724255579,2013,11,319,4,2195,1.5400000000000205,7.349999999999966,1.999292767184388,3.1385099096064017,58.44454670961804,10.602052806833967,0.07902714392008181,12169.732101741745,364.75418397189765,1.2999206404902046,3.11589538761217,1790.6600341796875,12.119999885559082,3.1385099096064017,4163658.0,-1.3685873920650238,2343800.0,1.9647223192455376,2649912.0,-0.7551060213435767,2287377.0,-0.0045458287496416006,329042.0,126590.59030408166,114368.64331211113,3415.7650400927246,112.403523718896,6.640872720513674,262573815.00230095,3913.959834698896,871.4973341631961,5862.935715863706,0.0044369845349530035,0.010417318892113503,12.800000190734863,10.307956321609936
2013-11-18,370.62,373.49,364.67,366.18,2738200,-0.8099249668174546,359.02714285714285,340.0559999999999,2.512317023293491,5.903125015784458,2013,11,322,0,2198,-4.439999999999998,8.819999999999993,2.379796017484214,0.4817637452368073,52.734129478315545,10.61686084849282,-0.3905224030093263,7477.743186411055,366.0742127515128,3.7854136457412446,-3.679626397254026,1798.8199462890625,12.40999984741211,0.4817637452368073,4492700.0,1.9139987983864293,2774336.0,1.1618280951157578,2262069.0,-3.5431523387051467,4249496.0,-0.06467205710899959,-1754500.0,128900.48930816326,115638.08313599994,2780.8884118357487,112.71773427625968,6.311736825530268,144396593.33752364,3887.682105501101,854.3284776730912,-6056.410902123421,0.004556929821194711,0.0044369845349530035,12.119999885559082,10.049268093173964
2013-11-19,365.82,368.78,362.5,364.94,1902847,-0.33863127423671147,361.1171428571429,342.113,2.463918415282413,5.899732956508389,2013,11,323,1,2199,-0.8799999999999955,6.279999999999973,1.7166912689300675,-0.8099249668174546,53.05090104331332,10.408555344396575,-0.3050737710904974,5214.136570395133,367.58162345750077,1.58272873103189,-4.2243521885326345,1790.7900390625,13.029999732971191,-0.8099249668174546,2738200.0,3.1385099096064017,4163658.0,-1.3685873920650238,2343800.0,1.9647223192455376,2649912.0,-0.04839860801107809,-835353.0,130405.59086530613,117041.304769,2814.398101507422,108.3380243573665,6.070893957167797,100947747.89756562,3798.498187384086,842.9385208075122,-1765.6697108771407,-0.004463986094399353,0.004556929821194711,12.40999984741211,9.855673661129686
2013-11-20,367.56,367.56,360.45,362.57,1772325,-0.6494218227653836,362.2871428571429,344.25766666666664,2.438417122033297,5.893217559100934,2013,11,324,2,2200,-4.990000000000009,7.110000000000014,1.9343780607247834,-0.33863127423671147,48.835354179961726,9.93767718199183,-0.0685930082660351,4888.228480017652,369.3071126707619,-5.939527040085366,-0.797585630676565,1789.5899658203125,13.5600004196167,-0.33863127423671147,1902847.0,0.4817637452368073,4492700.0,1.9139987983864293,2774336.0,1.1618280951157578,2262069.0,-0.025501293249115875,-130522.0,131251.97387959185,118513.34105877776,2384.891817882305,98.75742777348108,5.945878061025147,86552119.09700067,3603.103615874778,839.4437887912313,-3174.5222495867242,-0.0006701362058143534,-0.004463986094399353,13.029999732971191,9.753668488133144
2013-11-21,364.01,369.25,363.3,368.92,1965600,1.751385939266914,365.0571428571429,346.38266666666664,2.4272574600768038,5.910579818367518,2013,11,325,3,2201,4.910000000000025,5.949999999999989,1.634570478832996,-0.6494218227653836,57.75000000000001,9.962058368917042,0.10905166941729094,5327.98438685894,371.2064687969558,-0.742351356536883,-1.5441174404189155,1783.52001953125,13.09000015258789,-0.6494218227653836,1772325.0,-0.8099249668174546,2738200.0,3.1385099096064017,4163658.0,-1.3685873920650238,2343800.0,-0.011159661956493316,193275.0,133266.7175510204,119980.9517671111,3335.062500000001,99.24260694571007,5.891578777498497,113513400.00000001,3675.202573460875,840.7599117079634,9331.356939778398,-0.0033918084058323084,-0.0006701362058143534,13.5600004196167,9.709029840307267
2013-11-22,370.0,374.5,366.31,372.31,2967224,0.9188984061585082,367.35571428571427,348.43000000000006,2.417047456237537,5.919726840577038,2013,11,326,4,2202,2.3100000000000023,8.189999999999998,2.213513513513513,1.751385939266914,60.107254580664375,10.138060058172755,0.5095767195767196,7969.767129542585,373.3972751153836,-0.9901084216669197,-0.09716669371664466,1797.2099609375,12.6899995803833,1.751385939266914,1965600.0,-0.33863127423671147,1902847.0,0.4817637452368073,4492700.0,1.9139987983864293,2774336.0,-0.010210003839266957,1001624.0,134950.22081836735,121403.46490000005,3612.8820532247983,102.78026174311776,5.842118405704348,178351688.36585727,3774.5011402582986,842.1718451768451,7323.40631279115,0.007675799125511418,-0.0033918084058323084,13.09000015258789,9.668189824950105
2013-11-25,373.82,377.79,373.18,376.64,2972200,1.163009320190156,368.67571428571426,350.628,2.4153081207526563,5.931289824071912,2013,11,329,0,2205,2.819999999999993,4.610000000000014,1.2332138462361601,0.9188984061585082,62.44565979526012,10.505832777012131,0.0016769883230924876,7891.355140186916,375.80073247951555,1.3441727496080698,-0.504905229123608,1806.3299560546875,12.550000190734863,0.9188984061585082,2967224.0,-0.6494218227653836,1772325.0,-0.8099249668174546,2738200.0,3.1385099096064017,4163658.0,-0.0017393354848804776,4976.0,135921.78230408163,122939.99438399999,3899.460427265366,110.37252233854242,5.833713318173729,185600990.04347214,3956.9168571338487,846.8746557632624,9177.719576967878,0.005074529584974119,0.007675799125511418,12.6899995803833,9.661232483010622
2013-11-26,377.61,382.5,374.82,381.37,2730498,1.255841121495327,370.4185714285714,353.127,2.38576965633842,5.943770032495302,2013,11,330,1,2206,3.759999999999991,7.680000000000007,2.0338444426789564,1.163009320190156,67.17578071730532,11.05157114331638,-0.08132090707220241,7159.708419644964,377.82549689068827,2.442735258375745,1.1017678509359712,1802.8699951171875,12.84000015258789,1.163009320190156,2972200.0,1.751385939266914,1965600.0,-0.33863127423671147,1902847.0,0.4817637452368073,4492700.0,-0.029538464414236465,-241702.0,137209.91805918366,124698.678129,4512.585514979489,122.13722473578332,5.691896853105142,183423334.89704072,4214.737686926568,842.4796814338172,8991.456251306467,-0.0019154645173781182,0.005074529584974119,12.550000190734863,9.5430786253537
2013-11-27,383.5,387.0,382.61,386.71,2269000,1.4002150142905734,373.3514285714286,355.66766666666666,2.3863435103251316,5.957675058118561,2013,11,331,2,2207,3.2099999999999795,4.389999999999986,1.1447196870925649,1.255841121495327,82.66464799394393,11.779183012719216,-0.1690160549467533,5867.445889684777,379.45852545861044,2.5580911696862993,4.6933833717032485,1803.47998046875,12.8100004196167,1.255841121495327,2730498.0,0.9188984061585082,2967224.0,-0.6494218227653836,1772325.0,-0.8099249668174546,2738200.0,0.0005738539867117254,-461498.0,139391.28921632655,126499.48911211111,6833.444027962658,138.74915244713293,5.694635349270872,187566086.29825878,4555.127862848648,848.7452281824822,8215.685830274137,0.0003383412854029988,-0.0019154645173781182,12.84000015258789,9.545374041300533
2013-11-29,389.1,394.1,388.62,393.62,2405985,1.786868712989076,377.4485714285714,358.4293333333333,2.3899978130011816,5.975385976895291,2013,11,333,4,2209,4.519999999999982,5.480000000000018,1.4083783089180206,1.4002150142905734,82.70653979761362,12.766238659542353,0.06037241075363586,6112.456176007317,380.9018086799433,0.1324220353129785,12.58576928474372,1808.68994140625,13.0600004196167,1.4002150142905734,2269000.0,1.163009320190156,2972200.0,1.751385939266914,1965600.0,-0.33863127423671147,1902847.0,0.0036543026760500474,136985.0,142467.4240734694,128471.58699377776,6840.371725294245,162.97684951239373,5.712089546150431,198990694.1549614,5025.046861169061,856.6453227821381,10922.156700424322,0.00288883768820436,0.0003383412854029988,12.8100004196167,9.559991252004693
2013-12-02,399.0,399.0,389.1,392.3,4714800,-0.33534881357654145,381.69571428571425,360.5416666666667,2.2006860844488942,5.972026853215507,2013,12,336,0,2212,-6.699999999999989,9.899999999999977,2.481203007518791,1.786868712989076,79.87708792940433,13.288789509223818,0.9596132145462253,12018.353301045117,382.1962567423303,-4.5729476119369865,14.67669086960666,1806.550048828125,13.90999984741211,1.786868712989076,2405985.0,1.255841121495327,2730498.0,0.9188984061585082,2967224.0,-0.6494218227653836,1772325.0,-0.1893117285522874,2308815.0,145691.6183040816,129990.2934027778,6380.349176081791,176.591926620457,4.8430192422870055,376604494.1695555,5213.192124468504,793.4390286973451,-4030.3405206491907,-0.0011831174205907402,0.00288883768820436,13.0600004196167,8.802744337795616
2013-12-03,390.11,390.95,383.1,384.66,3703940,-1.9474891664542415,383.94428571428574,362.4823333333333,2.2366567191374362,5.952359827227221,2013,12,337,1,2213,-5.449999999999989,7.849999999999966,2.0122529542949334,-0.33534881357654145,76.51320754716983,12.937297559438889,-0.21440145923475018,9629.127021265533,383.37988735120405,-1.7132700602308777,2.9933827090268323,1800.0999755859375,14.739999771118164,-0.33534881357654145,4714800.0,1.4002150142905734,2269000.0,1.163009320190156,2972200.0,1.751385939266914,1965600.0,0.035970634688542,-1010860.0,147413.21453265307,131393.44197877776,5854.270929156286,167.37366814146344,5.00263327926264,283400329.9622642,4976.460879213763,810.7485464186159,-18752.620556326427,-0.00357038170427193,-0.0011831174205907402,13.90999984741211,8.946626876549772
2013-12-04,383.26,389.69,381.49,385.96,2355700,0.33796079654759836,385.89428571428573,364.263,2.2234776257658257,5.955733737152183,2013,12,338,2,2214,2.6999999999999886,8.199999999999989,2.139539738036839,-1.9474891664542415,74.43312520538939,12.618182241978445,-0.3640015766994066,6103.482226137424,384.421603671731,-0.5123986435498722,2.0507949718188456,1793.1500244140625,15.029999732971191,-1.9474891664542415,3703940.0,1.786868712989076,2405985.0,1.255841121495327,2730498.0,0.9188984061585082,2967224.0,-0.013179093371610495,-1348240.0,148914.39974693878,132687.53316899997,5540.290127841173,159.21852309178018,4.943852752281233,175342113.0463358,4870.113618114001,809.930630394337,2062.737714859513,-0.0038608695439888985,-0.00357038170427193,14.739999771118164,8.893910503063353
2013-12-05,386.15,386.65,381.37,384.49,1906400,-0.38086848378069416,387.01571428571424,366.18733333333336,2.189473847368794,5.951917780805149,2013,12,339,3,2215,-1.6599999999999682,5.279999999999973,1.3673442962579239,0.33796079654759836,66.70576735092868,12.107101212720579,-0.19072887039945663,4958.256391583656,385.01212850924867,0.9129204169306356,-1.43504892617932,1792.8199462890625,14.81999969482422,0.33796079654759836,2355700.0,-0.33534881357654145,4714800.0,1.4002150142905734,2269000.0,1.163009320190156,2972200.0,-0.03400377839703195,-449300.0,149781.16310408158,134093.16309377778,4449.659397876223,146.58189977506012,4.793795728311908,127167874.87781043,4655.059345278935,801.7575895710523,-1888.4435940584028,-0.00018407724981506224,-0.0038608695439888985,15.029999732971191,8.757895389475152
2013-12-06,388.35,388.35,383.83,386.95,1986731,0.6398085775962903,387.8128571428571,368.01199999999994,2.1796595982029534,5.9582954857164685,2013,12,340,4,2216,-1.400000000000034,4.520000000000039,1.1638985451268284,-0.38086848378069416,67.14891975308643,11.764948255749573,0.04213753671842224,5134.335185424474,385.0420480592893,1.5731532135027524,0.33479872720795356,1788.3599853515625,13.970000267028809,-0.38086848378069416,1906400.0,-1.9474891664542415,3703940.0,1.786868712989076,2405985.0,1.255841121495327,2730498.0,-0.009814249165840394,80331.0,150398.8121653061,135432.83214399996,4508.977424006441,138.41400746046492,4.75091596403826,133406840.48996916,4552.446727562297,802.1408880538652,3284.991691889018,-0.0024876792266460557,-0.00018407724981506224,14.81999969482422,8.71863839281184
2013-12-09,388.19,388.21,382.57,384.89,2764148,-0.5323685230649966,387.55285714285714,368.72866666666664,1.4049499002587433,5.952957579177967,2013,12,343,0,2219,-3.3000000000000114,5.639999999999986,1.4528967773512935,0.6398085775962903,68.37556472205856,11.198475730991674,0.3913046104379505,7181.6570968328615,385.0121090958757,3.0522909901903805,-3.1744000860661004,1806.2099609375,13.970000267028809,0.6398085775962903,1986731.0,0.33796079654759836,2355700.0,-0.33534881357654145,4714800.0,1.4002150142905734,2269000.0,-0.7747096979442101,777417.0,150197.21707959182,135960.82962177775,4675.217851060418,125.40585869760952,1.9738842222370527,189000180.4753487,4310.181324101385,518.0453034558727,-3823.288181800162,0.009981198266650226,-0.0024876792266460557,13.970000267028809,5.61979960103497
2013-12-10,383.74,389.06,383.02,387.78,2739832,0.7508638831873915,386.71857142857147,369.716,1.3733080384853054,5.960438168502859,2013,12,344,1,2220,4.039999999999964,6.0400000000000205,1.5739823839057747,-0.5323685230649966,71.72754946727552,10.857581579332475,-0.008796924043140919,7065.428851410594,385.15152181544795,1.4304489097080288,1.1980292748439751,1807.5999755859373,14.140000343322754,-0.5323685230649966,2764148.0,-0.38086848378069416,1906400.0,-1.9474891664542415,3703940.0,1.786868712989076,2405985.0,-0.031641861773437974,-24316.0,149551.25348775514,136689.920656,5144.841352580457,117.88707775185988,1.885974968568357,196521435.31202444,4210.3529848335465,507.7339547566332,5305.175343754389,0.0007695753420138285,0.009981198266650226,13.970000267028809,5.493232153941221
2013-12-11,387.71,388.98,382.0,382.19,2449615,-1.441539016968374,385.2742857142857,370.36566666666664,1.39464925292297,5.945917867152002,2013,12,345,2,2221,-5.519999999999982,6.980000000000018,1.8003146681798299,0.7508638831873915,67.58694872714238,10.020840217441844,-0.10592510781682962,6409.4167822287345,385.5686857565215,-3.409779580237265,0.0310938237157643,1802.760009765625,13.979999542236328,0.7508638831873915,2739832.0,0.6398085775962903,1986731.0,0.33796079654759836,2355700.0,-0.33534881357654145,4714800.0,0.02134121443766457,-290217.0,148436.27523265308,137170.72704544442,4567.995638245374,100.4172386634999,1.9450465386785982,165562003.40623888,3829.8649227040983,516.5302003249843,-9239.424367594609,-0.0026775646634668027,0.0007695753420138285,14.140000343322754,5.578597011691841
2013-12-12,381.26,385.0,379.5,381.25,2123426,-0.24595096679661532,384.7871428571429,371.03799999999995,1.3919984262426006,5.943455327921622,2013,12,346,3,2222,-0.009999999999990905,5.5,1.4425851125216387,-1.441539016968374,62.23942823108996,9.176090259066655,-0.13315929237859825,5569.641967213115,386.274146264116,-2.2244094005664037,-2.799736863549583,1781.7099609375,15.4399995803833,-1.441539016968374,2449615.0,-0.5323685230649966,2764148.0,-0.38086848378069416,1906400.0,-1.9474891664542415,3703940.0,-0.0026508266803693115,-326189.0,148061.1453081633,137669.19744399996,3873.7464265329977,84.20063244253795,1.9376596186618769,132160820.13103043,3498.3844112691622,516.484312076202,-1369.858826547068,-0.01167656743775991,-0.0026775646634668027,13.979999542236328,5.567993704970377
2013-12-13,385.32,389.42,383.8,384.24,3024954,0.7842622950819722,384.5414285714286,371.7116666666667,1.3915033785274302,5.951267357356569,2013,12,347,4,2223,-1.079999999999984,5.6200000000000045,1.4585279767466015,-0.24595096679661532,61.937162297378464,8.648196812942842,0.42456294686040397,7872.564022485946,387.19135086272775,-0.621852089703819,-2.3294987730239427,1777.97998046875,15.170000076293944,-0.24595096679661532,2123426.0,0.7508638831873915,2739832.0,0.6398085775962903,1986731.0,0.33796079654759836,2355700.0,-0.0004950477151703936,901528.0,147872.11028775512,138169.56313611113,3836.2120734518003,74.79130811539474,1.9362816524532527,187357066.84010416,3322.983143405158,517.2380400047286,6174.155128454591,-0.002093483535775542,-0.01167656743775991,15.4399995803833,5.566013514109727
2013-12-16,385.03,391.7,385.0,388.97,2256868,1.2310014574224537,385.1814285714286,372.71066666666667,1.3713795576085408,5.96350221982186,2013,12,350,0,2226,3.9400000000000546,6.699999999999989,1.7401241461704255,0.7842622950819722,62.239428231089995,8.51337206953599,-0.2539165884836596,5802.164691364372,388.33023658114263,0.7196171927881007,-0.07985377393072213,1777.47998046875,15.640000343322754,0.7842622950819722,3024954.0,-1.441539016968374,2449615.0,-0.5323685230649966,2764148.0,-0.38086848378069416,1906400.0,-0.020123820918889423,-768086.0,148364.73291632658,138913.2410471111,3873.7464265330022,72.4775039943555,1.880681891026597,140466173.91304362,3311.4463338874143,511.1277891693176,7142.473191274643,-0.0002812180145403964,-0.002093483535775542,15.170000076293944,5.485518230434195
2013-12-17,391.0,391.36,386.5,387.65,2347335,-0.33935779108930086,385.28142857142853,373.6743333333333,1.3745852851218294,5.960102870664968,2013,12,351,1,2227,-3.3500000000000227,4.860000000000014,1.242966751918162,1.2310014574224537,56.686541737649044,8.205422517641296,0.040085197716481336,6055.294724622727,389.8233330054586,0.755782663170576,-2.9291156686292084,1786.469970703125,16.040000915527344,1.2310014574224537,2256868.0,-0.24595096679661532,2123426.0,0.7508638831873915,2739832.0,0.6398085775962903,1986731.0,0.0032057275132886254,90467.0,148441.77920204078,139632.5073921111,3213.364014174227,67.32895869301481,1.8894847060734612,133062303.44974442,3180.832038963648,513.6472400277095,-2054.911442142665,0.0050577167299539205,-0.0002812180145403964,15.640000343322754,5.498341140487355
2013-12-18,389.23,396.3,383.1,395.96,3491201,2.1436863149748575,386.86285714285714,374.90999999999997,1.41562137743949,5.981313196051606,2013,12,352,2,2228,6.729999999999961,13.199999999999989,3.391311050021835,-0.33935779108930086,59.26296815541759,8.533548395585456,0.4873041129621465,8817.054753005354,391.562998075064,3.024292057812108,1.3727098671238878,1781.4599609375,15.949999809265137,-0.33935779108930086,2347335.0,0.7842622950819722,3024954.0,-1.441539016968374,2449615.0,-0.5323685230649966,2764148.0,0.04103609231766048,1143866.0,149662.87023673469,140557.50809999998,3512.099394590039,72.82144821979911,2.0039838842636786,206898933.68716204,3378.9438227160167,530.7306106158392,18900.9996124016,-0.002804418684772547,0.0050577167299539205,16.040000915527344,5.662485509757971
2013-12-19,394.27,397.29,392.6,395.19,2429098,-0.19446408728154285,387.9214285714285,376.2103333333334,1.4043504971293275,5.979366661909846,2013,12,353,3,2229,0.9200000000000159,4.689999999999998,1.1895401628325761,2.1436863149748575,51.79264672299612,8.631954158697397,-0.3042228161598258,6146.6585692957815,393.10685909173606,1.6951232845833073,0.3880176236806392,1809.0,13.59000015258789,2.1436863149748575,3491201.0,1.2310014574224537,2256868.0,-0.24595096679661532,2123426.0,0.7508638831873915,2739832.0,-0.011270880310162434,-1062103.0,150483.03474489792,141534.2149067778,2682.4782545730804,74.51063259785329,1.972200318787389,125809414.56953642,3411.2619639756244,528.3311686418567,-1195.304348509378,0.015459252335936258,-0.002804418684772547,15.949999809265137,5.617401988517258
2013-12-20,396.55,404.72,395.78,402.2,5037682,1.7738303094713803,390.78000000000003,378.16499999999996,1.21842336408118,5.996949477338552,2013,12,354,4,2230,5.649999999999977,8.940000000000055,2.2544445845416856,-0.19446408728154285,60.004042037186736,9.169885122290054,1.0738899789139835,12525.31576330184,394.38995579204317,-2.8673040125808305,10.677348220537624,1810.3900146484373,13.609999656677246,-0.19446408728154285,2429098.0,-0.33935779108930086,2347335.0,0.7842622950819722,3024954.0,-1.441539016968374,2449615.0,-0.18592713304814756,2608584.0,152709.00840000002,143008.76722499996,3600.485060800473,84.08679315599649,1.4845554941388994,302281282.4979789,3688.1277961850597,460.76507147775936,22217.784736644462,0.0007683884181521883,0.015459252335936258,13.59000015258789,4.873693456324759
2013-12-23,403.69,405.0,399.2,402.92,2659505,0.17901541521632147,393.8757142857143,379.91866666666664,1.1893813366623447,5.99873803107448,2013,12,357,0,2233,-0.7699999999999818,5.800000000000011,1.4367460179840994,1.7738303094713803,71.45206766917295,9.544276787528815,-0.47207763411823134,6600.578278566464,395.40225061909166,-2.159047433001749,9.67679681391013,1822.9200439453125,13.369999885559082,1.7738303094713803,5037682.0,2.1436863149748575,3491201.0,1.2310014574224537,2256868.0,-0.24595096679661532,2123426.0,-0.029042027418835215,-2378177.0,155138.07830408166,144338.19328177776,5105.39797420007,91.09321939696136,1.4146279640007058,190027131.2265038,3845.5800032311104,451.8681715829757,1181.605261205408,0.006921176760527281,0.0007683884181521883,13.609999656677246,4.757525346649345
2013-12-24,402.52,403.72,396.37,399.2,1380373,-0.9232602005360913,396.0128571428572,381.4126666666667,1.2085862706032844,5.989462544437309,2013,12,358,1,2234,-3.319999999999993,7.350000000000023,1.825996223790128,0.17901541521632147,64.71765228990662,9.432084766989021,-0.4809661948370092,3457.8481963927857,396.37509170098525,-1.3528056228190015,4.1777139218337425,1828.02001953125,12.850000381469728,0.17901541521632147,2659505.0,-0.19446408728154285,2429098.0,-0.33935779108930086,2347335.0,0.7842622950819722,3024954.0,0.019204933940939695,-1279132.0,156826.183022449,145475.62229377782,4188.3745179172565,88.96422305166634,1.4606807734907554,89334499.84437528,3765.288238982017,460.97011236752036,-3192.4936192249647,0.002797695709626291,0.006921176760527281,13.369999885559082,4.834345082413165
2013-12-26,401.79,404.52,396.81,404.39,1869140,1.300100200400811,398.2157142857142,383.24133333333333,1.1711924019060411,6.0023797588484875,2013,12,360,3,2236,2.599999999999966,7.7099999999999795,1.9189128649294354,-0.9232602005360913,70.43121149897327,9.650713984321214,0.3540832803887066,4622.122208758871,397.3111409839095,0.7095106000362151,6.369348416054265,1834.9599609375,12.479999542236328,-0.9232602005360913,1380373.0,1.7738303094713803,5037682.0,2.1436863149748575,3491201.0,1.2310014574224537,2256868.0,-0.03739386869724326,488767.0,158575.7551040816,146873.9195751111,4960.555553213105,93.13628040717305,1.3716916422824417,131645794.6611909,3902.652228119656,448.8493376963404,6009.222009884448,0.0037964252754898453,0.002797695709626291,12.850000381469728,4.684769607624162
2013-12-27,404.65,405.63,396.25,398.08,1987106,-1.5603748856302113,399.7057142857143,384.63666666666666,1.1973963129291503,5.98665299011076,2013,12,361,4,2237,-6.569999999999993,9.379999999999995,2.3180526380822926,1.300100200400811,60.58991436726925,9.20866321175447,0.0631124474357192,4991.725281350483,398.1230247675396,1.286989683277268,-1.3300144508169183,1842.969970703125,12.210000038146973,1.300100200400811,1869140.0,0.17901541521632147,2659505.0,-0.19446408728154285,2429098.0,-0.33935779108930086,2347335.0,0.02620391102310915,117966.0,159764.65803265307,147945.36534444444,3671.137723033021,84.79947814752015,1.4337579302163235,120398582.37868693,3665.784651335219,460.5625264840252,-7788.962764984694,0.00436522318532373,0.0037964252754898453,12.479999542236328,4.78958525171663
2013-12-30,399.41,399.92,392.45,393.37,2486905,-1.1831792604501512,399.3357142857143,385.5023333333333,1.1106492209607368,5.974750644785838,2013,12,364,0,2240,-6.0400000000000205,7.470000000000027,1.8702586314814418,-1.5603748856302113,57.681159420289866,8.38165860975198,0.2515210562496415,6322.0504868190255,398.57653945675247,3.4459092859418043,-8.652448742694276,1841.469970703125,12.869999885559082,-1.5603748856302113,1987106.0,-0.9232602005360913,1380373.0,1.7738303094713803,5037682.0,2.1436863149748575,3491201.0,-0.08674709196841346,499799.0,159469.01270408163,148612.04900544442,3327.1161520688943,70.2522010504295,1.2335416920206916,143447563.76811597,3297.0930473181365,428.15786619521293,-7480.119019523053,-0.0008139036575988134,0.00436522318532373,12.210000038146973,4.442596883842953
2013-12-31,394.58,398.83,393.8,398.79,1996507,1.3778376592012753,399.84999999999997,386.4896666666666,1.129435943171639,5.988434962547617,2013,12,365,1,2241,4.210000000000036,5.029999999999973,1.2747731765421393,-1.1831792604501512,59.53576996362379,8.070567726590468,-0.1971920921788327,5006.411895985356,398.4028415518758,0.8476979635938705,-0.4605395154696339,1842.6099853515625,13.43000030517578,-1.1831792604501512,2486905.0,1.300100200400811,1869140.0,0.17901541521632147,2659505.0,-0.19446408728154285,2429098.0,0.018786722210902163,-490398.0,159880.02249999996,149374.26244011105,3544.507905161529,65.13406342948365,1.2756255497280098,118863581.48276465,3218.461703687013,436.51532119775896,6898.022847761881,0.0006190785983886116,-0.0008139036575988134,12.869999885559082,4.517743772686572
2014-01-02,398.8,399.36,394.02,397.97,2140046,-0.20562200656987217,399.2457142857143,387.5493333333334,1.1149223590264739,5.986376625559036,2014,1,2,3,2243,-0.8299999999999841,5.340000000000032,1.3390170511534683,1.3778376592012753,64.89803625377644,7.669450165975718,0.07189506473055185,5377.405332060205,398.12860774773617,-3.4268704839979347,3.2682627362618177,1845.8599853515625,14.31999969482422,1.3778376592012753,1996507.0,-1.5603748856302113,1987106.0,-0.9232602005360913,1380373.0,1.7738303094713803,5037682.0,-0.014513584145165126,143539.0,159397.14037551024,150194.48576711115,4211.755109596481,58.82046584838497,1.2430518666571575,138884782.89274925,3052.211082553357,432.08741695913733,-1105.7128745177492,0.0017638024464412538,0.0006190785983886116,13.43000030517578,4.4596894361059185
2014-01-03,398.29,402.71,396.22,396.44,2212891,-0.3844510892780928,398.32000000000005,388.59933333333333,1.1158355652839018,5.982524705538507,2014,1,3,4,2244,-1.8500000000000227,6.489999999999952,1.629465967008951,-0.20562200656987217,64.18300653594767,7.145731847363265,0.03403898794698801,5581.906467561295,397.95670777409885,-1.7896734830921286,0.2729657089932971,1833.2099609375,14.0600004196167,-0.20562200656987217,2140046.0,-1.1831792604501512,2486905.0,1.300100200400811,1869140.0,0.17901541521632147,2659505.0,0.0009132062574279676,72845.0,158658.82240000003,151009.4418671111,4119.458327993501,51.06148363442163,1.2450890087524447,142029997.51633978,2832.853933568693,433.61295677894736,-2145.970021702371,-0.006853187410990502,0.0017638024464412538,14.31999969482422,4.463342261135608
2014-01-06,395.85,397.0,388.42,393.63,3172058,-0.7088083947129453,397.5242857142857,389.6346666666667,1.1175968903459395,5.975411381785734,2014,1,6,0,2247,-2.2200000000000273,8.579999999999984,2.1674876847290596,-0.3844510892780928,58.79707700955589,6.429818841642884,0.4334452081010769,8058.476234026878,397.8598549193721,-1.6633458127258665,-2.5665091066462082,1832.31005859375,13.40999984741211,-0.3844510892780928,2212891.0,1.3778376592012753,1996507.0,-1.5603748856302113,1987106.0,-0.9232602005360913,1380373.0,0.001761325062037633,959167.0,158025.55773265308,151815.17346844447,3457.096264867646,41.342570336345844,1.249022809310914,186507738.50477785,2530.9695906358884,435.4544918376434,-5711.9156032730125,-0.0004908888577551673,-0.006853187410990502,14.0600004196167,4.470387561383745
2014-01-07,395.04,398.47,394.29,398.03,1916210,1.1178009806163125,396.61571428571426,390.60499999999996,1.0945901490621641,5.986527379328165,2014,1,7,1,2248,2.9899999999999523,4.180000000000007,1.0581206966383168,-0.7088083947129453,58.54072398190039,6.146641200789077,-0.395909532549531,4814.235107906439,397.7764201772501,1.060064633477599,-0.8064848107277385,1828.7099609375,12.380000114440918,-0.7088083947129453,3172058.0,-0.20562200656987217,2140046.0,-1.1831792604501512,2486905.0,1.300100200400811,1869140.0,-0.023006741283775334,-1255848.0,157304.02481836732,152572.26602499996,3427.0163643250476,37.78119805123778,1.1981275944239307,112176320.70135735,2446.547597150076,427.55238517442655,5381.356724535297,-0.0019647862758626067,-0.0004908888577551673,13.40999984741211,4.378360596248626
2014-01-08,398.47,403.0,396.04,401.92,2316680,0.9773132678441376,397.1642857142857,391.5919999999999,1.0958552588952968,5.996253063839779,2014,1,8,2,2249,3.4499999999999886,6.9599999999999795,1.7466810550355056,1.1178009806163125,62.83042618234133,6.165044573900275,0.2089906638625203,5764.032643312102,397.67174729807743,3.2302580756447927,1.0179946262778117,1837.9000244140625,13.039999961853027,1.1178009806163125,1916210.0,-0.3844510892780928,2212891.0,1.3778376592012753,1996507.0,-1.5603748856302113,1987106.0,0.0012651098331326605,400470.0,157739.46984693877,153344.29446399995,3947.6624542546424,38.00777459817722,1.2008987484484779,145557991.7281065,2477.8547151419984,429.128152541327,5633.265578595633,0.005025435237336007,-0.0019647862758626067,12.380000114440918,4.3834210355811365
2014-01-09,403.71,406.89,398.44,401.01,2103505,-0.22641321656051705,398.2557142857143,392.4043333333333,1.085742258152419,5.993986364651492,2014,1,9,3,2250,-2.6999999999999886,8.449999999999989,2.0930866215847983,0.9773132678441376,55.23750259282307,6.036613660253522,-0.09201745601464162,5245.517568140445,397.5388000152303,3.633430670001825,-0.1622306852321458,1839.0,12.829999923706056,0.9773132678441376,2316680.0,-0.7088083947129453,3172058.0,-0.20562200656987217,2140046.0,-1.1831792604501512,2486905.0,-0.010113000742877798,-213175.0,158607.6139612245,153981.16081877775,3051.1816926921356,36.44070448315942,1.178836251137914,116192362.8915163,2420.742443898265,426.04996698212784,-1187.6545051273795,0.0005984958764491122,0.005025435237336007,13.039999961853027,4.342969032609631
2014-01-10,402.53,403.76,393.8,397.66,2679618,-0.8353906386374343,398.0942857142858,392.94733333333335,1.083735808053868,5.985597368829935,2014,1,10,4,2251,-4.869999999999948,9.95999999999998,2.474349737907729,-0.22641321656051705,52.431581019885826,5.599961364259627,0.2738824010401686,6738.465020369159,397.3870337109352,0.2788149951350623,-0.005848706070253229,1840.06005859375,12.600000381469728,-0.22641321656051705,2103505.0,1.1178009806163125,1916210.0,-0.3844510892780928,2212891.0,1.3778376592012753,1996507.0,-0.002006450098551049,576113.0,158479.06031836738,154407.60677377778,2749.0706882448517,31.359567281200547,1.1744833016581702,140496608.26934442,2226.8806361114835,425.8510958126126,-5629.250596802204,0.0005764320792549515,0.0005984958764491122,12.829999923706056,4.334943232215437
2014-01-13,397.98,399.78,388.45,390.98,2845556,-1.6798269878790961,397.0957142857143,393.0896666666667,1.1063981412663262,5.968656407781974,2014,1,13,0,2254,-7.0,11.329999999999984,2.846876727473738,-0.8353906386374343,38.88228299643286,4.661160148147417,0.061925990943485276,7278.00910532508,397.2416056794996,-6.056167648370859,-0.20543803112877868,1841.260009765625,12.18000030517578,-0.8353906386374343,2679618.0,0.9773132678441376,2316680.0,-0.7088083947129453,3172058.0,-0.20562200656987217,2140046.0,0.022662333212458252,165938.0,157685.00630408162,154519.48604011114,1511.8319310146921,21.726413926677647,1.2241168469975814,110641713.67419751,1822.420394722677,434.91367655099975,-12225.796113154864,0.00065212609027121,0.0005764320792549515,12.600000381469728,4.425592565065358
2014-01-14,392.13,398.63,391.29,397.54,2340147,1.6778351833853344,397.2528571428571,393.2203333333334,1.100634548427528,5.985295557962453,2014,1,14,1,2255,5.410000000000025,7.339999999999975,1.8718282202330798,-1.6798269878790961,45.22202486678509,4.395818338963863,-0.1776134435590092,5886.569904915228,397.02537808960204,-1.2061055868426023,1.7207274972406026,1821.3599853515625,12.890000343322754,-1.6798269878790961,2845556.0,-0.22641321656051705,2103505.0,1.1178009806163125,1916210.0,-0.3844510892780928,2212891.0,-0.005763592838798237,-505409.0,157809.83250816326,154622.2305467778,2045.0315330521291,19.32321886917102,1.2113964091922684,105826185.82593253,1747.5136224716944,432.79188401085537,9876.694095924033,-0.010807829588714957,0.00065212609027121,12.18000030517578,4.402538193710143
2014-01-15,398.94,399.31,392.53,395.87,2678555,-0.42008351360869334,397.5728571428572,393.33933333333334,1.101736215720208,5.981085874529594,2014,1,15,2,2256,-3.069999999999993,6.78000000000003,1.6995036847646336,1.6778351833853344,46.93087557603688,4.004615288019863,0.1446097189620994,6766.249021143304,396.5995011227977,-2.5021799733065926,1.7726788505088962,1840.52001953125,12.149999618530272,1.6778351833853344,2340147.0,-0.8353906386374343,2679618.0,0.9773132678441376,2316680.0,-0.7088083947129453,3172058.0,0.0011016672926800197,338408.0,158064.17673673472,154715.8311471111,2202.5070823334554,16.036943605042413,1.2138226890294845,125706931.42857148,1585.3070540684232,433.35618860057616,-2842.3896627532613,0.010519630569345795,-0.010807829588714957,12.890000343322754,4.406944862880778
2014-01-16,393.68,399.29,389.41,395.8,2602111,-0.0176825725616947,397.25428571428574,393.71066666666667,1.0363252674339243,5.980909033168466,2014,1,16,3,2257,2.1200000000000045,9.879999999999995,2.5096525096525086,-0.42008351360869334,41.257887237940196,3.646896484140484,-0.028539268374179416,6574.307731177362,395.67851365767723,0.8092686619228235,-0.6877823196000463,1847.989990234375,12.31999969482422,-0.42008351360869334,2678555.0,-1.6798269878790961,2845556.0,-0.22641321656051705,2103505.0,1.1178009806163125,1916210.0,-0.06541094828628369,-76444.0,157810.96751836737,155008.0890471111,1702.2132593385884,13.299853966036224,1.0739700599219946,107357602.2186038,1443.4416284228037,408.01231192492196,-116.25067349945415,0.004058619642196337,0.010519630569345795,12.149999618530272,4.145301069735751
2014-01-17,394.26,403.49,393.66,399.61,4508341,0.9626073774633648,396.92428571428576,394.1656666666667,1.0474781802023965,5.990489071486302,2014,1,17,4,2258,5.350000000000023,9.829999999999984,2.493278547151622,-0.0176825725616947,51.64057473729362,3.6290040140453357,0.7325705936449292,11281.852305998347,394.56882918763387,4.26799660597761,0.7731742063885463,1844.22998046875,12.34000015258789,-0.0176825725616947,2602111.0,1.6778351833853344,2340147.0,-0.8353906386374343,2679618.0,0.9773132678441376,2316680.0,0.01115291276847219,1906230.0,157548.88858979594,155366.5727787778,2666.748959198008,13.169670133957158,1.0972105380001242,232813320.35170504,1450.1862940526566,412.87993521826445,10859.994261206084,-0.002034648339814926,0.004058619642196337,12.31999969482422,4.189912720809616
2014-01-21,402.81,407.8,401.6,407.05,3122240,1.861815269888134,397.7871428571429,394.9176666666666,1.0895913813935423,6.008936028019987,2014,1,21,1,2262,4.240000000000009,6.199999999999989,1.5391872098507953,0.9626073774633648,63.857374392220414,4.167133799423311,-0.30745256403630516,7670.4090406583955,393.64378499105044,3.5929041164466717,9.813310892502898,1841.050048828125,12.630000114440918,0.9626073774633648,4508341.0,-0.42008351360869334,2678555.0,-1.6798269878790961,2845556.0,-0.22641321656051705,2103505.0,0.04211320119114581,-1386101.0,158234.611022449,155959.9634454444,4077.7642642682076,17.36500410229616,1.1872093784070876,199378048.62236628,1696.231813055259,430.29888596004776,14280.884678185794,-0.0017242598126600006,-0.002034648339814926,12.34000015258789,4.358365525574186
2014-01-22,408.0,408.06,402.0,404.54,2068166,-0.6166318634074464,398.77,395.504,1.0960709092617722,6.002750619124949,2014,1,22,2,2263,-3.4599999999999795,6.060000000000002,1.4852941176470593,1.861815269888134,56.18945102260494,4.3410288301390665,-0.3376018499538793,5112.3893805309735,392.7466194787438,1.948444066566348,9.844936454689844,1844.7099609375,12.56999969482422,1.861815269888134,3122240.0,-0.0176825725616947,2602111.0,1.6778351833853344,2340147.0,-0.8353906386374343,2679618.0,0.006479527868229917,-1054074.0,159017.51289999997,156423.41401600002,3157.2544062217194,18.844531304098552,1.201371438129928,116209112.16361678,1756.1198029444581,433.500428896668,-3152.4621901812548,0.0019879481884290673,-0.0017242598126600006,12.630000114440918,4.384283637047133
2014-01-23,401.0,406.17,397.79,399.87,3025785,-1.1543975873832046,400.03999999999996,396.00333333333333,1.1152204546986229,5.991139494284036,2014,1,23,3,2264,-1.1299999999999955,8.379999999999995,2.0897755610972557,-0.6166318634074464,51.88866799204769,4.055265349017361,0.46302811283040146,7566.92174956861,391.83398950809135,-6.217580750795938,14.253591242704601,1842.2900390625,13.670000076293944,-0.6166318634074464,2068166.0,0.9626073774633648,4508341.0,-0.42008351360869334,2678555.0,-1.6798269878790961,2845556.0,0.019149545436850657,957619.0,160032.00159999996,156818.6400111111,2692.433865988954,16.4451770509409,1.243716662578203,157003953.28031802,1621.5789551115722,441.6310174621703,-8735.236211619502,-0.0013118169935886215,0.0019879481884290673,12.56999969482422,4.460881818794519
2014-01-24,398.16,400.2,387.27,387.6,4507597,-3.068497261610015,398.62,395.99733333333336,1.2519232666488016,5.959973880016611,2014,1,24,4,2265,-10.560000000000002,12.930000000000007,3.2474382157926476,-1.1543975873832046,42.758846657929254,2.80635931282211,0.48972812014072375,11629.507223942208,390.9729818172034,-1.3505631376137586,-2.0224186795896344,1826.9599609375,14.949999809265137,-1.1543975873832046,3025785.0,1.861815269888134,3122240.0,-0.0176825725616947,2602111.0,1.6778351833853344,2340147.0,0.13670281195017875,1481812.0,158897.9044,156813.88800711112,1828.3189675163078,7.875652592663386,1.5673118655766063,192739648.91874194,1087.74486964985,495.7582751308811,-35685.11107054055,-0.008321207735998537,-0.0013118169935886215,13.670000076293944,5.007693066595152
2014-01-27,390.5,394.1,380.49,386.28,3942642,-0.3405572755418085,397.25,396.13366666666667,1.2238475970405807,5.956562495098717,2014,1,27,0,2268,-4.220000000000027,13.610000000000014,3.4852752880921933,-3.068497261610015,43.82871536523928,1.6905912296169845,-0.12533396397237817,10206.694625660144,390.66740587826257,-2.2299236793872312,-2.157482198875357,1791.030029296875,17.290000915527344,-3.068497261610015,4507597.0,-0.6166318634074464,2068166.0,0.9626073774633648,4508341.0,-0.42008351360869334,2678555.0,-0.028075669608220943,-564955.0,157807.5625,156921.88186677778,1920.9562905671621,2.8580987056578677,1.4978029407820035,172800934.00503772,653.0415801764487,484.8072360568744,-3475.9641140020376,-0.019666512900582522,-0.008321207735998537,14.949999809265137,4.895390388162355
2014-01-28,387.4,394.74,387.12,394.43,2896827,2.1098684891788455,397.05428571428575,396.57300000000004,1.279021362307553,5.977441684744414,2014,1,28,1,2269,7.03000000000003,7.6200000000000045,1.9669592152813644,-0.3405572755418085,47.156398104265435,1.4472904096743946,-0.2652574086107742,7344.337398270923,390.2016232292902,-0.3781280344802911,4.606504805190127,1783.0,17.270000457763672,-0.3405572755418085,3942642.0,-1.1543975873832046,3025785.0,1.861815269888134,3122240.0,-0.0176825725616947,2602111.0,0.055173765266972374,-1045815.0,157652.10580408166,157270.14432900003,2223.725882167969,2.094649529935477,1.635895645239069,136603927.25118494,570.8547562878715,507.2253387143933,15495.586050509564,-0.004483469939377538,-0.019666512900582522,17.290000915527344,5.116085449230241
2014-01-29,392.16,392.85,383.24,384.2,3388959,-2.593616104251706,394.8528571428572,396.57166666666666,1.364471074167111,5.9511632503344565,2014,1,29,2,2270,-7.960000000000036,9.610000000000014,2.4505303957568376,2.1098684891788455,37.27742676622631,0.4241083950791449,0.16988656899428234,8820.819885476314,389.3810978146475,4.283917706023222,-9.465015520670704,1790.1500244140625,17.950000762939453,2.1098684891788455,2896827.0,-3.068497261610015,4507597.0,-0.6166318634074464,2068166.0,0.9626073774633648,4508341.0,0.08544971185955808,492132.0,155908.7787938776,157269.08680277778,1389.606546311366,0.17986793077660804,1.86178131223875,126331670.93624356,162.94244538940745,541.1105680009082,-22877.820507675056,0.0040101090376121196,-0.004483469939377538,17.270000457763672,5.457884296668453
2014-01-30,393.77,406.25,387.7,403.01,10794857,4.89588755856325,394.27571428571434,397.0396666666667,1.6181593098587774,5.998961375534605,2014,1,30,3,2271,9.240000000000009,18.55000000000001,4.710871828732512,-2.593616104251706,51.14233493260224,1.1181497409651229,2.185301740150884,26785.581002952782,378.41154911116354,3.5555185330633274,21.042932355773132,1777.1700439453125,16.3700008392334,-2.593616104251706,3388959.0,-0.3405572755418085,3942642.0,-1.1543975873832046,3025785.0,1.861815269888134,3122240.0,0.2536882356916663,7405898.0,155453.33887551026,157640.4969067778,2615.5384223584674,1.2502588432203714,2.6184395520826347,552074192.2435458,450.6255271063542,642.4734329998923,131139.19278124467,-0.007250778030739924,0.0040101090376121196,17.950000762939453,6.47263723943513
2014-01-31,372.2,375.45,357.76,358.69,16173786,-10.997245725912508,387.7257142857143,396.07433333333336,2.598152171518234,5.882458505699668,2014,1,31,4,2272,-13.509999999999991,17.689999999999998,4.752821063944116,4.89588755856325,34.837755816667965,-1.8863266944912311,0.4982862672474495,45091.26543812206,374.8536909284396,3.1223503369026,-19.28604126534225,1790.8800048828125,18.709999084472656,4.89588755856325,10794857.0,2.1098684891788455,2896827.0,-3.068497261610015,4507597.0,-0.6166318634074464,2068166.0,0.9799928616594566,5378929.0,150331.22951836733,156874.87752544446,1213.6692303417826,3.5582283983502143,6.750394706364915,563458407.2990429,-676.6065220470597,1029.0613892326369,-495879.7261153742,0.007714490227994197,-0.007250778030739924,16.3700008392334,10.39260868607289
2014-02-03,358.94,360.85,340.1,346.15,10286809,-3.496055089352934,380.0514285714286,394.414,2.624794099062267,5.846872207124035,2014,2,34,0,2275,-12.79000000000002,20.75,5.780910458572464,-10.997245725912508,33.31844905856963,-5.219106503529815,-0.3639826197774596,29717.778419760223,371.9726615871747,-7.098580581455494,-18.7240810057192,1782.6800537109375,18.56999969482422,-10.997245725912508,16173786.0,-2.593616104251706,3388959.0,-0.3405572755418085,3942642.0,-1.1543975873832046,3025785.0,0.02664192754403283,-5886977.0,144439.08835918366,155562.40339599998,1110.1190476684992,27.239072695187215,6.889544062472098,342740521.64173555,-1806.5937161968454,1035.2555397875449,-103894.99048866553,-0.004578727301392527,0.007714490227994197,18.709999084472656,10.499176396249027
2014-02-04,349.52,354.0,344.02,347.95,4819605,0.5200057778419698,374.38714285714286,392.83933333333334,2.6300758969215723,5.852058791290859,2014,2,35,1,2276,-1.5699999999999932,9.980000000000018,2.8553444724193233,-3.496055089352934,30.8695316719389,-7.62719203478764,-0.5314771568131575,13851.429803132634,367.72778716624293,-1.1011215494404116,-18.676665616802552,1743.8199462890625,19.989999771118164,-3.496055089352934,10286809.0,4.89588755856325,10794857.0,2.1098684891788455,2896827.0,-3.068497261610015,4507597.0,0.005281797859305382,-5467204.0,140165.7327367347,154322.74181377777,952.9279856448389,58.174058335528024,6.917299223567813,148778949.1937351,-2653.8814685043594,1033.1972619627393,7202.823529001428,-0.021798699851373393,-0.004578727301392527,18.56999969482422,10.520303587686271
2014-02-05,345.79,349.37,337.73,346.45,4437777,-0.43109642189970154,368.69714285714286,390.981,2.5981777165598925,5.84773850807339,2014,2,36,2,2277,0.6599999999999682,11.639999999999986,3.366204922062519,0.5200057778419698,30.910074165636587,-9.546607285376695,-0.07922391980255639,12809.285611199308,357.20697596111074,-1.4976857277298463,-9.25929023338091,1753.3800048828125,19.59000015258789,0.5200057778419698,4819605.0,-10.997245725912508,16173786.0,-2.593616104251706,3388959.0,-0.3405572755418085,3942642.0,-0.031898180361679795,-381828.0,135937.5831510204,152866.142361,955.4326849251544,91.13771066120738,6.750527446828377,137172016.20055625,-3307.4220940187556,1015.8381217983033,-5522.037194079353,0.005482250970975766,-0.021798699851373393,19.989999771118164,10.392710866239554
2014-02-06,347.93,354.82,347.4,354.59,3340099,2.349545388945007,363.0057142857143,389.37,2.6464197783597716,5.8709621924528355,2014,2,37,3,2278,6.659999999999968,7.420000000000016,2.1326128819015366,-0.43109642189970154,35.01563522652897,-10.292284677885164,-0.24734861621032334,9419.608562001185,357.0503555016891,-0.976634398651235,-1.483721103037908,1752.989990234375,19.09000015258789,-0.43109642189970154,4437777.0,-3.496055089352934,10286809.0,4.89588755856325,10794857.0,2.1098684891788455,2896827.0,0.04824206179987911,-1097678.0,131773.14860408165,151608.9969,1226.0947103173366,105.9311238906297,7.003537643293782,116955688.2044942,-3649.5412239313,1030.4364690999444,22131.797862516793,-0.00022243589373172057,0.005482250970975766,19.59000015258789,10.585679113439141
2014-02-07,358.98,361.8,352.49,361.08,4346552,1.830282861896837,359.70285714285717,388.09933333333333,2.6748753403511127,5.889099540429954,2014,2,38,4,2279,2.099999999999966,9.310000000000002,2.593459245640426,2.349545388945007,36.25793565874884,-10.241493065999975,0.30132430206410055,12037.642627672538,357.1167545216421,3.3020031451670544,0.6612423331907848,1776.010009765625,16.149999618530273,2.349545388945007,3340099.0,0.5200057778419698,4819605.0,-10.997245725912508,16173786.0,-2.593616104251706,3388959.0,0.02845556199134114,1006453.0,129386.14543673472,150621.0925337778,1314.6378982339709,104.88818022092558,7.154958086418481,157597002.7534061,-3697.998316271271,1038.1173363400399,22032.290999067853,0.013131860227092451,-0.00022243589373172057,19.09000015258789,10.699501361404486
2014-02-10,361.61,365.0,359.35,360.87,3449710,-0.05815885676303534,353.68285714285713,386.6486666666667,2.6583374133007087,5.888517782674091,2014,2,41,0,2282,-0.7400000000000091,5.649999999999977,1.5624567904648592,1.830282861896837,32.63387484957883,-10.101739033143986,-0.20633412415174146,9559.42583201707,357.1193899279617,3.708302414621124,0.04230765741715459,1796.199951171875,15.630000114440918,1.830282861896837,4346552.0,-0.43109642189970154,4437777.0,-3.496055089352934,10286809.0,4.89588755856325,10794857.0,-0.016537927050404022,-896842.0,125091.56343673468,149497.19143511113,1064.9697876979737,102.04513149374479,7.066757802954303,112577404.40734059,-3645.41456489067,1027.8426164028347,-555.9652777011407,0.011368146178925231,0.013131860227092451,16.149999618530273,10.6333496532028
2014-02-11,361.84,363.61,356.25,361.79,3224351,0.2549394518801762,354.1257142857143,385.439,2.6503255677540847,5.891063932999336,2014,2,42,1,2283,-0.049999999999954525,7.360000000000014,2.0340481980986107,-0.05815885676303534,33.72916190911168,-9.803735286226754,-0.06532694052543542,8912.217031979877,357.0969278216981,4.70037550631922,-0.007303328017314925,1800.449951171875,15.289999961853027,-0.05815885676303534,3449710.0,2.349545388945007,3340099.0,0.5200057778419698,4819605.0,-10.997245725912508,16173786.0,-0.008011845546624041,-225359.0,125405.02151836736,148563.22272100003,1137.6563630910703,96.11322556240758,7.024225615091011,108754656.93080616,-3546.8933892039777,1021.5388365095667,2272.0757251701207,0.002366106288571812,0.011368146178925231,15.630000114440918,10.60130227101638
2014-02-12,356.43,357.75,346.32,349.25,6594798,-3.466099118273036,354.56857142857143,383.9683333333333,2.709191490628496,5.855787998137071,2014,2,43,2,2284,-7.180000000000007,11.430000000000007,3.206800774345596,0.2549394518801762,31.822752082734866,-10.458874968428631,1.0453102035107218,18882.743020758768,357.0787781926542,-8.587806870349715,0.7590286776954827,1820.1199951171875,14.3100004196167,0.2549394518801762,3224351.0,1.830282861896837,4346552.0,-0.43109642189970154,4437777.0,-3.496055089352934,10286809.0,0.0588659228744115,3370447.0,125718.87184489796,147431.68100277777,1012.6875501192062,109.388065605223,7.339718532893853,209864621.78971574,-3652.7620827236997,1040.2437413374726,-65449.45893482829,0.010925071220396765,0.002366106288571812,15.289999961853027,10.836765962513937
2014-02-13,347.7,357.2,346.5,357.2,4180370,2.2763063707945674,355.88999999999993,382.58200000000005,2.733904988229065,5.878295849002344,2014,2,44,3,2285,9.5,10.699999999999989,3.077365545010063,-3.466099118273036,38.73406463089238,-10.218783551710146,-0.3661109862652351,11703.163493840986,357.05938080931213,-0.22283164982204914,0.3634508405099268,1814.8199462890625,15.239999771118164,-3.466099118273036,6594798.0,-0.05815885676303534,3449710.0,2.349545388945007,3340099.0,0.5200057778419698,4819605.0,0.024713497600568957,-2414428.0,126657.69209999996,146368.98672400005,1500.3277628301478,104.42353727670184,7.474236484663765,161922721.76104358,-3650.1494846708642,1045.9428382066524,26639.985619480645,-0.0029119227536335,0.010925071220396765,14.3100004196167,10.935619952916227
2014-02-14,359.34,359.34,353.35,357.35,3524262,0.04199328107503675,357.44714285714286,381.228,2.7346636252849126,5.878715693665988,2014,2,45,4,2286,-1.9899999999999523,5.989999999999952,1.6669449546390473,2.2763063707945674,39.18504672897199,-9.902258555116305,-0.15694974368297543,9862.213516160626,356.71626203041546,-0.3760616631857923,1.0097996327703527,1828.4599609375,14.210000038146973,2.2763063707945674,4180370.0,0.2549394518801762,3224351.0,1.830282861896837,4346552.0,-0.43109642189970154,4437777.0,0.0007586370558474442,-656108.0,127768.4599367347,145334.787984,1535.4678871517185,98.05472449237405,7.47838514345642,138098371.15514028,-3538.5720946708116,1042.5303445401166,414.1467042061596,0.007515905187359451,-0.0029119227536335,15.239999771118164,10.938654501139695
2014-02-18,355.28,355.73,349.45,353.65,4999925,-1.0353994683083956,357.31285714285707,379.8016666666667,2.7377682255473887,5.8683077234819985,2014,2,49,1,2290,-1.6299999999999955,6.28000000000003,1.7676199054267143,0.04199328107503675,34.23047177107502,-9.8365793292366,0.4187154644007738,14138.060229040013,356.67751162915687,-1.2960047020806935,-1.731506927076225,1839.030029296875,13.949999809265137,0.04199328107503675,3524262.0,-3.466099118273036,6594798.0,-0.05815885676303534,3449710.0,2.349545388945007,3340099.0,0.003104600262476165,1475663.0,127672.47787959178,144249.3060027778,1171.7251976703635,96.75829290036475,7.495374856816897,171149791.56999224,-3478.7062797845233,1039.8089350099408,-14638.540044060102,0.005780858528592336,0.007515905187359451,14.210000038146973,10.951072902189594
2014-02-19,352.64,354.54,346.1,347.38,4174567,-1.7729393468118193,355.35571428571427,378.26,2.749548375007493,5.850419281625866,2014,2,50,2,2291,-5.259999999999991,8.439999999999998,2.3933756805807613,-1.0353994683083956,35.31195149194194,-10.173194416319575,-0.16507407611114167,12017.2923023778,356.82033002822834,2.0093245838832328,-11.449654612111601,1838.9000244140625,14.850000381469728,-1.0353994683083956,4999925.0,2.2763063707945674,4180370.0,0.2549394518801762,3224351.0,1.830282861896837,4346552.0,0.011780149460104195,-825358.0,126277.6836755102,143080.6276,1246.9339181692606,103.49388463223578,7.560016266506345,147412107.40386158,-3533.964276341094,1040.0441683303343,-21305.9303650244,-7.069209351751038e-05,0.005780858528592336,13.949999809265137,10.99819350002997
2014-02-20,348.8,350.46,344.38,349.8,3495714,0.6966434452184922,353.7742857142857,376.6523333333334,2.7427155483218373,5.857361562584502,2014,2,51,3,2292,1.0,6.079999999999984,1.7431192660550412,-1.7729393468118193,25.580541532813243,-10.127941912851043,-0.1626163863222222,9993.464837049742,357.08086477156,0.9310572380887864,-8.211922009648788,1829.239990234375,15.279999732971191,-1.7729393468118193,4174567.0,0.04199328107503675,3524262.0,-3.466099118273036,6594798.0,-0.05815885676303534,3449710.0,-0.006832826685655657,-678853.0,125156.24523265306,141866.98020544447,654.3641051119832,102.57520739008484,7.522488579006357,89422257.16383672,-3542.754081115295,1033.0502109450329,6961.8817737521895,-0.005253158981693651,-7.069209351751038e-05,14.850000381469728,10.970862193287303
2014-02-21,352.44,354.14,346.75,346.76,4211362,-0.8690680388793615,351.6271428571428,374.8136666666667,2.7316264957120833,5.84863289800044,2014,2,52,4,2293,-5.680000000000007,7.389999999999986,2.096810804675969,0.6966434452184922,41.18516329244866,-10.219576653291938,0.2047215533078508,12144.889837351482,357.3707346755863,2.103285173893113,-12.714019849479428,1841.0699462890625,14.739999771118164,0.6966434452184922,3495714.0,-1.0353994683083956,4999925.0,2.2763063707945674,4180370.0,0.2549394518801762,3224351.0,-0.011089052609754013,715648.0,123641.64759387753,140485.2847201111,1696.2176754256602,104.43974697250964,7.461783312076276,173445631.65361315,-3543.7404002955122,1023.8509428216636,-10554.73559335294,0.006467142702894835,-0.005253158981693651,15.279999732971191,10.926505982848312
2014-02-24,345.19,353.0,343.29,351.78,3646518,1.447687161148914,351.98857142857145,373.17266666666666,2.753435730097856,5.8630059802041785,2014,2,55,0,2296,6.589999999999975,9.70999999999998,2.8129435962803035,-0.8690680388793615,54.67996674979218,-9.774452000893291,-0.13412382977288584,10365.904826880438,357.633650133294,-3.585013841285445,-2.26863629200858,1836.780029296875,14.829999923706056,-0.8690680388793615,4211362.0,-1.7729393468118193,4174567.0,0.04199328107503675,3524262.0,-3.466099118273036,6594798.0,0.021809234385772758,-564844.0,123895.95441632654,139257.8391471111,2989.898763758378,95.53991191776686,7.581408319779514,199391482.99251866,-3438.4567248742414,1027.5069538958971,15006.587331566365,-0.0023301216777963374,0.006467142702894835,14.739999771118164,11.01374292039145
2014-02-25,353.0,361.08,351.58,358.32,3745944,1.8591164932628468,352.1485714285714,371.86133333333333,2.782456227021939,5.881426441899045,2014,2,56,1,2297,5.319999999999993,9.5,2.6912181303116145,1.447687161148914,57.99044536908614,-8.792608447009513,0.027266011027506254,10454.186202277295,357.97842572616463,1.1870920780826566,-0.8455178042473221,1847.6600341796875,14.170000076293944,1.447687161148914,3646518.0,0.6966434452184922,3495714.0,-1.0353994683083956,4999925.0,2.2763063707945674,4180370.0,0.029020496924082817,99426.0,124008.61635918367,138280.85122844446,3362.891754104964,77.30996330242304,7.7420626552931635,217228960.887656,-3150.567458732449,1034.6878825220142,19435.549992294604,0.005923412008664641,-0.0023301216777963374,14.829999923706056,11.129824908087699
2014-02-26,360.0,364.75,357.17,359.8,3622445,0.41303862469301844,352.4985714285714,370.822,2.7730898981053484,5.885548321516433,2014,2,57,2,2298,-0.19999999999998863,7.579999999999984,2.105555555555551,1.8591164932628468,60.289810390010786,-7.805094455254334,-0.032968725640319274,10067.940522512507,359.7962105430157,0.8105869258414247,-0.8067974688571553,1845.7900390625,13.829999923706056,1.8591164932628468,3745944.0,-0.8690680388793615,4211362.0,-1.7729393468118193,4174567.0,0.04199328107503675,3524262.0,-0.009366328916590394,-123499.0,124255.24285918364,137508.95568400002,3634.8612368634526,60.91949945544195,7.690027582973932,218396522.19824263,-2808.2729850005094,1028.3227421952215,4158.448306909675,-0.001012088307694392,0.005923412008664641,14.170000076293944,11.092359592421417
2014-02-27,357.22,360.59,355.5,360.13,3104963,0.09171762090049995,353.42428571428576,369.575,2.750330606498986,5.886465077376342,2014,2,58,3,2299,2.909999999999968,5.089999999999975,1.4248922232797645,0.41303862469301844,54.85453908166843,-6.916129425186853,-0.14285434285406684,8621.783800294339,360.3015302035938,-1.025755243018201,0.8542250394243638,1844.9000244140625,14.5600004196167,0.41303862469301844,3622445.0,1.447687161148914,3646518.0,0.6966434452184922,3495714.0,-1.0353994683083956,4999925.0,-0.022759291606362364,-517482.0,124908.7257326531,136585.68062499998,3009.020457862289,47.83284622593543,7.564318445045081,170321314.23063445,-2490.705689892541,1016.4534338968627,790.769498081468,-0.00048218628858220924,-0.001012088307694392,13.829999923706056,11.001322425995909
2014-02-28,360.28,365.86,357.08,362.1,3884264,0.5470246855302285,355.52714285714285,368.4493333333333,2.754428584167698,5.891920416771596,2014,2,59,4,2300,1.82000000000005,8.78000000000003,2.436993449539256,0.09171762090049995,50.970688998858044,-5.983679564875445,0.2509855995063388,10727.047776857222,362.1145694109845,-0.2397980538776947,0.22522864289322797,1855.1199951171875,14.220000267028809,0.09171762090049995,3104963.0,1.8591164932628468,3745944.0,-0.8690680388793615,4211362.0,-1.7729393468118193,4174567.0,0.004097977668712005,779301.0,126399.54930816326,135754.91123377776,2598.0111370183085,35.80442113510799,7.58687682528007,197983612.33346033,-2166.6903704413985,1014.8673755508655,5867.959936803059,0.005539579688807805,-0.00048218628858220924,14.5600004196167,11.017714336670792
2014-03-03,358.73,360.96,354.48,359.78,2803137,-0.6407069870201787,356.95285714285717,367.2486666666667,2.754897918832817,5.88549273353454,2014,3,62,0,2303,1.0499999999999545,6.479999999999961,1.806372480695777,0.5470246855302285,49.00274473924974,-5.370008824575905,-0.2783350977173539,7791.252987937073,363.9129747310609,-0.2230814168547683,-3.9098933142061583,1857.6800537109373,16.469999313354492,0.5470246855302285,3884264.0,0.41303862469301844,3622445.0,1.447687161148914,3646518.0,0.6966434452184922,3495714.0,0.00046933466511900335,-1081127.0,127415.34222244899,134871.58316844446,2401.268991980068,28.83699477602309,7.589462543189387,137361406.8801463,-1932.0217749059188,1011.732587494127,-4991.910227013127,0.0013799962269223087,0.005539579688807805,14.220000267028809,11.019591675331299
2014-03-04,363.9,365.68,362.46,363.9,2706728,1.1451442548223945,359.40142857142854,366.05833333333334,2.7579355533301184,5.896879104618114,2014,3,63,1,2304,0.0,3.2200000000000273,0.8848584776037449,-0.6407069870201787,51.823681936041446,-4.4993550101010555,-0.03439325298763496,7438.109370706238,365.4676047755658,0.7841961396643482,-2.3518009152301715,1849.22998046875,14.529999732971191,-0.6407069870201787,2803137.0,0.09171762090049995,3104963.0,1.8591164932628468,3745944.0,-0.8690680388793615,4211362.0,0.0030376344973013225,-96409.0,129169.38685918365,133998.70340277778,2685.6940094079882,20.244195506921468,7.606208516322306,140272610.9593776,-1637.315288175774,1009.5652920927677,8517.708212604864,-0.004548723675698252,0.0013799962269223087,16.469999313354492,11.031742213320513
2014-03-05,364.13,372.73,363.9,372.37,3853966,2.3275625171750525,362.3428571428571,364.90233333333333,2.7716458384171965,5.919887983618693,2014,3,64,2,2305,8.240000000000009,8.830000000000041,2.4249581193529894,1.1451442548223945,71.49497954629966,-3.090274614029795,0.42384679953065096,10349.829470687757,366.7799052363098,1.0549496038769473,4.535145159813283,1874.050048828125,14.130000114440918,1.1451442548223945,2706728.0,0.5470246855302285,3884264.0,0.41303862469301844,3622445.0,1.447687161148914,3646518.0,0.013710285087078056,1147238.0,131292.34612244894,133153.71287211112,5111.532100325807,9.549797190116998,7.682020653615364,275539220.3421343,-1150.7255580262747,1011.380033612058,24089.875135126535,0.013421839696262872,-0.004548723675698252,14.529999732971191,11.086583353668743
2014-03-06,374.05,375.33,368.9,372.16,2926978,-0.05639552058436248,364.32000000000005,363.823,2.771031982806782,5.9193238693303,2014,3,65,3,2306,-1.8899999999999864,6.430000000000007,1.719021521187009,2.3275625171750525,66.24674196350998,-1.9678295787713864,-0.2405283284803239,7864.8377042132415,367.94935746459424,0.4337581108479073,3.7768844245578634,1874.1800537109373,13.81999969482422,2.3275625171750525,3853966.0,-0.6407069870201787,2803137.0,0.09171762090049995,3104963.0,1.8591164932628468,3745944.0,-0.0006138556104144932,-926988.0,132729.06240000002,132367.175329,4388.630820779874,3.872353251087572,7.6786182497380855,193902756.2988705,-732.3474560355593,1008.1651690807117,-443.54161664062804,6.937108370919098e-05,0.013421839696262872,14.130000114440918,11.084127931227158
2014-03-07,374.75,374.99,369.53,372.06,2279987,-0.02687016337059589,366.07142857142856,362.896,2.7658312901600848,5.919055131589841,2014,3,66,4,2307,-2.6899999999999977,5.460000000000036,1.4569713142094827,-0.05639552058436248,65.99260708849741,-1.0739728750359063,-0.22104402561276515,6128.008923291942,369.05643509998237,-0.5204712206356781,3.5240361206533066,1878.52001953125,13.510000228881836,-0.05639552058436248,2926978.0,1.1451442548223945,2706728.0,0.5470246855302285,3884264.0,0.41303862469301844,3622445.0,-0.0052006926466972025,-646991.0,134008.2908163265,131693.506816,4355.024190336799,1.1534177363128906,7.649822725628599,150462286.25788194,-399.5823478858593,1003.7091118739341,-164.6606009053239,0.0023156610869481398,6.937108370919098e-05,13.81999969482422,11.063325160640375
2014-03-10,372.69,372.73,367.0,370.53,2107820,-0.41122399612966154,367.5571428571428,362.327,2.7128936493584614,5.914934413118033,2014,3,69,0,2310,-2.160000000000025,5.730000000000018,1.5374708202527618,-0.02687016337059589,69.26061159287988,-0.48347006869005327,-0.075512272657695,5688.662186597577,370.0487674716965,-0.963619578297841,1.4448521066012745,1877.8599853515625,14.760000228881836,-0.02687016337059589,2279987.0,2.3275625171750525,3853966.0,-0.6407069870201787,2803137.0,0.09171762090049995,3104963.0,-0.05293764080162333,-172167.0,135098.2532653061,131280.854929,4797.032318219767,0.23374330731916482,7.359791952729471,145988902.32770407,-179.14016455172543,982.9546172911032,-2339.314397004354,-0.00035135860827939513,0.0023156610869481398,13.510000228881836,10.851574597433796
2014-03-11,370.99,372.8,367.28,368.82,2248019,-0.4615010930289043,368.51714285714286,361.74499999999995,2.7133333646621347,5.910308720146973,2014,3,70,1,2311,-2.170000000000016,5.520000000000039,1.487910725356489,-0.41122399612966154,77.30514518593978,-0.15172604584142846,0.06651374405784183,6095.1656634672745,370.6412044430755,-1.5168841578325256,-0.30432028524296584,1878.260009765625,14.220000267028809,-0.41122399612966154,2107820.0,-0.05639552058436248,2926978.0,1.1451442548223945,2706728.0,0.5470246855302285,3884264.0,0.0004397153036732604,140199.0,135804.88457959183,130859.44502499996,5976.085472219228,0.02302079298667525,7.362177947788741,173783435.17575115,-55.95960022723564,981.5347779997038,-2812.9256158823937,0.00021302142714740846,-0.00035135860827939513,14.760000228881836,10.853333458648535
2014-03-12,367.1,371.16,363.61,370.64,2219663,0.49346564719916497,370.06857142857143,360.952,2.683473273014606,5.915231241108393,2014,3,71,2,2312,3.5399999999999636,7.550000000000011,2.0566603105420898,-0.4615010930289043,76.95292291774432,0.25510161930594677,-0.012613772392493172,5988.730304338442,370.80300752458623,-0.004006385877472762,-0.1590011387087884,1866.1500244140625,15.369999885559082,-0.4615010930289043,2248019.0,-0.02687016337059589,2279987.0,2.3275625171750525,3853966.0,-0.6407069870201787,2803137.0,-0.029860091647528897,-28356.0,136950.74755918368,130286.34630399999,5921.752345584298,0.0650768361725162,7.201028806983721,170809555.74236912,94.5508641795561,968.605044841168,2955.232675531621,-0.0064474488561749865,0.00021302142714740846,14.220000267028809,10.733893092058452
2014-03-13,376.62,383.11,368.08,371.51,6829046,0.23472911720268108,371.1557142857143,360.52900000000005,2.6448256579705727,5.917575781695938,2014,3,72,3,2313,-5.110000000000014,15.03000000000003,3.990759917157886,0.49346564719916497,83.91340093176201,0.6403358114378648,2.0766138823776403,18381.86320691233,370.62802587286706,0.8719398221681918,0.010034304964733565,1869.06005859375,14.279999732971191,0.49346564719916497,2219663.0,-0.41122399612966154,2107820.0,-0.05639552058436248,2926978.0,1.1451442548223945,2706728.0,-0.038647615044033135,4609383.0,137756.56424693877,129981.15984100004,7041.4588559346375,0.4100299514097887,6.9951027610594725,573048474.9794457,237.89115730728113,953.5363496424727,4314.758523098975,0.0015593784752654383,-0.0064474488561749865,15.369999885559082,10.579302631882342
2014-03-14,372.8,378.57,371.55,373.74,4402220,0.60025302145299,371.3514285714286,359.55333333333334,2.477314241305311,5.923560368494109,2014,3,73,4,2314,0.9399999999999977,7.019999999999982,1.883047210300424,0.23472911720268108,82.58160237388714,1.1127519356273865,-0.3553682315216503,11778.83020281479,367.599486622284,3.946088161533684,2.19442521618231,1845.0699462890625,16.739999771118164,0.23472911720268108,6829046.0,-0.4615010930289043,2248019.0,-0.02687016337059589,2279987.0,2.3275625171750525,3853966.0,-0.1675114166652616,-2426826.0,137901.88350204082,129278.59951111111,6819.721050638802,1.2382168702424954,6.137085850174109,363542381.6023734,415.87990842137947,890.7265931754623,7070.278418421312,-0.01283538867270928,0.0015593784752654383,14.279999732971191,9.909256965221289
2014-03-17,375.72,378.85,374.88,375.04,2306821,0.3478353935891354,371.7628571428572,360.0983333333333,1.4124260700952078,5.927032686948593,2014,3,76,0,2317,-0.6800000000000068,3.9700000000000273,1.056637921856709,0.60025302145299,79.37456078706947,1.573901298617784,-0.47598688843356307,6150.866574232082,364.7537854178832,-1.2852088893541458,11.57142347147095,1842.81005859375,16.389999389648438,0.60025302145299,4402220.0,0.49346564719916497,2219663.0,-0.41122399612966154,2107820.0,-0.05639552058436248,2926978.0,-1.0648881712101033,-2095399.0,138207.62195102044,129670.80966944442,6300.3209001401865,2.477165297790747,1.9949474034845929,183102903.6893884,590.2759430336138,508.6122737978341,2139.489095762273,-0.0012248249449067217,-0.01283538867270928,16.739999771118164,5.649704280380888
2014-03-18,377.32,379.0,375.0,378.77,2483508,0.994560580204773,372.7214285714286,361.18566666666663,1.2390969506012175,5.9369291607099575,2014,3,77,1,2318,1.4499999999999886,4.0,1.060108131029365,0.3478353935891354,80.88570498209037,2.214814317500611,0.07659328573825186,6556.7705995723,362.27363276223304,-3.0946489000846062,19.591016137851568,1858.9200439453125,15.420000076293944,0.3478353935891354,2306821.0,0.23472911720268108,6829046.0,-0.4615010930289043,2248019.0,-0.02687016337059589,2279987.0,-0.17332911949399032,176687.0,138921.26331632654,130455.08580544443,6542.4972704497595,4.905402461005698,1.535361252989236,200880295.4086613,838.9052190397065,447.54405816753444,6521.105571780224,0.008742075872895994,-0.0012248249449067217,16.389999389648438,4.956387802404834
2014-03-19,378.77,379.0,369.42,373.23,2645894,-1.4626290360904903,373.10714285714283,362.0283333333333,1.2796139678931597,5.92219485159451,2014,3,78,2,2319,-5.539999999999964,9.579999999999984,2.5292393800987365,0.994560580204773,68.23496659242761,2.2497767759701333,0.06538573662738356,7089.1782546954955,359.94339383333937,-1.5839476757427136,14.870553842403353,1872.25,14.5600004196167,0.994560580204773,2483508.0,0.60025302145299,4402220.0,0.49346564719916497,2219663.0,-0.41122399612966154,2107820.0,0.04051701729194224,162386.0,139208.94005102038,131064.51413611109,4656.010665869712,5.061495541694567,1.6374119068272763,180542488.69710466,839.6841860953328,463.2565121064141,-10368.837957338937,0.007170806564867904,0.008742075872895994,15.420000076293944,5.118455871572678
2014-03-20,370.64,373.0,366.22,368.97,2558460,-1.1413873482838954,373.12857142857143,362.77900000000005,1.298922875892847,5.910715339922429,2014,3,79,3,2320,-1.669999999999959,6.779999999999973,1.8292682926829194,-1.4626290360904903,58.98979324784087,1.911701473905282,-0.0330451635628638,6934.059679648752,357.5241397844175,-1.4903007163678517,12.936160931950383,1860.0899658203125,15.579999923706056,-1.4626290360904903,2645894.0,0.3478353935891354,2306821.0,0.23472911720268108,6829046.0,-0.4615010930289043,2248019.0,0.01930890799968732,-87434.0,139224.93081632652,131608.60284100004,3479.7957074230126,3.6546025253316277,1.6872006375177446,150923026.43287095,705.360492826832,471.22194199353123,-7914.447990596566,-0.0064948773826611905,0.007170806564867904,14.5600004196167,5.195691503571425
2014-03-21,371.0,372.84,358.4,360.62,5417935,-2.263056617069148,371.69714285714286,362.97999999999996,1.3108918073570293,5.887824772348222,2014,3,80,4,2321,-10.379999999999995,14.439999999999998,3.892183288409703,-1.1413873482838954,50.94936708860762,0.9589450238668746,1.1176547610672043,15023.944872719205,354.84779030953035,3.4678906696608935,2.304319020808748,1874.530029296875,13.960000038146973,-1.1413873482838954,2558460.0,0.994560580204773,2483508.0,0.60025302145299,4402220.0,0.49346564719916497,2219663.0,0.011968931464182209,2859475.0,138158.76600816328,131754.48039999997,2595.8380067296935,0.9195755587990407,1.7184373305957787,276040359.17721534,345.81475450687236,475.82750823445446,-34000.03785868929,0.007763099496208792,-0.0064948773826611905,15.579999923706056,5.243567229428095
2014-03-24,360.61,361.5,348.6,351.85,4879628,-2.4319227996228654,368.8885714285715,362.6723333333333,1.3434875307457337,5.863204948412558,2014,3,83,0,2324,-8.759999999999991,12.899999999999977,3.5772718449294185,-2.263056617069148,37.67641644508084,-0.4980458703097952,-0.09935648914208084,13868.489413102174,348.03021080642566,3.6660983773696523,0.15369081620468705,1867.6700439453125,14.699999809265137,-2.263056617069148,5417935.0,-1.4626290360904903,2645894.0,0.3478353935891354,2306821.0,0.23472911720268108,6829046.0,0.03259572338870442,-538307.0,136078.77813061228,131531.22136544442,1419.5123561431578,0.24804968893264134,1.8049587452692688,183846896.62507692,-175.23743946850144,487.24575757979363,-33727.09560005151,-0.0036595761307358643,0.007763099496208792,13.960000038146973,5.373950122982933
2014-03-25,354.03,358.97,348.84,354.71,4455640,0.8128463834019994,366.17,362.467,1.3532958193144091,5.871300554221184,2014,3,84,1,2325,0.6800000000000068,10.130000000000052,2.8613394345112146,-2.4319227996228654,29.597966728280895,-1.4057390680800381,-0.08688941042226994,12561.359984212457,346.38217964105985,4.060071050832816,4.267749308107341,1859.47998046875,14.15999984741211,-2.4319227996228654,4879628.0,-1.1413873482838954,2558460.0,0.994560580204773,2483508.0,0.60025302145299,4402220.0,0.009808288568675438,-423988.0,134080.4689,131382.32608899998,876.0396344484228,1.9761023275265341,1.831409574573858,131877884.47319749,-498.6297048386703,490.5250757394359,10210.456033777693,-0.004385176869497576,-0.0036595761307358643,14.699999809265137,5.4131832772576445
2014-03-26,357.13,357.6,343.4,343.41,4120600,-3.1857009951791526,361.65142857142854,361.8543333333334,1.4676557010396676,5.838925068598495,2014,3,85,2,2326,-13.71999999999997,14.200000000000045,3.976143141153094,0.8128463834019994,23.560787198822823,-3.0022993903435804,-0.075194584840786,11999.068169243761,346.437147581434,-3.6986768596725748,0.6715292782386086,1867.0899658203125,13.640000343322754,0.8128463834019994,4455640.0,-2.263056617069148,5417935.0,-1.4626290360904903,2645894.0,0.3478353935891354,2306821.0,0.11435988172525846,-335040.0,130791.75578775507,130938.55855211115,555.1106934282134,9.013801629257435,2.1540132567942383,97084579.73146932,-1031.019633637889,531.077575262575,-38225.44340798234,0.004092534166269424,-0.004385176869497576,14.15999984741211,5.870622804158643
2014-03-27,343.15,344.0,330.88,338.47,5770462,-1.4385137299438022,355.8942857142857,361.495,1.3524752760219603,5.824435462132321,2014,3,86,3,2327,-4.67999999999995,13.120000000000005,3.8234008451114687,-3.1857009951791526,21.634858976524185,-4.6130255757028635,0.4003936319953405,17048.66605607587,343.8697352548965,-6.483401057762532,1.0836658028660509,1852.1099853515625,15.0,-3.1857009951791526,4120600.0,-2.4319227996228654,4879628.0,-1.1413873482838954,2558460.0,0.994560580204773,2483508.0,-0.11518042501770731,1649862.0,126660.7426040816,130678.63502500001,468.0671229340891,21.280004962088736,1.8291893722506776,124843131.5993917,-1561.3707666081484,488.9130499055585,-24524.74019889199,-0.008023170143367175,0.004092534166269424,13.640000343322754,5.409901104087794
2014-03-28,340.05,347.0,336.08,338.29,3986782,-0.0531804886696019,350.9028571428571,360.86466666666666,1.2763304403006999,5.823903515787252,2014,3,87,4,2328,-1.759999999999991,10.920000000000016,3.2112924569916235,-1.4385137299438022,22.13964742481849,-5.836779418070307,-0.3091052328219127,11785.10154009873,341.4013498589864,-1.8972071064832143,-1.2141427525031645,1850.0699462890625,14.149999618530272,-1.4385137299438022,5770462.0,0.8128463834019994,4455640.0,-2.263056617069148,5417935.0,-1.4626290360904903,2645894.0,-0.0761448357212604,-1783680.0,123132.81515102038,130223.30764844445,490.1639880952721,34.067993975209156,1.6290193928381784,88265947.83961272,-1974.5241093390043,460.58255889563196,-626.7374589233284,-0.0011014675578852051,-0.008023170143367175,15.0,5.105321761202845
2014-03-31,342.4,346.29,334.06,336.36,4294523,-0.5705164208223756,346.2442857142857,360.16499999999996,1.277667232458202,5.818182014964697,2014,3,90,0,2331,-6.039999999999964,12.230000000000018,3.571845794392529,-0.0531804886696019,22.0557851239669,-6.883005027696413,0.07719032543038473,12767.638839338802,338.9999461489274,-0.17133498694751448,-2.4686111619798794,1859.1600341796875,13.880000114440918,-0.0531804886696019,3986782.0,-3.1857009951791526,4120600.0,-2.4319227996228654,4879628.0,-1.1413873482838954,2558460.0,0.0013367921575020425,307741.0,119885.1053897959,129718.82722499997,486.4576574345996,47.3757582112941,1.6324335568974009,94719076.4979337,-2315.1675711159655,460.1710187783082,-7284.147612972324,0.004913375253113195,-0.0011014675578852051,14.149999618530272,5.110668929832855
2014-04-01,338.09,344.43,338.0,342.99,3602614,1.97110239029612,343.72571428571433,359.80966666666666,1.3263491437794128,5.837701292221988,2014,4,91,1,2332,4.900000000000034,6.430000000000007,1.9018604513591078,-0.5705164208223756,28.017172841469204,-7.095369764267332,-0.16111428440364628,10503.554039476368,336.74815058300123,6.594031620492798,-0.3521822034940101,1873.9599609375,13.43000030517578,-0.5705164208223756,4294523.0,-1.4385137299438022,5770462.0,0.8128463834019994,4455640.0,-2.263056617069148,5417935.0,0.04868191132121091,-691909.0,118147.36666122453,129462.99622677777,784.9619740287595,50.34427209167905,1.7592020512043816,100935059.11909674,-2433.640875446052,477.2332433068893,20703.580473816335,0.007960544808259362,0.004913375253113195,13.880000114440918,5.3053965751176975
2014-04-02,345.99,348.3,340.38,341.96,4471377,-0.30030030030030463,342.31285714285724,359.629,1.2887659541510739,5.834693771158033,2014,4,92,2,2333,-4.03000000000003,7.920000000000016,2.2890834995231124,1.97110239029612,26.566217287866735,-7.263058720107608,0.24114795534575717,13075.73107965844,334.7027636373195,6.084067020528113,1.1731693421523914,1886.6099853515625,13.170000076293944,1.97110239029612,3602614.0,-0.0531804886696019,3986782.0,-3.1857009951791526,4120600.0,-2.4319227996228654,4879628.0,-0.03758318962833895,868763.0,117178.0921653062,129333.01764100001,705.7639009861493,52.75202197173117,1.6609176845789277,118787572.9579697,-2483.6755599279977,463.4776113253966,-3926.645969867456,0.006750424063347582,0.007960544808259362,13.43000030517578,5.155063816604297
2014-04-03,341.82,342.5,328.46,333.62,6398347,-2.438881740554444,339.3,359.08966666666663,1.352184179504317,5.81000262072591,2014,4,93,3,2334,-8.199999999999989,14.04000000000002,4.1074249605055355,-0.30030030030030463,20.994794679005153,-7.976968201519753,0.4309567276478812,19178.547449193695,332.907549380484,1.7819651398383243,-1.0695145203223433,1891.4300537109373,13.020000457763672,-0.30030030030030463,4471377.0,-0.5705164208223756,4294523.0,-1.4385137299438022,5770462.0,0.8128463834019994,4455640.0,0.06341822535324315,1926970.0,115124.49,128945.38870677775,440.7814036135831,63.632021688057286,1.828402055301763,134331981.5500286,-2661.27613139102,485.5553662901453,-46774.209184195504,0.0025548833075197397,0.006750424063347582,13.170000076293944,5.4087367180172805
2014-04-04,335.15,335.44,315.61,323.0,12532453,-3.183262394340869,336.38428571428574,358.29766666666666,1.4566618163939917,5.777652323222656,2014,4,94,4,2335,-12.149999999999977,19.829999999999984,5.916753692376544,-2.438881740554444,16.845056065239476,-9.292572858449262,0.9587016771675558,38800.164086687306,331.38591453304076,-6.144680354543332,-2.24123417849745,1890.25,12.880000114440918,-2.438881740554444,6398347.0,1.97110239029612,3602614.0,-0.0531804886696019,3986782.0,-3.1857009951791526,4120600.0,0.10447763688967471,6134106.0,113154.38767551022,128377.21793877777,283.7559138410613,86.35191032958788,2.1218636473402435,211109873.41997865,-3001.5010332791117,521.9185299363957,-123511.10323140683,-0.0006238949775710934,0.0025548833075197397,13.020000457763672,5.826647265575957
2014-04-07,320.99,324.94,313.13,317.76,7067884,-1.622291021671829,333.42571428571426,357.16366666666664,1.4427977350103305,5.761296380856808,2014,4,97,0,2338,-3.230000000000018,11.810000000000002,3.679242343998256,-3.183262394340869,11.863982997874686,-10.635424679593996,-0.43603347245746704,22242.837361530717,330.10925329388766,-9.247550184110038,-3.1017031097776453,1863.9200439453125,14.960000038146973,-3.183262394340869,12532453.0,-0.30030030030030463,4471377.0,-0.5705164208223756,4294523.0,-1.4385137299438022,5770462.0,-0.013864081383661242,-5464569.0,111172.70694693876,127565.88478677777,140.75409257385962,113.11225811531705,2.0816653041509396,83853255.60695052,-3379.512546187788,515.3149292946513,-36084.35534811799,-0.013929351172959903,-0.0006238949775710934,12.880000114440918,5.771190940041265
2014-04-08,321.88,328.0,318.44,327.07,6584767,2.9298841893252714,331.8228571428571,356.122,1.5104362966755174,5.79017421526641,2014,4,98,1,2339,5.189999999999998,9.560000000000002,2.9700509506648447,-1.622291021671829,22.445081184336175,-10.82363707872912,-0.06835383829163011,20132.592411410402,328.9697138237015,-1.8646148519686137,-0.0350989717329071,1845.47998046875,15.59000015258789,-1.622291021671829,7067884.0,-2.438881740554444,6398347.0,1.97110239029612,3602614.0,-0.0531804886696019,3986782.0,0.06763856166518689,-483117.0,110106.40852244897,126822.878884,503.7816693714418,117.15111961203985,2.2814178063148516,147795629.89493775,-3540.0869793399334,537.8995948446786,58986.164196321275,-0.009893162282611057,-0.013929351172959903,14.960000038146973,6.041745186702087
2014-04-09,328.49,332.18,322.5,331.8,5058012,1.4461736019812266,331.1714285714285,355.1886666666667,1.5385957125927123,5.8045323777563445,2014,4,99,2,2340,3.3100000000000023,9.680000000000007,2.946817254710952,2.9298841893252714,27.935414935296194,-10.470428706783991,-0.2318616588863357,15244.159132007233,327.97068300746605,0.6275793284853028,3.2017376640486646,1852.6400146484373,14.579999923706056,2.9298841893252714,6584767.0,-3.183262394340869,12532453.0,-0.30030030030030463,4471377.0,-0.5705164208223756,4294523.0,0.028159415917194952,-1526755.0,109674.51510204078,126158.98892844445,780.3874076071696,109.62987730384629,2.367276766808676,141297663.96770737,-3474.0882449109286,546.4917596948554,22045.70052110991,0.0038797680036977145,-0.009893162282611057,15.59000015258789,6.154382850370894
2014-04-10,330.6,331.0,316.5,317.11,6131034,-4.427365883062084,327.4742857142857,353.75466666666665,1.714338903832734,5.759248716840184,2014,4,100,3,2341,-13.490000000000009,14.5,4.385964912280701,1.4461736019812266,25.9799050458209,-11.24622922783226,0.21214303168912996,19334.09227082085,327.2596446079159,7.494137476280557,-17.64378208419646,1872.280029296875,13.979999542236328,1.4461736019812266,5058012.0,-1.622291021671829,7067884.0,-2.438881740554444,6398347.0,1.97110239029612,3602614.0,0.17574319124002158,1073022.0,107239.40780408164,125142.36418844444,674.9554661898702,126.47767184494857,2.9389578771944196,159283681.1526995,-3566.291750437888,606.4553874790474,-85599.10049980656,0.010601095999842602,0.0038797680036977145,14.579999923706056,6.857355615330903
2014-04-11,314.0,316.5,309.5,311.73,7289038,-1.6965721673867118,323.1557142857143,352.0756666666667,1.720130063614351,5.742137428532665,2014,4,101,4,2342,-2.269999999999982,7.0,2.229299363057325,-4.427365883062084,26.990135352144975,-12.155061781612687,0.18887580789798264,23382.53616912071,326.72014314074033,7.029923803325032,-22.02006694406532,1830.6500244140625,16.65999984741211,-4.427365883062084,6131034.0,2.9298841893252714,6584767.0,-3.183262394340869,12532453.0,-0.30030030030030463,4471377.0,0.00579115978161715,1158004.0,104429.6156755102,123957.27505877778,728.467406327106,147.7455269148214,2.9588474357499113,196732122.2069281,-3789.097409182123,605.6159389003984,-39670.16006744331,-0.022234924387056765,0.010601095999842602,13.979999542236328,6.880520254457451
2014-04-14,317.42,320.48,311.28,315.91,4293483,1.3409039874250128,320.6257142857143,350.61333333333334,1.7516485872765164,5.755457362894223,2014,4,104,0,2345,-1.509999999999991,9.200000000000045,2.898368092747793,-1.6965721673867118,28.079096045197772,-12.395143562704334,-0.410967126251777,13590.842328511284,326.06188641460295,4.44564932899734,-14.597535743600247,1818.1800537109373,16.139999389648438,-1.6965721673867118,7289038.0,1.4461736019812266,5058012.0,-1.622291021671829,7067884.0,-2.438881740554444,6398347.0,0.03151852366216534,-2995555.0,102800.8486612245,122929.70951111111,788.4356347154412,153.6395839400507,3.068272773307816,120557121.52542387,-3915.7498028939262,614.1513500136437,18224.014670765428,-0.006811772068293864,-0.022234924387056765,16.65999984741211,7.006594349106081
2014-04-15,316.65,318.28,305.5,316.08,5398783,0.053812794783314466,319.63714285714286,349.01933333333335,1.7292646972768506,5.755995346103135,2014,4,105,1,2346,-0.5699999999999932,12.779999999999973,4.036001894836562,1.3409039874250128,32.338115548662245,-12.428425373386403,0.25743667786736313,17080.432169071122,325.14245559076875,-7.046757832584072,-2.015697758184672,1831.449951171875,16.139999389648438,1.3409039874250128,4293483.0,-4.427365883062084,6131034.0,2.9298841893252714,6584767.0,-3.183262394340869,12532453.0,-0.022383889999665785,1105300.0,102167.90309387755,121814.49504044445,1045.7537172386308,154.46575726183497,2.990356393247998,174586468.4761534,-3928.376692019974,603.546811800435,919.145791124547,0.007298450686362701,-0.006811772068293864,16.139999389648438,6.9170587891073865
2014-04-16,321.2,324.0,314.71,323.68,4285055,2.4044545684636764,320.48285714285714,347.39633333333336,1.733581133253234,5.779755373419436,2014,4,106,2,2347,2.480000000000018,9.29000000000002,2.892278953922796,0.053812794783314466,40.759715106834925,-11.706598582628658,-0.2062924181246033,13238.553509639149,323.9828833339117,-10.288384300878601,9.985500966966924,1846.010009765625,14.890000343322754,0.053812794783314466,5398783.0,-1.6965721673867118,7289038.0,1.4461736019812266,5058012.0,-1.622291021671829,7067884.0,0.004316435976383426,-1113728.0,102709.26172244898,120684.21241344446,1661.3543755903472,137.0444503748033,3.005303545571567,174657621.01711854,-3789.191829225244,602.2397292280183,31831.500466102687,0.007950017189622738,0.007298450686362701,16.139999389648438,6.934324533012955
2014-04-17,319.76,328.66,319.76,324.91,4299281,0.38000494315373334,320.17428571428576,345.82133333333337,1.7388328149559877,5.783548220902539,2014,4,107,3,2348,5.150000000000034,8.900000000000034,2.7833375031273566,2.4044545684636764,41.7488899851998,-10.909536583230079,0.003319910712931362,13232.221230494597,322.6088973450609,-2.8190300768728216,5.120132731811964,1861.72998046875,14.09000015258789,2.4044545684636764,4285055.0,1.3409039874250128,4293483.0,-4.427365883062084,6131034.0,2.9298841893252714,6584767.0,0.005251681702753697,14226.0,102511.57323265309,119592.39458844447,1742.9698149963165,119.01798846083541,3.0235395583677644,179490209.4844598,-3544.617531257285,601.325482511833,5028.309476491723,0.008515647596689213,0.007950017189622738,14.890000343322754,6.955331259823993
2014-04-21,323.9,331.15,322.31,330.87,2999670,1.8343541288356802,320.0414285714286,344.4483333333333,1.7865147786703417,5.801725548986165,2014,4,111,0,2352,6.970000000000027,8.839999999999975,2.7292374189564605,0.38000494315373334,46.774762072611914,-9.685291010103185,-0.302285661253591,9066.007797624445,320.9029484243987,0.5704961898821779,9.396555385719125,1865.7900390625,14.100000381469728,0.38000494315373334,4299281.0,0.053812794783314466,5398783.0,-1.6965721673867118,7289038.0,1.4461736019812266,5058012.0,0.04768196371435396,-1299611.0,102426.51600204082,118644.65433611111,2187.878366949454,93.80486195038557,3.19163505440754,140308850.5463518,-3204.572236512841,615.3620379883681,16630.26883562887,0.0021807988464190853,0.008515647596689213,14.09000015258789,7.146059114681407
2014-04-22,332.0,337.5,328.94,329.32,3711853,-0.4684619336899676,321.7857142857143,343.0746666666667,1.7865855848440106,5.797029922430225,2014,4,112,1,2353,-2.680000000000007,8.560000000000002,2.578313253012049,1.8343541288356802,41.45945270523553,-8.739397287452732,0.2374204495827874,11271.265030972914,318.85797273268344,7.098247285721681,3.3637799815948597,1872.5699462890625,13.130000114440918,1.8343541288356802,2999670.0,2.4044545684636764,4285055.0,1.3409039874250128,4293483.0,-4.427365883062084,6131034.0,7.080617366894693e-05,712183.0,103546.04591836734,117700.22690844447,1718.8862186176616,76.37706494793618,3.1918880519724158,153891393.90228662,-2878.058314703934,612.9322539918307,-5280.158611541684,0.003633799669103821,0.0021807988464190853,14.100000381469728,7.1463423393760195
2014-04-23,333.01,333.13,323.39,324.58,3601053,-1.439329527511235,323.62142857142857,341.6000000000001,1.797074840989607,5.7825320388877355,2014,4,113,2,2354,-8.430000000000007,9.740000000000009,2.9248370919792226,-0.4684619336899676,39.62264150943396,-8.276837849051901,-0.0298503200423077,11094.500585371865,316.7197615200557,7.126141242343451,0.7340972376007926,1879.3199462890625,13.350000381469728,-0.4684619336899676,3711853.0,0.38000494315373334,4299281.0,0.053812794783314466,5398783.0,-1.6965721673867118,7289038.0,0.01048925614559626,-110800.0,104730.82903061224,116690.56000000006,1569.9537201851192,68.5060447794981,3.2294779841178207,142683232.0754717,-2686.496029045266,613.8807656820499,-15968.642285516406,0.0036046717578570586,0.003633799669103821,13.130000114440918,7.188299363958436
2014-04-24,329.98,337.4,322.95,337.15,9269341,3.8726970238462055,326.6557142857143,340.4836666666667,1.9546119837342013,5.820527935180591,2014,4,114,3,2355,7.169999999999959,14.449999999999989,4.379053275956115,-1.439329527511235,52.00636580652493,-6.8173757494608935,1.5740640307154603,27493.225567254933,314.3653678990859,6.02765347127065,16.756978629643413,1881.969970703125,13.359999656677246,-1.439329527511235,3601053.0,1.8343541288356802,2999670.0,2.4044545684636764,4285055.0,1.3409039874250128,4293483.0,0.1575371427445944,5668288.0,106703.9556755102,115929.1272667778,2704.662084402086,46.47661210933748,3.8205080069573496,482064738.83141965,-2298.4782339307403,665.5134551324279,106472.93283024058,0.0014100975298512175,0.0036046717578570586,13.350000381469728,7.818447934936785
2014-04-25,316.25,316.49,302.71,303.83,16183333,-9.88284146522319,324.9057142857143,338.22766666666666,2.619522759905501,5.716468334463384,2014,4,115,4,2356,-12.420000000000016,13.78000000000003,4.357312252964436,3.8726970238462055,41.33911629167796,-8.254237343804618,0.7458989803050724,53264.43405851957,311.64741172610286,-6.580746028014938,-1.2366656980879611,1877.719970703125,13.93000030517578,3.8726970238462055,9269341.0,-0.4684619336899676,3711853.0,0.38000494315373334,4299281.0,0.053812794783314466,5398783.0,0.6649107761712998,6913992.0,105563.7231755102,114397.95449877778,1708.9225357768742,68.13243412785872,6.8618994896629335,669004684.8739495,-2507.884932168157,885.9950708630645,-526403.9575351835,-0.0022582719523479566,0.0014100975298512175,13.359999656677246,10.478091039621972
2014-04-28,304.0,304.39,288.0,296.58,14479356,-2.386202810782345,321.03428571428566,335.65566666666666,2.6277376758902142,5.692316996546923,2014,4,118,0,2359,-7.420000000000016,16.389999999999986,5.391447368421049,-9.88284146522319,40.601703940362086,-9.864265802691534,-0.10529209279695351,48821.08031559782,309.10017192967604,-10.334151410000928,-2.1860205196751394,1865.0,14.270000457763672,-9.88284146522319,16183333.0,-1.439329527511235,3601053.0,1.8343541288356802,2999670.0,2.4044545684636764,4285055.0,0.008214915984713134,-1703977.0,103063.0126040816,112664.72656544443,1648.498362860814,97.30373982614965,6.905005293292905,587886525.5591054,-2925.543951762255,882.0150414260471,-116496.99907451014,-0.006774157436458372,-0.0022582719523479566,13.93000030517578,10.510950703560866
2014-04-29,296.44,301.84,290.45,300.38,6509686,1.2812731809292544,317.53000000000003,333.16700000000003,2.646442369274904,5.705048339777434,2014,4,119,1,2360,3.9399999999999977,11.389999999999986,3.842261503170957,-2.386202810782345,37.54782121862461,-10.710136922301615,-0.5504160544156798,21671.502763166656,306.92618240108476,-3.707615762516209,-2.8385666385685795,1870.780029296875,13.880000114440918,-2.386202810782345,14479356.0,3.8726970238462055,9269341.0,-0.4684619336899676,3711853.0,0.38000494315373334,4299281.0,0.01870469338468972,-7969670.0,100825.30090000002,111000.24988900001,1409.8388782657967,114.7070328944483,7.0036572138933675,244424526.11738357,-3217.1109287209592,881.707264844212,27767.115280879665,0.003099211419235859,-0.006774157436458372,14.270000457763672,10.585769477099575
2014-04-30,299.44,304.56,298.1,304.13,4088723,1.2484186696850585,313.71000000000004,330.67900000000003,2.6524543052404272,5.717455241576844,2014,4,120,2,2361,4.689999999999998,6.4599999999999795,2.157360406091364,1.2812731809292544,36.97146623975892,-10.951658318892953,-0.3719016554715542,13443.997632591327,305.0897179619787,-0.23497168204430863,-0.7247462799343793,1877.0999755859373,14.050000190734863,1.2812731809292544,6509686.0,-9.88284146522319,16183333.0,-1.439329527511235,3601053.0,1.8343541288356802,2999670.0,0.006011935965523296,-2420963.0,98413.96410000003,109348.60104100002,1366.8893159176334,119.93881993377722,7.035513841388478,151166084.3582258,-3330.727844524914,877.1109372025993,16783.73763972874,0.003378241263050974,0.003099211419235859,13.880000114440918,10.609817220961759
2014-05-01,304.13,310.48,304.0,307.89,4328960,1.2363134186038849,310.6485714285714,328.50100000000003,2.6711858377540962,5.729742576325733,2014,5,121,3,2362,3.759999999999991,6.480000000000018,2.1306678065301083,1.2484186696850585,45.16061305899642,-10.716136241363188,0.05875599789958863,14060.08639449154,303.67727324319793,6.008745631804495,-1.79601887500246,1884.3900146484373,13.640000343322754,1.2484186696850585,4088723.0,-2.386202810782345,14479356.0,3.8726970238462055,9269341.0,-0.4684619336899676,3711853.0,0.01873153251366899,240237.0,96502.53493061224,107912.90700100003,2039.4809718643978,114.83557594345756,7.135233779818053,195498487.50787315,-3299.3911873533116,877.4872188880585,17382.673476239805,0.0038836711721890183,0.003378241263050974,14.050000190734863,10.684743351016436
2014-05-02,310.48,313.29,304.31,308.01,3995109,0.03897495858911082,308.28142857142853,326.469,2.6716892272913886,5.730132249978983,2014,5,122,4,2363,-2.4700000000000273,8.980000000000018,2.8922958000515386,1.2363134186038849,47.933333333333316,-10.399916536844273,-0.07712037071259614,12970.711989870459,302.66853929955647,5.8913693510648395,-0.5499086506213189,1885.300048828125,13.149999618530272,1.2363134186038849,4328960.0,1.2812731809292544,6509686.0,-9.88284146522319,16183333.0,-1.439329527511235,3601053.0,0.0005033895372923425,-333851.0,95037.4392020408,106582.007961,2297.604444444443,108.15826397332698,7.137923327224857,191498891.39999992,-3203.2782925134043,872.2237103445923,505.5329626764843,0.00048293303011237576,0.0038836711721890183,13.640000343322754,10.686756909165524
2014-05-05,306.37,310.23,305.0,310.05,2520112,0.6623161585662896,304.40999999999997,324.78333333333336,2.660923653056796,5.736733574795887,2014,5,125,0,2366,3.680000000000007,5.230000000000018,1.7070862029572147,0.03897495858911082,46.66514910084224,-9.870913445989345,-0.36920069014387347,8128.0825673278505,301.94697727312115,8.413373728920792,-0.31035100204195487,1879.449951171875,13.949999809265137,0.03897495858911082,3995109.0,1.2484186696850585,4088723.0,-2.386202810782345,14479356.0,3.8726970238462055,9269341.0,-0.010765574234592457,-1474997.0,92665.44809999998,105484.21361111113,2177.6361406038377,97.43493225821324,7.080514687397125,117601402.23082174,-3060.4767139289966,864.2236537852965,5383.360422502206,-0.003103006155378951,0.00048293303011237576,13.149999618530272,10.643694612227137
2014-05-06,309.53,309.81,297.04,297.38,4681541,-4.086437671343335,303.48857142857145,322.9676666666667,2.7195517256160877,5.695010782269077,2014,5,126,1,2367,-12.149999999999977,12.769999999999982,4.125609795496392,0.6623161585662896,40.6835392586688,-10.354675543513395,0.8576718018881702,15742.622234178492,301.4806354358154,-4.903549087079278,0.802913651263907,1883.68994140625,13.649999618530272,0.6623161585662896,2520112.0,1.2363134186038849,4328960.0,1.2812731809292544,6509686.0,-9.88284146522319,16183333.0,0.05862807255929159,2161429.0,92105.31298775511,104308.11371211111,1655.1503666116457,107.21930561143441,7.39596158830144,190461657.0645676,-3079.273413130013,878.3272752015348,-64331.24454347417,0.0022559740054430844,-0.003103006155378951,13.949999809265137,10.878206902464399
2014-05-07,295.56,296.4,286.68,292.71,7015342,-1.5703813302844871,302.9357142857143,320.90099999999995,2.7140111768084676,5.679182357787968,2014,5,127,2,2368,-2.8500000000000227,9.71999999999997,3.2886723507917077,-4.086437671343335,34.10653802730165,-10.988225043926661,0.49851128079408036,23966.868231355267,301.125818443183,-7.902392359054156,-0.5134260841288665,1868.530029296875,13.640000343322754,-4.086437671343335,4681541.0,0.03897495858911082,3995109.0,1.2484186696850585,4088723.0,-2.386202810782345,14479356.0,-0.005540548807620116,2333801.0,91770.04698979594,102977.45180099997,1163.2559362077736,120.74108961597707,7.365856667841284,239269028.69752643,-3216.363352607773,870.9289006490139,-37637.1224159087,-0.008047986972876009,0.0022559740054430844,13.649999618530272,10.856044707233877
2014-05-08,290.82,295.88,287.23,288.32,3848376,-1.4997779372074693,301.2128571428571,319.0646666666666,2.6758461075052153,5.664070974419973,2014,5,128,3,2369,-2.5,8.649999999999977,2.9743483941957147,-1.5703813302844871,31.812307386420116,-11.709573227510589,-0.45143429928291445,13347.58601553829,300.80610739941466,-3.902094239948534,-8.58401315946611,1877.3900146484373,13.6899995803833,-1.5703813302844871,7015342.0,0.6623161585662896,2520112.0,1.2363134186038849,4328960.0,1.2812731809292544,6509686.0,-0.03816506930325225,-3166966.0,90729.18530816324,101802.26151511107,1012.0229012480798,137.11410517043274,7.160152391050812,122425720.2505219,-3376.104152955853,853.7679463424488,-20018.41502108328,0.004741687429500985,-0.008047986972876009,13.640000343322754,10.703384430020833
2014-05-09,290.57,293.68,284.38,292.24,4061653,1.359600443951181,299.5142857142857,317.52366666666666,2.6923590287554813,5.677575382487027,2014,5,129,4,2370,1.670000000000016,9.300000000000011,3.2006057060260904,-1.4997779372074693,30.400811770674807,-11.828583078153088,0.05542000054048768,13898.347248836571,300.5781527318441,-1.2930279514845435,-7.045124780359572,1875.27001953125,13.550000190734863,-1.4997779372074693,3848376.0,-4.086437671343335,4681541.0,0.03897495858911082,3995109.0,1.2484186696850585,4088723.0,0.016512921250265933,213277.0,89708.80734693876,100821.27889344444,924.2093563159999,139.91537763676956,7.248797139721159,123477548.33079664,-3456.7851187594583,854.8877107935458,18896.19908970588,-0.0011292246686335217,0.004741687429500985,13.6899995803833,10.769436115021904
2014-05-12,294.3,303.34,294.16,302.86,3734343,3.633999452504799,298.7957142857143,316.3426666666666,2.7934630071125754,5.713270652528509,2014,5,132,0,2373,8.560000000000002,9.17999999999995,3.119266055045854,1.359600443951181,37.70674595800039,-10.93984625938981,-0.08058541682413545,12330.261506966915,300.41757036592975,3.175664050246637,-0.7332344161763444,1880.030029296875,12.460000038146973,1.359600443951181,4061653.0,-1.5703813302844871,7015342.0,0.6623161585662896,2520112.0,1.2363134186038849,4328960.0,0.10110397835709417,-327310.0,89278.87887551023,100072.68275377774,1421.7986907411787,119.68023617908523,7.803435572106433,140809922.82103705,-3313.241838118798,883.6915369046776,44808.163565558774,0.0025383063324473376,-0.0011292246686335217,13.550000190734863,11.173852028450256
2014-05-13,302.61,305.6,300.75,304.64,3508393,0.5877303044310889,298.3142857142857,315.2853333333333,2.7980142089782376,5.719130751603,2014,5,133,1,2374,2.0299999999999727,4.850000000000023,1.6027229767687858,3.633999452504799,40.4739155360214,-9.976877569368469,-0.060505957808374866,11516.521139705883,300.34327523908826,3.3794896224144715,0.917235138497233,1896.75,12.359999656677246,3.633999452504799,3734343.0,-1.4997779372074693,3848376.0,-4.086437671343335,4681541.0,0.03897495858911082,3995109.0,0.004551201865662158,-225950.0,88991.41306122448,99404.84141511109,1638.1378388169946,99.53808603416769,7.828883513644112,141998401.94916874,-3039.35598273241,882.1728425491066,6768.608475426409,0.008893459382336655,0.0025383063324473376,12.460000038146973,11.192056835912922
2014-05-14,302.5,304.64,296.66,297.62,3327769,-2.3043592436974736,296.5385714285714,313.773,2.7877047482369077,5.695817505001904,2014,5,134,2,2375,-4.8799999999999955,7.979999999999961,2.6380165289256072,0.5877303044310889,30.057511855514093,-9.668718310014242,-0.051483399949777575,11181.268059942207,300.38438443474183,6.728408401007362,-9.492792835749185,1897.1300048828125,12.420000076293944,0.5877303044310889,3508393.0,1.359600443951181,4061653.0,-1.5703813302844871,7015342.0,0.6623161585662896,2520112.0,-0.010309460741329879,-180624.0,87935.12434489794,98453.49552900002,903.4540189443703,93.48411375840466,7.771297763342601,100024456.16991228,-2877.603943426439,874.7064819685393,-25765.65841018714,0.00020034526575063438,0.008893459382336655,12.359999656677246,11.15081899294762
2014-05-15,298.02,299.2,290.38,295.19,4298378,-0.816477387272363,296.2257142857143,312.214,2.7884491328661296,5.687619216813782,2014,5,135,3,2376,-2.829999999999984,8.819999999999993,2.959532917253873,-2.3043592436974736,43.667546174142494,-9.510944322656826,0.29166958403663235,14561.394356177378,300.676217159538,-2.3307291713331457,-3.155487988204868,1888.1600341796875,12.729999542236328,-2.3043592436974736,3327769.0,3.633999452504799,3734343.0,-1.4997779372074693,3848376.0,-4.086437671343335,4681541.0,0.0007443846292218836,970609.0,87749.67380408163,97477.581796,1906.8545888708668,90.4580619086781,7.77544856658187,187699619.78891826,-2807.5356546050684,870.5928575686657,-11889.049218974236,-0.0047281792391866695,0.00020034526575063438,12.420000076293944,11.153796531464536
2014-05-16,292.8,298.88,291.55,297.7,3636898,0.8502998069040313,296.93857142857144,311.01666666666665,2.7721837893126215,5.69608626802173,2014,5,136,4,2377,4.899999999999977,7.329999999999984,2.5034153005464423,-0.816477387272363,50.88216761184625,-9.078717474184089,-0.15389060710807656,12216.654350016795,301.27096897336634,-3.951295916127609,0.38032694276125767,1871.18994140625,13.3100004196167,-0.816477387272363,4298378.0,0.5877303044310889,3508393.0,1.359600443951181,4061653.0,-1.5703813302844871,7015342.0,-0.01626534355350806,-661480.0,88172.51520204083,96731.36694444444,2588.9949808800156,82.42311097605551,7.685002961727685,185053253.6231884,-2702.734192064603,862.1953615393804,10387.818834832575,-0.008987634769427877,-0.0047281792391866695,12.729999542236328,11.08873515725054
2014-05-19,295.76,299.0,293.81,296.76,2285284,-0.3157541148807508,298.14428571428573,310.142,2.7197347523783724,5.692923731321325,2014,5,139,0,2380,1.0,5.189999999999998,1.7548011901541785,0.8502998069040313,47.01418673705047,-8.711602792626422,-0.3716392376140326,7700.781776519747,302.1009509194325,-2.909416772411232,-2.431534147021239,1876.6600341796875,13.170000076293944,0.8502998069040313,3636898.0,-2.3043592436974736,3327769.0,3.633999452504799,3734343.0,-1.4997779372074693,3848376.0,-0.05244903693424918,-1351614.0,88890.01510408164,96188.060164,2210.3337545462527,75.89202321649648,7.396957123294646,107440768.72319365,-2585.255244739817,843.5039755721332,-2431.5535337348083,0.002923323096385655,-0.008987634769427877,13.3100004196167,10.878939009513488
2014-05-20,297.1,304.46,296.75,301.19,4095943,1.492788785550614,299.42285714285714,309.5896666666667,2.7248051200124923,5.70774129484338,2014,5,140,1,2381,4.089999999999975,7.7099999999999795,2.595085829686967,-0.3157541148807508,47.60195758564438,-7.971309491774946,0.7923124653215967,13599.19984063216,303.1543741905254,-1.9170046926706144,-0.04736949785478828,1884.8800048828125,12.6899995803833,-0.3157541148807508,2285284.0,-0.816477387272363,4298378.0,0.5877303044310889,3508393.0,1.359600443951181,4061653.0,0.005070367634119943,1810659.0,89654.04737959184,95845.76170677779,2265.9463659854864,63.54177501366134,7.424562942046292,194974904.95921698,-2400.8787058276957,843.5715088362942,20300.733014557383,0.004380106440918574,0.002923323096385655,13.170000076293944,10.899220480049962
2014-05-21,302.21,305.96,301.52,305.01,3408843,1.2683024004781052,299.72999999999996,308.8543333333334,2.676687331165934,5.720344562955179,2014,5,141,2,2382,2.8000000000000114,4.439999999999998,1.469177062307666,1.492788785550614,47.653194263363766,-6.995737139349728,-0.1677513578680172,11176.167994491983,304.56311831205005,0.9389867101342348,-0.49210502218431884,1873.3399658203125,12.380000114440918,1.492788785550614,4095943.0,0.8502998069040313,3636898.0,-2.3043592436974736,3327769.0,3.633999452504799,3734343.0,-0.04811778884655826,-687100.0,89838.07289999997,95390.99921877781,2270.826923501885,48.94033812287712,7.164655068824211,162442257.69230774,-2133.7697848730604,826.7064812090339,14174.760695560753,-0.00612242637865823,0.004380106440918574,12.6899995803833,10.706749324663747
